building_id,latitude,longitude,housing_class,tiv_kes,loss_RP5_kes,depth_RP5_m,loss_RP10_kes,depth_RP10_m,loss_RP25_kes,depth_RP25_m,loss_RP100_kes,depth_RP100_m,loss_RP250_kes,depth_RP250_m,expected_annual_loss_kes,aal_rate,annual_flood_probability,risk_score,risk_class,rank_by_expected_loss,share_of_portfolio_aal,baseline_expected_annual_loss_kes,proxy_susceptibility,ml_hotspot_likelihood,ml_likelihood_std,hotspot_proximity,nearest_hotspot,nearest_hotspot_distance_m,augmented_susceptibility,hazard_source,confidence,ml_risk_drivers,loss_drivers
NBO-0316,-1.206311,36.910658,concrete_rcc,522650000.0,149962332.94016045,1.0130664209536604,193833980.96116313,1.387802040435787,241372938.99222472,1.8182152218066787,278771941.26057637,2.1648161810326787,306533733.5402489,2.5097341537475586,41030248.4560233,0.07850425419692586,0.2,97.0,very_high,1,0.06755798077312695,41030248.4560233,0.6274335384368896,0.0972197105652129,0.09392305035556024,0.0,Mwiki,3868.5260993063534,0.6274335384368896,proxy,medium,s_point=0.627 (-3.79); s_mean_1000=0.38 (-1.72); s_max_1000=0.77 (+1.59),"hazard source: proxy; annual flood probability 20% (top 3% of portfolio); insured value KES 522,650,000 (top 8%); concrete_rcc vulnerability cap 80%"
NBO-0416,-1.181257,36.913667,concrete_rcc,1356500000.0,0.0,0.0,127521041.88430691,0.3052188402264875,304916203.5544933,0.7356320215973793,410232984.62106866,1.0822329808233793,515038380.1383212,1.4271509535382592,34912374.894844234,0.025737099074710088,0.1,82.2,high,2,0.05748465194935566,6486315.445238332,0.1890417337417602,0.8489979070832966,0.08008610317052174,0.0,Mwiki,6127.134846158551,0.3567877383845648,ml_model,low,s_max_1000=0.797 (+1.72); dist_strong_m=68.7 (+1.34); frac_wet_500=1 (+1.28),"hazard source: ml_model; annual flood probability 10% (top 16% of portfolio); insured value KES 1,356,500,000 (top 0%); concrete_rcc vulnerability cap 80%"
NBO-0403,-1.231914,36.931956,concrete_rcc,946115000.0,25128551.454017196,0.08623286389026319,134327792.56692746,0.4609684833723897,245677202.27744412,0.8913816647432815,319132260.3819801,1.2379826239692817,390186459.58668536,1.5829005966841614,31533810.984522484,0.03332978653178787,0.2,89.8,high,3,0.05192170840688754,2305890.891824525,0.1412157714366912,0.7966106540689323,0.10774658693611791,0.9416518206248232,Mwiki,173.37775218022912,0.39572514917104035,known_hotspot,high,s_max_1000=0.858 (+2.00); frac_wet_500=1 (+1.28); s_mean_1000=0.285 (-1.20),"hazard source: known_hotspot; annual flood probability 20% (top 3% of portfolio); insured value KES 946,115,000 (top 2%); concrete_rcc vulnerability cap 80%"
NBO-0452,-1.222582,36.9336,concrete_rcc,380470000.0,103222965.83708657,0.9433206419161848,135159913.93342426,1.3180562613983113,170138035.46698374,1.7484694427692031,197831001.52789414,2.095070401995203,219058726.04659554,2.439988374710083,28724522.112370808,0.07549746921536733,0.2,96.7,very_high,4,0.047296099478040775,28724522.112370808,0.6099970936775208,0.12963879101529024,0.13911044127417985,0.07706943356292342,Mwiki,1132.0442855435072,0.6099970936775208,proxy,medium,s_point=0.61 (-3.67); s_max_1000=0.762 (+1.55); dist_strong_m=0 (+1.45),"hazard source: proxy; annual flood probability 20% (top 3% of portfolio); insured value KES 380,470,000 (top 11%); concrete_rcc vulnerability cap 80%"
NBO-0151,-1.26734,36.901219,concrete_rcc,1108710000.0,0.0,0.0,70724776.14097548,0.207110873503088,217703422.8228337,0.6375240548739798,310931070.7417447,0.9841250140999799,396591807.9801767,1.3290429868148597,23827538.047518194,0.021491226783846268,0.1,76.2,high,5,0.03923301510129834,123515.50985596875,0.0129179852083325,0.7906344535117883,0.11525401613421414,0.1739796112854,Komarock,935.098166812983,0.3322607467037149,ml_model,low,frac_wet_500=0.988 (+1.26); dist_strong_m=264 (+1.03); frac_wet_150=1 (-0.69),"hazard source: ml_model; annual flood probability 10% (top 16% of portfolio); insured value KES 1,108,710,000 (top 1%); concrete_rcc vulnerability cap 80%"
NBO-0311,-1.185447,36.889115,concrete_rcc,743690000.0,0.0,0.0,58271328.96520811,0.2543971634826554,156860274.4521534,0.6848103448535472,216440661.09172574,1.0314113040795472,273899359.6484714,1.376329276794427,17533646.08475392,0.02357655217194519,0.1,79.8,high,6,0.028869864786371432,1242514.7288700968,0.1163301318883895,0.8187645970868985,0.06777222937080668,0.0,Dandora,6875.529250146036,0.34408231919860677,ml_model,low,s_max_1000=0.783 (+1.65); frac_wet_500=1 (+1.28); dist_strong_m=339 (+0.91),"hazard source: ml_model; annual flood probability 10% (top 16% of portfolio); insured value KES 743,690,000 (top 5%); concrete_rcc vulnerability cap 80%"
NBO-0200,-1.306727,36.812002,concrete_rcc,789520000.0,0.0,0.0,34246195.015051596,0.14083106805915446,138910698.02148312,0.5712442494300463,209694401.40693924,0.9178452086560464,270694000.27813804,1.2627631813709261,14660034.23944274,0.018568287363768796,0.1,70.5,medium,7,0.02413834545367621,234139.24658608882,0.0343876369297504,0.5408021363096635,0.0678301087934469,0.75120525650619,Madaraka,378.20388260408726,0.31569079534273153,known_hotspot,high,dist_strong_m=418 (+0.79); dist_wet_m=0 (+0.35); s_max_500=0.442 (-0.27),"hazard source: known_hotspot; annual flood probability 10% (top 16% of portfolio); insured value KES 789,520,000 (top 4%); concrete_rcc vulnerability cap 80%"
NBO-0130,-1.194198,36.949316,concrete_rcc,958965000.0,0.0,0.0,13594655.602637246,0.046027219154353594,140722017.95642513,0.4764404005252454,234333900.09206307,0.8230413597512455,308425095.1618766,1.1679593324661253,13797049.124040382,0.01438743762706708,0.1,59.3,medium,8,0.022717405195507034,13797049.124040382,0.2919898331165313,0.6194855649584395,0.14575106152186373,0.0,Mwiki,4643.967717102061,0.2919898331165313,proxy,high,s_max_1000=0.805 (+1.76); s_point=0.292 (-1.59); s_mean_1000=0.306 (-1.32),"hazard source: proxy; annual flood probability 10% (top 16% of portfolio); insured value KES 958,965,000 (top 2%); concrete_rcc vulnerability cap 80%"
NBO-0466,-1.248392,36.783232,concrete_rcc,526250000.0,0.0,0.0,46354385.73403189,0.2859881280441243,116024386.3538421,0.7164013094150161,156881707.42740297,1.063002268641016,197540638.051033,1.407920241355896,13136103.44469593,0.024961716759517208,0.1,81.5,high,9,0.021629131125095482,13136103.44469593,0.351980060338974,0.10888902209122603,0.10187026891457572,0.7514017303240237,Westlands,378.03097958023363,0.351980060338974,proxy,high,s_point=0.352 (-1.98); dist_strong_m=0 (+1.45); s_max_1000=0.588 (+0.74),"hazard source: proxy; annual flood probability 10% (top 16% of portfolio); insured value KES 526,250,000 (top 7%); concrete_rcc vulnerability cap 80%"
NBO-0533,-1.256164,36.887888,concrete_rcc,485690000.0,0.0,0.0,46582803.42603127,0.311397945739742,109846415.17710547,0.7418111271106338,147554714.03167608,1.0884120863366338,185047556.03995323,1.4333300590515137,12621030.701902092,0.02598577426321747,0.1,82.7,high,10,0.020781042805773604,12621030.701902092,0.3583325147628784,0.31598931648539785,0.13557967542619467,0.3346959963672867,Kariobangi,739.7745037141169,0.3583325147628784,proxy,medium,s_point=0.358 (-2.02); dist_strong_m=0 (+1.45); frac_wet_500=1 (+1.28),"hazard source: proxy; annual flood probability 10% (top 16% of portfolio); insured value KES 485,690,000 (top 8%); concrete_rcc vulnerability cap 80%"
NBO-0362,-1.218859,36.931263,concrete_rcc,827820000.0,0.0,0.0,10986691.908211287,0.04309037909698077,120728520.96736638,0.47350356046787256,201742558.8624279,0.8201045196938727,265701278.00514218,1.1650224924087524,11802993.80174809,0.014257922980536939,0.1,58.8,medium,11,0.01943411162080781,11802993.80174809,0.2912556231021881,0.5953146015005545,0.18490077808785524,0.0,Mwiki,1561.4085139755314,0.2912556231021881,proxy,high,s_max_1000=0.805 (+1.76); s_point=0.291 (-1.58); dist_strong_m=30.7 (+1.40),"hazard source: proxy; annual flood probability 10% (top 16% of portfolio); insured value KES 827,820,000 (top 4%); concrete_rcc vulnerability cap 80%"
NBO-0159,-1.2755,36.909436,concrete_rcc,523215000.0,0.0,0.0,31572793.909204766,0.19592150671097297,100933972.77802387,0.6263346880818648,145421113.53418532,0.9729356473078649,185845555.12324485,1.3178536200227446,10986351.217225505,0.02099777570831399,0.1,74.8,medium,12,0.01808947623350748,232542.7096791492,0.0515363663434982,0.7839780105023499,0.09401027535640803,0.7623056704067116,Komarock,368.3800085954134,0.32946340500568616,ml_model,high,frac_wet_500=0.964 (+1.21); s_max_1000=0.666 (+1.10); dist_strong_m=240 (+1.07),"hazard source: ml_model; annual flood probability 10% (top 16% of portfolio); insured value KES 523,215,000 (top 7%); concrete_rcc vulnerability cap 80%"
NBO-0468,-1.333948,36.907328,concrete_rcc,914905000.0,0.0,0.0,0.0,0.0,109449787.79620506,0.38840803567996973,205526102.604516,0.7350089949059698,276213150.43769836,1.0799269676208496,10558202.350774404,0.011540217127214742,0.04,51.3,medium,13,0.017384511628705208,10558202.350774404,0.2699817419052124,0.4704477653602378,0.1941682708005148,0.0,Fedha,2257.2302066110237,0.2699817419052124,proxy,medium,s_point=0.27 (-1.44); dist_strong_m=30.7 (+1.40); frac_wet_500=1 (+1.28),"hazard source: proxy; annual flood probability 4% (top 40% of portfolio); insured value KES 914,905,000 (top 3%); concrete_rcc vulnerability cap 80%"
NBO-0195,-1.27448,36.865735,concrete_rcc,1055700000.0,0.0,0.0,0.0,0.0,98787223.95782399,0.30381523171621216,211486466.81552958,0.6504161909422123,298715437.95230544,0.995334163657092,10343189.54644775,0.009797470442784645,0.04,47.0,low,14,0.017030484259939818,301339.30065990635,0.0330983623862266,0.5921143938546377,0.1315740009187123,0.19466691613945766,Kiambiu,904.5621325493707,0.248833540914273,ml_model,low,frac_wet_500=0.784 (+0.86); frac_wet_150=0.942 (-0.63); s_max_1000=0.556 (+0.58),"hazard source: ml_model; annual flood probability 4% (top 40% of portfolio); insured value KES 1,055,700,000 (top 2%); concrete_rcc vulnerability cap 80%"
NBO-0198,-1.319233,36.938714,concrete_rcc,1029420000.0,0.0,0.0,0.0,0.0,97590053.32503997,0.30779547947766317,207483824.8345401,0.6543964387036633,292197190.07415473,0.999314411418543,10171641.577167604,0.009880944198837796,0.04,47.3,low,15,0.016748023518257524,224918.56583039678,0.0253351777791976,0.5944822036583357,0.13691840327532342,0.0,Fedha,4488.468751269084,0.24982860285463576,ml_model,low,frac_wet_500=0.874 (+1.03); frac_wet_150=0.934 (-0.62); dist_wet_m=0 (+0.35),"hazard source: ml_model; annual flood probability 4% (top 40% of portfolio); insured value KES 1,029,420,000 (top 2%); concrete_rcc vulnerability cap 80%"
NBO-0224,-1.295518,36.816631,concrete_rcc,1394785000.0,0.0,0.0,0.0,0.0,76074073.63081172,0.17708374090242118,224971689.85633495,0.5236847001284213,355066231.30535054,0.8686026728433011,9958287.349938009,0.007139657617437819,0.04,44.7,low,16,0.016396727064459757,0.0,0.0,0.5167230905060322,0.098164263305722,0.029159644226203086,Madaraka,1329.467858329716,0.21715066821082527,ml_model,low,dist_strong_m=360 (+0.88); s_point=0 (+0.33); frac_wet_150=0.165 (+0.20),"hazard source: ml_model; annual flood probability 4% (top 40% of portfolio); insured value KES 1,394,785,000 (top 0%); concrete_rcc vulnerability cap 80%"
NBO-0572,-1.218469,36.948093,concrete_rcc,831600000.0,0.0,0.0,0.0,0.0,104429678.2850097,0.40771692764460354,190409129.05763704,0.7543178868706036,254659897.1462085,1.0992358595854834,9909319.125886362,0.011915968164846516,0.04,52.0,medium,17,0.016316098882485155,8059248.857147868,0.2475674003362655,0.6539244793027883,0.16601834510264685,0.0,Mwiki,2289.215725568198,0.27480896489637086,ml_model,low,s_max_1000=0.741 (+1.45); s_mean_1000=0.317 (-1.38); s_point=0.248 (-1.30),"hazard source: ml_model; annual flood probability 4% (top 40% of portfolio); insured value KES 831,600,000 (top 4%); concrete_rcc vulnerability cap 80%"
NBO-0423,-1.249578,36.901111,concrete_rcc,633555000.0,0.0,0.0,13935781.26321855,0.0714161249810954,97924431.58523664,0.5018293063519872,158419401.0674506,0.8484302655779873,207368890.45700675,1.193348238292867,9824593.37480629,0.015507088374026392,0.1,62.2,medium,18,0.01617659447103634,1150964.4970631166,0.1210682392120361,0.7099109973057399,0.14505016313126382,0.31677355205077457,Dandora,758.1451401991305,0.29833705957321677,ml_model,low,s_max_1000=0.749 (+1.49); s_mean_1000=0.301 (-1.30); frac_wet_500=1 (+1.28),"hazard source: ml_model; annual flood probability 10% (top 16% of portfolio); insured value KES 633,555,000 (top 6%); concrete_rcc vulnerability cap 80%"
NBO-0384,-1.266942,36.885308,concrete_rcc,841500000.0,0.0,0.0,0.0,0.0,96815373.3291769,0.37354204122653933,186234075.01330185,0.7201430004525394,251249733.1981658,1.0650609731674192,9467653.282439556,0.011250924875150987,0.04,50.5,medium,19,0.015588878022691752,9467653.282439556,0.2662652432918548,0.4357697762317188,0.11333557799563082,0.16399778173343552,Kariobangi,950.7634767030792,0.2662652432918548,proxy,medium,s_point=0.266 (-1.42); frac_wet_500=1 (+1.28); dist_strong_m=127 (+1.25),"hazard source: proxy; annual flood probability 4% (top 40% of portfolio); insured value KES 841,500,000 (top 4%); concrete_rcc vulnerability cap 80%"
NBO-0325,-1.213059,36.774836,concrete_rcc,1116695000.0,0.0,0.0,0.0,0.0,77282795.86175272,0.22469713608667907,196493443.7759192,0.5712980953126792,296183694.0672718,0.916216068027559,9087893.66021632,0.008138205741242075,0.04,45.3,low,20,0.014963588285924364,0.0,0.0,0.5450478257138562,0.17609428113445255,0.0,Kitisuru,3067.13625408814,0.22905401700688974,ml_model,low,dist_strong_m=197 (+1.14); s_max_1000=0.609 (+0.84); s_max_500=0.609 (-0.53),"hazard source: ml_model; annual flood probability 4% (top 40% of portfolio); insured value KES 1,116,695,000 (top 1%); concrete_rcc vulnerability cap 80%"
NBO-0421,-1.245747,36.759842,concrete_rcc,391420000.0,0.0,0.0,21718517.16242596,0.18015090213012264,73607994.01770185,0.6105640835010144,107407593.18942259,0.9571650427270145,137649338.79455563,1.3020830154418943,7946723.152762156,0.020302292046298492,0.1,73.3,medium,21,0.013084604411769191,7946723.152762156,0.3255207538604736,0.1078987954063219,0.10820393084415017,0.022225750747739508,Kitisuru,1379.5839442974884,0.3255207538604736,proxy,medium,s_point=0.326 (-1.81); dist_strong_m=0 (+1.45); frac_wet_500=0.152 (-0.40),"hazard source: proxy; annual flood probability 10% (top 16% of portfolio); insured value KES 391,420,000 (top 11%); concrete_rcc vulnerability cap 80%"
NBO-0049,-1.289351,36.842097,concrete_rcc,716255000.0,0.0,0.0,0.0,0.0,71397644.7296383,0.3236424664909676,147860083.10516724,0.6702434257169677,205848931.74517187,1.0151613984318475,7315318.030942937,0.010213287210480817,0.04,48.7,low,22,0.01204497007649003,883847.6981921822,0.1021496728062629,0.6039094186102759,0.12262018502920688,0.0,Kiambiu,2496.512953041945,0.2537903496079619,ml_model,low,dist_strong_m=123 (+1.26); frac_wet_500=0.795 (+0.88); frac_wet_150=0.967 (-0.65),"hazard source: ml_model; annual flood probability 4% (top 40% of portfolio); insured value KES 716,255,000 (top 5%); concrete_rcc vulnerability cap 80%"
NBO-0146,-1.209838,36.867674,concrete_rcc,266365000.0,0.0,0.0,26804373.644061066,0.3267215555949259,61156919.50346561,0.7571347369658177,81837129.15241392,1.1037356961918179,102342033.24884981,1.4486536689066976,7085873.826666238,0.026602120498812675,0.1,83.2,high,23,0.011667180817971533,0.0,0.0,0.861789658578926,0.0666063856713733,0.0,Mathare,5416.261499528308,0.3621634172266744,ml_model,low,s_max_1000=0.794 (+1.70); dist_strong_m=492 (+0.67); s_point=0 (+0.33),"hazard source: ml_model; annual flood probability 10% (top 16% of portfolio); insured value KES 266,365,000 (top 13%); concrete_rcc vulnerability cap 80%"
NBO-0051,-1.288834,36.941566,concrete_rcc,706790000.0,0.0,0.0,0.0,0.0,66715354.39807359,0.3064676827632521,142167374.7252477,0.6530686419892522,200409598.90710828,0.997986614704132,6964070.885317528,0.009853097646143165,0.04,47.2,low,24,0.0114666272975958,6964070.885317528,0.249496653676033,0.5088684281421402,0.14112591569055052,0.0,Kayole,3481.9686070653474,0.249496653676033,proxy,high,s_point=0.249 (-1.31); frac_wet_500=1 (+1.28); dist_strong_m=111 (+1.27),"hazard source: proxy; annual flood probability 4% (top 40% of portfolio); insured value KES 706,790,000 (top 5%); concrete_rcc vulnerability cap 80%"
NBO-0305,-1.310833,36.773989,concrete_rcc,838115000.0,0.0,0.0,0.0,0.0,57644398.40984418,0.22330722835684758,147115768.99588752,0.5699081875828477,222034314.12369624,0.9148261602977275,6796321.969234837,0.008109056596332051,0.04,45.2,low,25,0.011190421852250425,0.0,0.0,0.5442209834301158,0.18827458738039343,0.0,Kibera,1669.647846639271,0.22870654007443186,ml_model,low,dist_strong_m=194 (+1.14); s_max_1000=0.609 (+0.83); s_max_150=0.469 (-0.56),"hazard source: ml_model; annual flood probability 4% (top 40% of portfolio); insured value KES 838,115,000 (top 4%); concrete_rcc vulnerability cap 80%"
NBO-0099,-1.260843,36.851111,concrete_rcc,543755000.0,0.0,0.0,0.0,0.0,70672313.19050841,0.42198336071731846,126239730.98353453,0.7685843199433186,168251126.36833635,1.1135022926581983,6630327.135854854,0.012193592952441549,0.04,53.0,medium,26,0.010917104575755187,1750686.6386826027,0.1666184812784195,0.6624114384364733,0.1573627942795864,0.0,Mathare,2256.7207288408003,0.2783755731645496,ml_model,low,s_max_1000=0.723 (+1.37); frac_wet_500=0.983 (+1.25); dist_strong_m=215 (+1.11),"hazard source: ml_model; annual flood probability 4% (top 40% of portfolio); insured value KES 543,755,000 (top 7%); concrete_rcc vulnerability cap 80%"
NBO-0144,-1.310914,36.773765,concrete_rcc,760755000.0,0.0,0.0,0.0,0.0,56170294.03053783,0.2397238066325338,137383245.15321836,0.5863247658585339,204337555.58668545,0.9312427385734137,6430924.533238931,0.008453345075929741,0.04,45.7,low,27,0.01058878004201329,0.0,0.0,0.5539870425585997,0.1892081523553782,0.0,Kibera,1694.2636297586798,0.23281068464335342,ml_model,low,dist_strong_m=154 (+1.21); s_max_1000=0.609 (+0.83); s_max_150=0.512 (-0.63),"hazard source: ml_model; annual flood probability 4% (top 40% of portfolio); insured value KES 760,755,000 (top 5%); concrete_rcc vulnerability cap 80%"
NBO-0024,-1.198924,36.910241,concrete_rcc,229970000.0,0.0,0.0,24981090.862231486,0.3526870368499715,54138260.80927243,0.7831002182208633,71992813.07014996,1.1297011774468633,89612414.85216618,1.4746191501617432,6357866.54462364,0.02764650408585311,0.1,84.5,high,28,0.010468487078262773,6357866.54462364,0.3686547875404358,0.30894820163912323,0.18421715464025115,0.0,Mwiki,4550.423232294654,0.3686547875404358,proxy,medium,s_point=0.369 (-2.09); s_max_1000=0.833 (+1.88); s_mean_1000=0.366 (-1.65),"hazard source: proxy; annual flood probability 10% (top 16% of portfolio); insured value KES 229,970,000 (top 13%); concrete_rcc vulnerability cap 80%"
NBO-0020,-1.268428,36.826895,concrete_rcc,579255000.0,0.0,0.0,0.0,0.0,57546383.98425391,0.32255036044537455,119383648.28428255,0.6691513196713746,166333954.58330876,1.0140692923862544,5902830.630491672,0.010190383562492637,0.04,48.5,low,29,0.009719251850721837,204840.52167952055,0.0410050489008426,0.6032597355864004,0.15958734567668836,0.0,Parklands,1904.1896769932755,0.2535173230965636,ml_model,low,dist_strong_m=154 (+1.21); s_max_1000=0.582 (+0.71); s_max_150=0.509 (-0.62),"hazard source: ml_model; annual flood probability 4% (top 40% of portfolio); insured value KES 579,255,000 (top 6%); concrete_rcc vulnerability cap 80%"
NBO-0339,-1.310599,36.826601,concrete_rcc,439535000.0,0.0,0.0,1831008.9300813389,0.013525280554621988,60098959.49362865,0.4439384619255138,104205322.76258606,0.7905394211515139,138164511.4973266,1.1354573938663937,5693781.281827631,0.012954102134818913,0.1,54.7,medium,30,0.00937504355539998,2918102.131215502,0.2111832946538925,0.4514887937455888,0.15881506576248527,0.6754723097685121,Nairobi West,442.91258427745134,0.2838643484665984,known_hotspot,high,dist_strong_m=68.7 (+1.34); s_point=0.211 (-1.06); frac_wet_500=0.875 (+1.04),"hazard source: known_hotspot; annual flood probability 10% (top 16% of portfolio); insured value KES 439,535,000 (top 9%); concrete_rcc vulnerability cap 80%"
NBO-0218,-1.235727,36.901794,permanent_masonry,58185000.0,20162162.313244883,0.8953694204501204,26825118.524537336,1.2701050399322469,33404823.595435087,1.7005182213031387,37731893.31343582,2.0471191805291387,41344322.71707058,2.3920371532440186,5625918.998081149,0.09669019503447879,0.2,98.2,very_high,31,0.009263305532037065,5625918.998081149,0.5980092883110046,0.16826179091483573,0.14509080708870067,0.07897530977769544,Dandora,1126.6365895495626,0.5980092883110046,proxy,medium,s_point=0.598 (-3.59); s_max_1000=0.967 (+2.52); dist_strong_m=0 (+1.45),"hazard source: proxy; annual flood probability 20% (top 3% of portfolio); insured value KES 58,185,000 (top 23%); permanent_masonry vulnerability cap 85%"
NBO-0075,-1.242933,36.931356,concrete_rcc,161250000.0,5653804.090528748,0.11383880178251782,24265048.632108558,0.48857442126464434,42868832.207195565,0.9189876026355361,55388058.85443868,1.2655885618615361,67435777.52709389,1.610506534576416,5622027.046488476,0.034865284009230856,0.2,90.3,very_high,32,0.009256897274696155,5622027.046488476,0.402626633644104,0.40769906587643107,0.24263992400818346,0.07059030019540392,Mwiki,1151.2737586955357,0.402626633644104,proxy,medium,s_point=0.403 (-2.31); s_max_1000=0.868 (+2.05); dist_strong_m=0 (+1.45),"hazard source: proxy; annual flood probability 20% (top 3% of portfolio); insured value KES 161,250,000 (top 14%); concrete_rcc vulnerability cap 80%"
NBO-0335,-1.204821,36.777835,concrete_rcc,499980000.0,0.0,0.0,0.0,0.0,49664764.01035388,0.3225113680544227,103039176.66924906,0.6691123272804228,143565650.7437299,1.0140302999953026,5094579.1157185165,0.010189565814069596,0.04,48.3,low,33,0.008388432702662799,0.0,0.0,0.6032365394008615,0.16090340590723365,0.0,Kitisuru,4025.558848959261,0.25350757499882565,ml_model,low,dist_strong_m=343 (+0.91); s_max_1000=0.609 (+0.84); s_max_500=0.556 (-0.45),"hazard source: ml_model; annual flood probability 4% (top 40% of portfolio); insured value KES 499,980,000 (top 8%); concrete_rcc vulnerability cap 80%"
NBO-0204,-1.336469,36.921711,concrete_rcc,563530000.0,0.0,0.0,0.0,0.0,45041295.185275376,0.2595034361626962,105199867.05948475,0.6061043953886963,153860038.26181942,0.9510223681035761,4997476.158240853,0.008868163466436308,0.04,46.2,low,34,0.008228548715089072,0.0,0.0,0.5657537474277358,0.14378917037967587,0.0,Fedha,3465.4731733034964,0.23775559202589402,ml_model,low,frac_wet_500=0.744 (+0.78); s_point=0 (+0.33); dist_wet_m=30.7 (+0.30),"hazard source: ml_model; annual flood probability 4% (top 40% of portfolio); insured value KES 563,530,000 (top 7%); concrete_rcc vulnerability cap 80%"
NBO-0149,-1.201048,36.932221,permanent_masonry,43470000.0,19580841.219267756,1.2348164419344954,24086790.184151724,1.6095520614166219,28133512.038715176,2.0399652427875137,30845525.904274937,2.3865662020135137,33544371.07357979,2.7314841747283936,4962023.381229716,0.1141482259312104,0.2,99.0,very_high,35,0.00817017426897185,4962023.381229716,0.6828710436820984,0.08567422561875514,0.11483622356014887,0.0,Mwiki,3527.8332006438495,0.6828710436820984,proxy,medium,s_point=0.683 (-4.15); s_max_1000=0.784 (+1.66); dist_strong_m=0 (+1.45),"hazard source: proxy; annual flood probability 20% (top 3% of portfolio); insured value KES 43,470,000 (top 29%); permanent_masonry vulnerability cap 85%"
NBO-0444,-1.290744,36.843866,concrete_rcc,590960000.0,0.0,0.0,0.0,0.0,43129992.45798447,0.2369575657327131,106216801.74015714,0.5835585249587132,158364713.51860178,0.928476497673593,4961305.086562342,0.008395331471778702,0.04,45.5,low,36,0.008168991567449097,1003081.3354153166,0.1171948462724685,0.5523414333617496,0.13747508201900702,0.0,Kiambiu,2367.929073626097,0.23211912441839824,ml_model,low,dist_strong_m=332 (+0.93); frac_wet_500=0.708 (+0.70); frac_wet_150=0.769 (-0.44),"hazard source: ml_model; annual flood probability 4% (top 40% of portfolio); insured value KES 590,960,000 (top 6%); concrete_rcc vulnerability cap 80%"
NBO-0491,-1.22655,36.947095,permanent_masonry,43385000.0,19450902.248222113,1.2277747492007307,23972480.715967268,1.6025103686828572,28023509.879434742,2.032923550053749,30730220.750318345,2.379524509279749,33423788.674640656,2.724442481994629,4938512.008491266,0.11382994141964424,0.2,98.8,very_high,37,0.008131461832971944,4938512.008491266,0.6811106204986572,0.07820292774748604,0.12084315206545727,0.0,Mwiki,1685.0122144122345,0.6811106204986572,proxy,medium,s_point=0.681 (-4.14); s_mean_1000=0.341 (-1.51); s_mean_150=0.597 (+1.50),"hazard source: proxy; annual flood probability 20% (top 3% of portfolio); insured value KES 43,385,000 (top 30%); permanent_masonry vulnerability cap 85%"
NBO-0571,-1.343186,36.934871,concrete_rcc,404475000.0,0.0,0.0,0.0,0.0,46471044.79274588,0.3730268015597089,89468502.23381113,0.719627760785709,120718898.36491373,1.0645457335005888,4546662.344436561,0.011240898311234466,0.04,50.3,medium,38,0.007486265348272671,297147.9547962515,0.0851868018507957,0.6332876683407013,0.13397774828132658,0.0,Fedha,5070.835303287804,0.2661364333751472,ml_model,low,frac_wet_500=0.986 (+1.26); frac_wet_150=1 (-0.69); s_max_1000=0.517 (+0.40),"hazard source: ml_model; annual flood probability 4% (top 40% of portfolio); insured value KES 404,475,000 (top 10%); concrete_rcc vulnerability cap 80%"
NBO-0388,-1.278278,36.710888,concrete_rcc,430330000.0,0.0,0.0,0.0,0.0,42458990.44967208,0.32034453813663455,88398050.01105927,0.6669454973626346,123357286.38557431,1.0118634700775144,4365320.4751333315,0.010144123057033745,0.04,47.8,low,39,0.00718767854997723,4365320.4751333315,0.2529658675193786,0.15082363708373608,0.09548608726470385,0.0,Kawangware,4530.668046268262,0.2529658675193786,proxy,medium,s_point=0.253 (-1.33); dist_strong_m=92.1 (+1.30); s_max_150=0.367 (-0.39),"hazard source: proxy; annual flood probability 4% (top 40% of portfolio); insured value KES 430,330,000 (top 10%); concrete_rcc vulnerability cap 80%"
NBO-0578,-1.255227,36.862573,concrete_rcc,219745000.0,0.0,0.0,11276023.841008976,0.16660432326679975,40407016.35943573,0.5970175046376915,59632318.412546836,0.9436184638636916,76610174.39333464,1.2885364365785714,4330050.595634512,0.019704887918425954,0.1,72.0,medium,40,0.007129605252088097,0.0,0.0,0.7665375096751802,0.11694337283053266,0.12017091881582527,Mathare,1029.281357579501,0.32213410914464286,ml_model,low,dist_strong_m=130 (+1.24); s_max_1000=0.647 (+1.01); frac_wet_500=0.816 (+0.92),"hazard source: ml_model; annual flood probability 10% (top 16% of portfolio); insured value KES 219,745,000 (top 14%); concrete_rcc vulnerability cap 80%"
NBO-0308,-1.253911,36.823871,permanent_masonry,56055000.0,13263669.426986903,0.5519338945559553,19985527.075009495,0.9266695140380818,27305781.147345006,1.3570826954089736,32220997.19732396,1.7036836546349736,36365585.55979729,2.0486016273498535,4325322.837451043,0.07716212358310663,0.2,96.8,very_high,41,0.007121820805040423,4325322.837451043,0.5121504068374634,0.07757964839573314,0.13716731486103922,0.0,Parklands,1789.5294114882263,0.5121504068374634,proxy,medium,s_point=0.512 (-3.03); dist_strong_m=0 (+1.45); s_max_1000=0.668 (+1.11),"hazard source: proxy; annual flood probability 20% (top 3% of portfolio); insured value KES 56,055,000 (top 24%); permanent_masonry vulnerability cap 85%"
NBO-0561,-1.295388,36.849583,concrete_rcc,432790000.0,0.0,0.0,0.0,0.0,40139568.02651536,0.3011235768233128,86341240.20268889,0.6477245360493129,122199088.3064443,0.9926425087641927,4215816.502986701,0.00974102105637076,0.04,46.8,low,42,0.006941514150397401,177457.58560478326,0.0475454106926918,0.5905131551314343,0.11965837836738055,0.0,Kiambiu,2118.6113786134765,0.24816062719104817,ml_model,low,s_max_1000=0.552 (+0.57); dist_strong_m=645 (+0.43); dist_wet_m=0 (+0.35),"hazard source: ml_model; annual flood probability 4% (top 40% of portfolio); insured value KES 432,790,000 (top 10%); concrete_rcc vulnerability cap 80%"
NBO-0588,-1.194468,36.887787,permanent_masonry,92395000.0,3157177.9175066315,0.07766009370604054,18391604.844809107,0.45239571318816707,31645180.900090955,0.8828088945590589,41468997.03214116,1.229409853785059,50480204.2964816,1.5743278264999387,4153023.8006180655,0.044948577310656046,0.2,94.0,very_high,43,0.006838123399940217,4153023.8006180655,0.3935819566249847,0.47960883407310356,0.1923351520177114,0.0,Dandora,5966.012874975725,0.3935819566249847,proxy,medium,s_point=0.394 (-2.25); s_max_1000=0.806 (+1.76); dist_strong_m=0 (+1.45),"hazard source: proxy; annual flood probability 20% (top 3% of portfolio); insured value KES 92,395,000 (top 16%); permanent_masonry vulnerability cap 85%"
NBO-0492,-1.20285,36.871324,permanent_masonry,36180000.0,16410743.277288385,1.2452868322543196,20130730.706841417,1.620022451736446,23483657.01704823,2.050435633107338,25740861.10391163,2.397036592333338,27987104.909420013,2.7419545650482178,4147005.4204152524,0.11462148757366646,0.2,99.3,very_high,44,0.006828213890996766,4147005.4204152524,0.6854886412620544,0.09927832007907018,0.1580188590410488,0.0,Dandora,6066.335893043845,0.6854886412620544,proxy,medium,s_point=0.685 (-4.17); s_max_1000=0.806 (+1.76); dist_strong_m=0 (+1.45),"hazard source: proxy; annual flood probability 20% (top 3% of portfolio); insured value KES 36,180,000 (top 33%); permanent_masonry vulnerability cap 85%"
NBO-0027,-1.255159,36.817647,concrete_rcc,239875000.0,0.0,0.0,8218046.918183681,0.11123281089560555,40017618.37763722,0.5416459922664973,62119785.19759487,0.8882469514924974,80652917.70751078,1.2331649242073772,4140963.137957653,0.01726300422285629,0.1,67.5,medium,45,0.006818265026014048,0.0,0.0,0.7335975477190672,0.13064608833446315,0.06318092266870123,Parklands,1175.1069908533996,0.3082912310518443,ml_model,low,s_max_1000=0.668 (+1.11); dist_strong_m=215 (+1.11); s_max_500=0.562 (-0.46),"hazard source: ml_model; annual flood probability 10% (top 16% of portfolio); insured value KES 239,875,000 (top 13%); concrete_rcc vulnerability cap 80%"
NBO-0336,-1.31156,36.933433,concrete_rcc,425295000.0,0.0,0.0,0.0,0.0,31995936.424883835,0.24426083182356262,77397494.15072252,0.5908617910495627,114665769.83716448,0.9357797637644425,3635632.422692929,0.008548495568235998,0.04,45.8,low,46,0.005986217353124243,142987.3957523657,0.0389851070940494,0.5566860737171592,0.1481268873058648,0.0,Tassia,3904.2196445157824,0.23394494094111062,ml_model,low,frac_wet_500=0.917 (+1.12); frac_wet_150=0.942 (-0.63); dist_strong_m=1.18e+03 (-0.40),"hazard source: ml_model; annual flood probability 4% (top 40% of portfolio); insured value KES 425,295,000 (top 10%); concrete_rcc vulnerability cap 80%"
NBO-0158,-1.323821,36.781637,concrete_rcc,376910000.0,0.0,0.0,0.0,0.0,34095079.33593093,0.2936995822139059,74331388.5388274,0.640300541439906,105794471.07809798,0.9852185141547858,3612804.861362471,0.009585325041422278,0.04,46.7,low,47,0.005948630840551369,0.0,0.0,0.5860966945811628,0.15930772058820616,0.09987088441725973,Lang'ata,1073.2839985486874,0.24630462853869645,ml_model,low,s_max_1000=0.609 (+0.83); frac_wet_500=0.00367 (-0.69); frac_wet_150=0 (+0.38),"hazard source: ml_model; annual flood probability 4% (top 40% of portfolio); insured value KES 376,910,000 (top 12%); concrete_rcc vulnerability cap 80%"
NBO-0029,-1.341011,36.910065,concrete_rcc,398200000.0,0.0,0.0,0.0,0.0,31525887.417819448,0.2570486623068373,74034970.02266777,0.6036496215328374,108501193.99059477,0.9485675942477172,3510802.7521440587,0.008816681949131237,0.04,46.0,low,48,0.005780680199433955,349352.22883031017,0.0905699282884597,0.5642934268773273,0.12608406302085665,0.0,Fedha,3097.492220666914,0.2371418985619293,ml_model,low,frac_wet_500=0.836 (+0.96); dist_strong_m=523 (+0.62); frac_wet_150=0.893 (-0.57),"hazard source: ml_model; annual flood probability 4% (top 40% of portfolio); insured value KES 398,200,000 (top 10%); concrete_rcc vulnerability cap 80%"
NBO-0233,-1.188452,36.919106,permanent_masonry,130825000.0,0.0,0.0,8922863.77443467,0.15501040207137695,32357672.89722714,0.5854235834422687,46867775.45426441,0.9320245426682688,60582801.37250013,1.2769425153831486,3437623.9501142553,0.02627650640255498,0.1,83.0,high,49,0.005660188311459435,675958.3461708615,0.1766581684350967,0.75964040127512,0.09819016583285574,0.0,Mwiki,5171.970758474766,0.31923562884578716,ml_model,low,s_max_1000=0.76 (+1.55); frac_wet_500=1 (+1.28); dist_strong_m=307 (+0.96),"hazard source: ml_model; annual flood probability 10% (top 16% of portfolio); insured value KES 130,825,000 (top 14%); permanent_masonry vulnerability cap 85%"
NBO-0544,-1.257331,36.882131,permanent_masonry,76430000.0,1955489.5292585213,0.05814855926571316,14557548.623946851,0.4328841787478397,25699981.514839888,0.8632973601187315,33856158.56425535,1.2098983193447315,41429614.02446554,1.5548162920596114,3318295.6868743245,0.04341614139571274,0.2,93.8,very_high,50,0.005463709449716875,67420.42823834415,0.0716006457805633,0.7407412194677412,0.12962856458109645,0.9249447471446012,Kariobangi,197.51110863750802,0.38870407301490284,known_hotspot,high,frac_wet_500=0.994 (+1.27); dist_strong_m=130 (+1.24); s_max_1000=0.672 (+1.13),"hazard source: known_hotspot; annual flood probability 20% (top 3% of portfolio); insured value KES 76,430,000 (top 18%); permanent_masonry vulnerability cap 85%"
NBO-0426,-1.315744,36.762556,concrete_rcc,296295000.0,0.0,0.0,0.0,0.0,30543302.069064617,0.33468862167535973,62173710.48293587,0.6812895809013598,85887177.4301141,1.0262075536162396,3094785.6238115523,0.010444947177007889,0.04,49.5,low,51,0.005095690997204226,0.0,0.0,0.6104806664587361,0.11998074072296637,0.0,Kibera,2980.3105361896623,0.2565518884040599,ml_model,low,dist_strong_m=348 (+0.90); s_max_1000=0.516 (+0.40); s_point=0 (+0.33),"hazard source: ml_model; annual flood probability 4% (top 40% of portfolio); insured value KES 296,295,000 (top 12%); concrete_rcc vulnerability cap 80%"
NBO-0203,-1.344032,36.870461,permanent_masonry,70840000.0,1795693.2019442911,0.0576104025057842,13476052.566954382,0.4323460219879107,23808115.829100024,0.8627592033588025,31368522.17525223,1.2093601625848027,38391113.88301849,1.5542781352996824,3072605.274098736,0.04337387456378791,0.2,93.7,very_high,52,0.005059170145007932,3072605.274098736,0.3885695338249206,0.28943480110868625,0.16209438375019833,0.0,Fedha,4433.770572652597,0.3885695338249206,proxy,medium,s_point=0.389 (-2.22); dist_strong_m=0 (+1.45); frac_wet_500=0.987 (+1.26),"hazard source: proxy; annual flood probability 20% (top 3% of portfolio); insured value KES 70,840,000 (top 20%); permanent_masonry vulnerability cap 85%"
NBO-0065,-1.209508,36.895722,permanent_masonry,107485000.0,0.0,0.0,8989564.575286036,0.19008074224492288,27791112.60155067,0.6204939236158147,39712521.91432078,0.9670948828418148,50905310.5338534,1.3120128555566946,3040927.8012874112,0.028291648148926932,0.1,85.0,high,53,0.0050070118915325115,341729.6799910092,0.1351150274276733,0.780503397816741,0.09682919520245897,0.0,Dandora,4101.305946690145,0.32800321388917364,ml_model,low,s_max_1000=0.758 (+1.53); dist_strong_m=43.4 (+1.38); frac_wet_500=1 (+1.28),"hazard source: ml_model; annual flood probability 10% (top 16% of portfolio); insured value KES 107,485,000 (top 15%); permanent_masonry vulnerability cap 85%"
NBO-0557,-1.267599,36.862228,concrete_rcc,195090000.0,0.0,0.0,3027855.9661828475,0.050390595053079856,28890402.69270621,0.48080377642397165,47863119.332661465,0.8274047356499717,62936089.927177355,1.1723227083648515,2844385.3759445553,0.01457986250420091,0.1,59.8,medium,54,0.004683396756551111,22879.63347172865,0.0135989477857947,0.6974031186822864,0.14240916988205882,0.01650014766295269,Mathare,1432.5477215167714,0.2930806770912129,ml_model,low,s_max_1000=0.647 (+1.01); frac_wet_500=0.726 (+0.74); dist_strong_m=543 (+0.59),"hazard source: ml_model; annual flood probability 10% (top 16% of portfolio); insured value KES 195,090,000 (top 14%); concrete_rcc vulnerability cap 80%"
NBO-0301,-1.196509,36.858876,permanent_masonry,95790000.0,0.0,0.0,8732869.56118275,0.20719731517767914,25291947.028604034,0.6376104965485709,35916236.91156677,0.984211455774571,45858392.38650135,1.3291294284894508,2804268.1922955127,0.0292751664296431,0.1,86.7,high,55,0.00461734217429483,0.0,0.0,0.7906858768042093,0.06549446931173689,0.0,Mathare,7020.081484168984,0.3322823571223627,ml_model,low,s_max_1000=0.663 (+1.09); dist_strong_m=338 (+0.92); s_point=0 (+0.33),"hazard source: ml_model; annual flood probability 10% (top 16% of portfolio); insured value KES 95,790,000 (top 16%); permanent_masonry vulnerability cap 85%"
NBO-0569,-1.227372,36.910585,permanent_masonry,51120000.0,4818961.254814017,0.2142446140460066,12701974.252146613,0.5889802335281331,19723017.410891447,1.019393414899025,25038489.72158138,1.365994374125025,29465604.617500305,1.7109123468399048,2801593.8337135124,0.054804261222877786,0.2,96.0,very_high,56,0.004612938733602608,2801593.8337135124,0.4277280867099762,0.5056637330141459,0.19346374223766552,0.0,Dandora,2013.228892100122,0.4277280867099762,proxy,high,s_point=0.428 (-2.48); s_max_1000=0.869 (+2.06); dist_strong_m=0 (+1.45),"hazard source: proxy; annual flood probability 20% (top 3% of portfolio); insured value KES 51,120,000 (top 26%); permanent_masonry vulnerability cap 85%"
NBO-0209,-1.241941,36.938785,permanent_masonry,24420000.0,11008755.72507055,1.2360299925021223,13537677.173824178,1.6107656119842488,15809805.504071856,2.0411787933551406,17333324.68044566,2.3877797525811406,18849446.121311188,2.7326977252960205,2788839.1749398955,0.11420307841686714,0.2,99.2,very_high,57,0.004591937666716081,2788839.1749398955,0.6831744313240051,0.10150246349263495,0.12664169200465475,0.05854284061858509,Mwiki,1191.2171243085988,0.6831744313240051,proxy,medium,s_point=0.683 (-4.15); s_max_1000=0.848 (+1.96); dist_strong_m=0 (+1.45),"hazard source: proxy; annual flood probability 20% (top 3% of portfolio); insured value KES 24,420,000 (top 39%); permanent_masonry vulnerability cap 85%"
NBO-0365,-1.245682,36.872151,permanent_masonry,74420000.0,0.0,0.0,9452554.546702104,0.28867345492115093,21589816.79131322,0.7190866362920427,29746141.257535826,1.065687595518043,37446779.91636823,1.4106055682329226,2525304.1213954855,0.033933137884916496,0.1,90.0,very_high,58,0.004158016431764733,16045.42682959429,0.0175005178898572,0.8391552219340547,0.09326118150299041,0.01779769058290529,Mathare,1419.2756202786684,0.35265139205823065,ml_model,low,s_max_1000=0.804 (+1.75); frac_wet_500=0.857 (+1.00); s_mean_1000=0.19 (-0.69),"hazard source: ml_model; annual flood probability 10% (top 16% of portfolio); insured value KES 74,420,000 (top 19%); permanent_masonry vulnerability cap 85%"
NBO-0324,-1.327675,36.927681,concrete_rcc,310620000.0,0.0,0.0,0.0,0.0,18043293.2273878,0.18859738866828346,51202939.73346008,0.5351983478942836,79874707.85770652,0.8801163206091633,2292724.065438678,0.007381121838383485,0.04,44.8,low,59,0.0037750638653091884,471740.29096275446,0.111393854022026,0.5235724450412875,0.12090848685979215,0.0,Fedha,3508.353721623839,0.22002908015229083,ml_model,low,frac_wet_500=0.801 (+0.89); frac_wet_150=0.868 (-0.55); s_max_1000=0.533 (+0.48),"hazard source: ml_model; annual flood probability 4% (top 40% of portfolio); insured value KES 310,620,000 (top 12%); concrete_rcc vulnerability cap 80%"
NBO-0141,-1.249756,36.907099,permanent_masonry,46335000.0,2456921.867317204,0.1205117801837019,10096806.835947111,0.4952473996658284,16505054.56714766,0.9256605810367202,21391871.540421944,1.2722615402627202,25752042.801439762,1.6171795129776,2238636.083100947,0.04831414876661157,0.2,94.3,very_high,60,0.0036860057920989776,2238636.083100947,0.4042948782444,0.3356100661622457,0.14109192181763228,0.5451019286405892,Dandora,550.8096208207013,0.4042948782444,proxy,medium,s_point=0.404 (-2.32); s_max_1000=0.749 (+1.49); dist_strong_m=0 (+1.45),"hazard source: proxy; annual flood probability 20% (top 3% of portfolio); insured value KES 46,335,000 (top 28%); permanent_masonry vulnerability cap 85%"
NBO-0171,-1.212602,36.943006,permanent_masonry,136925000.0,0.0,0.0,0.0,0.0,23174669.496503606,0.38466097061270443,40256472.71781268,0.7312619298387045,55160779.947144866,1.0761799025535843,2153602.095893305,0.015728333729365017,0.04,63.3,medium,61,0.0035459938572701285,1666608.9871624168,0.2369648814201355,0.6402087197909057,0.14100792632727624,0.0,Mwiki,2488.942582427478,0.2690449756383961,ml_model,low,s_max_1000=0.729 (+1.40); frac_wet_500=1 (+1.28); s_point=0.237 (-1.23),"hazard source: ml_model; annual flood probability 4% (top 40% of portfolio); insured value KES 136,925,000 (top 14%); permanent_masonry vulnerability cap 85%"
NBO-0391,-1.303499,36.883827,permanent_masonry,78850000.0,0.0,0.0,5901684.890254756,0.1701067876363278,19883319.857990168,0.6005199690072196,28628755.2611806,0.9471209282332197,36871180.2019273,1.2920389009480995,2140300.04094468,0.02714394471711706,0.1,83.8,high,62,0.0035240914802122498,9806.15122697495,0.0100945318117737,0.7686210908913024,0.09268862759893606,0.35492579746540037,Donholm,719.668858774272,0.32300972523702487,ml_model,low,s_max_1000=0.627 (+0.92); frac_wet_500=0.749 (+0.79); dist_strong_m=480 (+0.69),"hazard source: ml_model; annual flood probability 10% (top 16% of portfolio); insured value KES 78,850,000 (top 18%); permanent_masonry vulnerability cap 85%"
NBO-0210,-1.291279,36.929862,concrete_rcc,283520000.0,0.0,0.0,0.0,0.0,15096335.810590683,0.17287696567124933,45362973.43019539,0.5194779248972494,71907669.57558195,0.8643958976121292,1999222.3202491712,0.007051433127289684,0.04,44.5,low,63,0.0032918012479832364,910051.6144008783,0.1663005650043487,0.5142205217637558,0.11881201737773113,0.0,Kayole,2967.0158415936903,0.2160989744030323,ml_model,low,frac_wet_500=1 (+1.28); dist_strong_m=434 (+0.76); s_point=0.166 (-0.76),"hazard source: ml_model; annual flood probability 4% (top 40% of portfolio); insured value KES 283,520,000 (top 12%); concrete_rcc vulnerability cap 80%"
NBO-0418,-1.225647,36.840018,permanent_masonry,69265000.0,0.0,0.0,5951374.404042281,0.1952768485999843,18024194.376298472,0.6256900299708761,25706535.317350924,0.9722909891968762,32912143.624045335,1.317208961911756,1980301.3403374474,0.02859021642008875,0.1,85.8,high,64,0.003260647081357728,0.0,0.0,0.7835945098042236,0.08199707283617766,0.0,Mathare,5034.175597288595,0.329302240477939,ml_model,low,s_max_1000=0.635 (+0.96); dist_strong_m=526 (+0.62); frac_wet_150=0.0248 (+0.35),"hazard source: ml_model; annual flood probability 10% (top 16% of portfolio); insured value KES 69,265,000 (top 20%); permanent_masonry vulnerability cap 85%"
NBO-0091,-1.308021,36.816316,permanent_masonry,37840000.0,2156214.9599786634,0.12950551124223186,8376155.003715111,0.5042411307243584,13587942.134298965,0.9346543120952502,17572009.840038832,1.2812552713212502,21105567.021951973,1.62617324403613,1853395.6906139583,0.04897980154899467,0.2,94.8,very_high,65,0.003051691743122089,5128.735845541944,0.0110014136880636,0.678829756695947,0.0777518814887044,0.9673942881225266,Madaraka,128.742228833979,0.4065433110090325,known_hotspot,high,dist_strong_m=313 (+0.96); frac_wet_500=0.64 (+0.57); frac_wet_150=0.694 (-0.36),"hazard source: known_hotspot; annual flood probability 20% (top 3% of portfolio); insured value KES 37,840,000 (top 32%); permanent_masonry vulnerability cap 85%"
NBO-0326,-1.274304,36.944364,permanent_masonry,66125000.0,0.0,0.0,5345323.817020711,0.18371967063140437,16962551.148368586,0.6141328520022962,24296627.44559075,0.9607338112282963,31190867.263972756,1.305651783943176,1846616.071906686,0.027926140974014156,0.1,84.8,high,66,0.003040528823873234,1846616.071906686,0.326412945985794,0.599977574356021,0.1786784567269931,0.0,Kayole,2903.6109896542107,0.326412945985794,proxy,high,s_max_1000=0.862 (+2.03); s_point=0.326 (-1.81); dist_strong_m=0 (+1.45),"hazard source: proxy; annual flood probability 10% (top 16% of portfolio); insured value KES 66,125,000 (top 21%); permanent_masonry vulnerability cap 85%"
NBO-0487,-1.344056,36.855521,permanent_masonry,116700000.0,0.0,0.0,0.0,0.0,17743217.301213942,0.3455483621799085,32849624.25858225,0.6921493214059086,45643725.9671688,1.0370672941207884,1709244.0969792895,0.014646478980113878,0.04,60.2,medium,67,0.0028143402534857418,1709244.0969792895,0.2592668235301971,0.5130051287889563,0.18448424096736432,0.0,Nairobi West,5333.429857091328,0.2592668235301971,proxy,high,dist_strong_m=43.4 (+1.38); s_point=0.259 (-1.37); frac_wet_500=1 (+1.28),"hazard source: proxy; annual flood probability 4% (top 40% of portfolio); insured value KES 116,700,000 (top 14%); permanent_masonry vulnerability cap 85%"
NBO-0348,-1.317463,36.783427,concrete_rcc,626905000.0,0.0,0.0,0.0,0.0,0.0,0.0,49593716.205390625,0.2568468254494878,116192803.12431572,0.6017647981643676,1706036.5135672414,0.002721363705134337,0.01,42.7,low,68,0.002809058836320754,1706036.5135672414,0.1504411995410919,0.3930347130435967,0.14446173147963806,0.32781054249847746,Lang'ata,746.766178872386,0.1504411995410919,proxy,medium,dist_strong_m=43.4 (+1.38); s_max_1000=0.609 (+0.83); s_max_150=0.564 (-0.71),"hazard source: proxy; annual flood probability 1% (top 57% of portfolio); insured value KES 626,905,000 (top 6%); concrete_rcc vulnerability cap 80%"
NBO-0509,-1.193795,36.897925,permanent_masonry,44085000.0,0.0,0.0,6018629.916531184,0.3102802394409139,13094210.226076305,0.7406934208118057,17906811.82319,1.0872943800378057,22468524.471330643,1.4322123527526855,1550332.137612663,0.035166885280994965,0.1,90.7,very_high,69,0.0025526852184932724,1550332.137612663,0.3580530881881714,0.36620224135987434,0.1665722086179258,0.0,Dandora,5755.394624100968,0.3580530881881714,proxy,medium,s_point=0.358 (-2.02); s_max_1000=0.833 (+1.88); dist_strong_m=0 (+1.45),"hazard source: proxy; annual flood probability 10% (top 16% of portfolio); insured value KES 44,085,000 (top 29%); permanent_masonry vulnerability cap 85%"
NBO-0551,-1.229688,36.86457,permanent_masonry,42840000.0,0.0,0.0,5993458.197292835,0.31796208923758784,12829726.909717526,0.7483752706084796,17499834.505832735,1.0949762298344798,21932720.291164372,1.4398942025493595,1525340.4298638552,0.03560551890438504,0.1,90.8,very_high,70,0.002511535350405313,21540.27216646669,0.0408122949302196,0.8565787391690984,0.09233087738950595,0.0,Mathare,3279.877501557803,0.3599735506373399,ml_model,low,s_max_1000=0.798 (+1.72); dist_strong_m=262 (+1.04); frac_wet_500=0.773 (+0.83),"hazard source: ml_model; annual flood probability 10% (top 16% of portfolio); insured value KES 42,840,000 (top 30%); permanent_masonry vulnerability cap 85%"
NBO-0564,-1.19492,36.831777,permanent_masonry,74785000.0,0.0,0.0,1697734.6234440305,0.051594407709495416,15860652.521725774,0.4820075890803872,24316696.89122982,0.8286085483063873,32311454.262372635,1.173526521021267,1513428.8572319278,0.020237064347555362,0.1,73.0,medium,71,0.0024919224593035697,0.0,0.0,0.6981192548578489,0.11071355071238426,0.0,Westlands,7664.419116122822,0.29338163025531677,ml_model,low,dist_strong_m=246 (+1.06); s_max_1000=0.623 (+0.90); frac_wet_500=0.103 (-0.49),"hazard source: ml_model; annual flood probability 10% (top 16% of portfolio); insured value KES 74,785,000 (top 19%); permanent_masonry vulnerability cap 85%"
NBO-0478,-1.2108,36.844853,permanent_masonry,101200000.0,0.0,0.0,0.0,0.0,15560277.24142572,0.3494492732982779,28612890.730066217,0.696050232524278,39699794.71106083,1.0409682052391578,1493143.0719827749,0.014754378181647973,0.04,60.5,medium,72,0.002458521084917574,0.0,0.0,0.6192616312921855,0.17438833122694242,0.0,Mathare,6054.237961957545,0.26024205130978945,ml_model,low,s_max_1000=0.697 (+1.25); frac_wet_500=0.0937 (-0.51); s_point=0 (+0.33),"hazard source: ml_model; annual flood probability 4% (top 40% of portfolio); insured value KES 101,200,000 (top 15%); permanent_masonry vulnerability cap 85%"
NBO-0417,-1.302171,36.892264,permanent_masonry,50905000.0,0.0,0.0,4318065.325813057,0.19278626522725295,13205969.705305139,0.6231994465981447,18851960.69071299,0.9698004058241448,24150121.717858717,1.3147183785390246,1448100.0072616206,0.028447107499491614,0.1,85.7,high,73,0.00238435583818123,7897.496448954133,0.012592683546245,0.7821128865284076,0.10535031905899757,0.5883230205005284,Donholm,515.0141392868591,0.32867959463475616,ml_model,low,dist_strong_m=224 (+1.10); s_max_1000=0.664 (+1.09); frac_wet_500=0.848 (+0.98),"hazard source: ml_model; annual flood probability 10% (top 16% of portfolio); insured value KES 50,905,000 (top 26%); permanent_masonry vulnerability cap 85%"
NBO-0193,-1.210185,36.944592,permanent_masonry,88580000.0,0.0,0.0,0.0,0.0,15694851.91388372,0.4026881687299544,26553849.905388303,0.7492891279559545,36163859.49322675,1.0942071006708343,1437384.6508743442,0.016226966029288147,0.04,64.3,medium,74,0.002366712566009366,1401232.350791918,0.269862949848175,0.6509329206430833,0.1448803503121492,0.0,Mwiki,2807.9481273063134,0.27355177516770857,ml_model,low,s_max_1000=0.789 (+1.68); s_point=0.27 (-1.44); frac_wet_500=1 (+1.28),"hazard source: ml_model; annual flood probability 4% (top 40% of portfolio); insured value KES 88,580,000 (top 16%); permanent_masonry vulnerability cap 85%"
NBO-0038,-1.257297,36.878574,permanent_masonry,57240000.0,0.0,0.0,2856696.12016379,0.11342577187614311,13395789.33883529,0.5438389532470349,19744409.788786087,0.890439912473035,25792765.604446877,1.2353578851879148,1367294.945289969,0.023887053551536846,0.1,80.8,high,75,0.0022513070015673545,38829.97158014773,0.0550626032054424,0.7349021183940724,0.12165400036602726,0.7008284925026944,Kariobangi,421.59938512551463,0.3088394712969787,ml_model,high,frac_wet_500=0.976 (+1.24); s_max_1000=0.672 (+1.13); s_mean_1000=0.21 (-0.80),"hazard source: ml_model; annual flood probability 10% (top 16% of portfolio); insured value KES 57,240,000 (top 24%); permanent_masonry vulnerability cap 85%"
NBO-0113,-1.317103,36.847082,permanent_masonry,78030000.0,0.0,0.0,0.0,0.0,14579933.255154384,0.4246598993147852,23939875.133419994,0.7712608585407853,32371030.260863867,1.116178831255665,1313611.9607095544,0.01683470409726457,0.04,66.2,medium,76,0.0021629157737146918,122884.05628745868,0.0978768467903137,0.6640036846258782,0.12629599774298308,0.0,Nairobi West,2825.155830772857,0.27904470781391627,ml_model,low,dist_strong_m=154 (+1.21); frac_wet_500=0.959 (+1.20); frac_wet_150=1 (-0.69),"hazard source: ml_model; annual flood probability 4% (top 40% of portfolio); insured value KES 78,030,000 (top 18%); permanent_masonry vulnerability cap 85%"
NBO-0592,-1.311754,36.901046,permanent_masonry,62610000.0,0.0,0.0,1728371.2272059536,0.06273944139064169,13585565.712883828,0.4931526227615335,20581230.965836633,0.8397535819875336,27260485.81197543,1.1846715547024134,1310905.7133251359,0.020937641164752212,0.1,74.7,medium,77,0.002158459826806161,2229.8590321841916,0.0028908329550176,0.7047493245405319,0.14756766140569766,0.582787762134598,Fedha,519.5826225336651,0.29616788867560334,ml_model,low,s_max_1000=0.664 (+1.09); frac_wet_150=0.694 (-0.36); dist_wet_m=0 (+0.35),"hazard source: ml_model; annual flood probability 10% (top 16% of portfolio); insured value KES 62,610,000 (top 22%); permanent_masonry vulnerability cap 85%"
NBO-0131,-1.340893,36.860238,permanent_masonry,83420000.0,0.0,0.0,0.0,0.0,13972964.07456423,0.3806849260740892,24419660.336554706,0.7272858853000893,33506573.750682615,1.072203858014969,1302883.2856681535,0.015618356337426918,0.04,63.0,medium,78,0.0021452505718345485,212701.56668823736,0.1200344860553741,0.6378434104426652,0.14492293693404684,0.0,Fedha,5094.441172010533,0.2680509645037423,ml_model,low,frac_wet_500=0.978 (+1.24); dist_strong_m=278 (+1.01); frac_wet_150=1 (-0.69),"hazard source: ml_model; annual flood probability 4% (top 40% of portfolio); insured value KES 83,420,000 (top 17%); permanent_masonry vulnerability cap 85%"
NBO-0172,-1.240316,36.852111,permanent_masonry,93240000.0,0.0,0.0,0.0,0.0,12097708.628270125,0.29488194269602697,24734197.048067134,0.6414829019220271,35025445.61636647,0.9864008746369068,1234790.5544519292,0.01324314193963888,0.04,55.8,medium,79,0.0020331331072955283,0.0,0.0,0.5868000690716118,0.1261750199091788,0.0,Mathare,2929.9181766856723,0.2466002186592267,ml_model,low,s_max_1000=0.558 (+0.59); dist_strong_m=687 (+0.37); frac_wet_150=0.0165 (+0.36),"hazard source: ml_model; annual flood probability 4% (top 40% of portfolio); insured value KES 93,240,000 (top 16%); permanent_masonry vulnerability cap 85%"
NBO-0114,-1.268416,36.810036,permanent_masonry,72885000.0,0.0,0.0,0.0,0.0,13532720.17264356,0.4219823312142903,22298921.799596984,0.7685832904402904,30178061.869519375,1.1135012631551702,1221599.4332483415,0.016760642563604877,0.04,65.7,medium,80,0.0020114133871821315,0.0,0.0,0.6624108259953618,0.0871312413197307,0.6226562821270353,Chiromo,486.70351679780623,0.27837531578879254,ml_model,high,dist_strong_m=461 (+0.72); s_max_1000=0.576 (+0.68); s_point=0 (+0.33),"hazard source: ml_model; annual flood probability 4% (top 40% of portfolio); insured value KES 72,885,000 (top 19%); permanent_masonry vulnerability cap 85%"
NBO-0577,-1.254205,36.793286,permanent_masonry,81530000.0,0.0,0.0,0.0,0.0,12524661.48142113,0.3491370014780151,23043325.099583477,0.6957379607040152,31975803.475492753,1.040655933418895,1202220.2427849027,0.014745740743099506,0.04,60.3,medium,81,0.0019795047581585706,0.0,0.0,0.6190758638923272,0.11203699609759991,0.06442232280630382,Westlands,1170.960092937876,0.26016398335472374,ml_model,low,dist_strong_m=221 (+1.10); s_max_1000=0.565 (+0.63); s_point=0 (+0.33),"hazard source: ml_model; annual flood probability 4% (top 40% of portfolio); insured value KES 81,530,000 (top 17%); permanent_masonry vulnerability cap 85%"
NBO-0259,-1.194012,36.894882,permanent_masonry,30340000.0,48935.56983458516,0.0036656955889753373,5051506.195673181,0.37840131507110186,9673018.183056029,0.8088144964419937,12943791.477490077,1.1554154556679936,16082425.567770004,1.5003334283828735,1187418.3179523165,0.03913705728254174,0.2,93.0,very_high,82,0.0019551327840449623,1187418.3179523165,0.3750833570957184,0.3607925819487969,0.14760256587135595,0.0,Dandora,5794.713441965399,0.3750833570957184,proxy,medium,s_point=0.375 (-2.13); s_max_1000=0.833 (+1.88); dist_strong_m=0 (+1.45),"hazard source: proxy; annual flood probability 20% (top 3% of portfolio); insured value KES 30,340,000 (top 38%); permanent_masonry vulnerability cap 85%"
NBO-0595,-1.259297,36.878847,permanent_masonry,40365000.0,0.0,0.0,3713329.385848189,0.2090767984104247,10682064.17083931,0.6394899797813165,15159039.440969707,0.9860909390073166,19347052.41649994,1.3310089117221964,1186051.3154085784,0.029383161536196665,0.1,87.3,high,83,0.001952881958494499,176703.3275707191,0.1646010726690292,0.5434204743498473,0.12902407571612595,0.7918039626850638,Kariobangi,341.6441421044685,0.3327522279305491,known_hotspot,high,frac_wet_500=0.973 (+1.23); s_max_1000=0.638 (+0.97); dist_strong_m=371 (+0.86),"hazard source: known_hotspot; annual flood probability 10% (top 16% of portfolio); insured value KES 40,365,000 (top 31%); permanent_masonry vulnerability cap 85%"
NBO-0519,-1.331527,36.92513,permanent_masonry,44655000.0,0.0,0.0,2909468.558906691,0.14807812211330762,10945709.330267815,0.5784913034841994,15898498.397223666,0.9250922627101995,20586092.118872073,1.2700102354250793,1155590.0205567176,0.025878177596164318,0.1,82.5,high,84,0.0019027261917281277,0.0,0.0,0.7555164568800826,0.1295862429247158,0.0,Fedha,3446.135745390178,0.3175025588562698,ml_model,low,frac_wet_500=0.793 (+0.87); dist_strong_m=633 (+0.45); s_max_1000=0.517 (+0.40),"hazard source: ml_model; annual flood probability 10% (top 16% of portfolio); insured value KES 44,655,000 (top 28%); permanent_masonry vulnerability cap 85%"
NBO-0261,-1.23631,36.777251,concrete_rcc,823910000.0,0.0,0.0,0.0,0.0,0.0,0.0,21308709.184408467,0.08397048309718164,108836570.18945956,0.4288884558120614,1145412.7566455696,0.0013902158690215795,0.01,41.3,low,85,0.0018859689108072163,150018.49632669322,0.0211133081465959,0.25744856941695804,0.07599994978224305,0.25514147641766305,Kitisuru,826.4191062023425,0.10722211395301535,known_hotspot,medium,s_max_1000=0.315 (-0.55); frac_wet_500=0.0799 (-0.54); dist_strong_m=632 (+0.45),"hazard source: known_hotspot; annual flood probability 1% (top 57% of portfolio); insured value KES 823,910,000 (top 4%); concrete_rcc vulnerability cap 80%"
NBO-0026,-1.263277,36.866831,permanent_masonry,44030000.0,0.0,0.0,2433883.454430667,0.12563146276457515,10476246.618011076,0.556044644135467,15359715.493121726,0.902645603361467,20001467.276392467,1.2475635760763468,1082626.9239758903,0.02458839254998615,0.1,81.2,high,86,0.001782589471590092,0.0,0.0,0.7421631624995281,0.12520860608566423,0.3428230436238433,Mathare,731.6217850585857,0.3118908940190867,ml_model,low,frac_wet_500=0.879 (+1.04); s_max_1000=0.647 (+1.01); dist_strong_m=508 (+0.65),"hazard source: ml_model; annual flood probability 10% (top 16% of portfolio); insured value KES 44,030,000 (top 29%); permanent_masonry vulnerability cap 85%"
NBO-0040,-1.313586,36.81551,concrete_rcc,341070000.0,0.0,0.0,0.0,0.0,0.0,0.0,32344810.53155453,0.30790048555705074,68578291.80134466,0.6528184582719305,1062254.632177394,0.0031144768879625712,0.01,43.0,low,87,0.0017490456606355355,800611.1670010078,0.1382979452610016,0.4843046623768014,0.11627422504465829,0.38835520755818576,Madaraka,687.6899282237672,0.16320461456798263,known_hotspot,medium,dist_strong_m=157 (+1.20); frac_wet_500=0.723 (+0.73); s_point=0.138 (-0.58),"hazard source: known_hotspot; annual flood probability 1% (top 57% of portfolio); insured value KES 341,070,000 (top 12%); concrete_rcc vulnerability cap 80%"
NBO-0084,-1.286346,36.920269,permanent_masonry,66900000.0,0.0,0.0,0.0,0.0,11324002.829620047,0.38469910414526587,19669671.756652065,0.731300063371266,26951695.984248944,1.0762180360861457,1052296.090842382,0.015729388502875665,0.04,63.5,medium,88,0.0017326485153742724,309539.1328970686,0.1707343310117721,0.6402314050501308,0.1431416172197696,0.0,Komarock,2063.549153058546,0.26905450902153644,ml_model,low,frac_wet_500=0.997 (+1.28); dist_strong_m=165 (+1.19); s_max_1000=0.671 (+1.13),"hazard source: ml_model; annual flood probability 4% (top 40% of portfolio); insured value KES 66,900,000 (top 21%); permanent_masonry vulnerability cap 85%"
NBO-0456,-1.232817,36.907698,permanent_masonry,73600000.0,0.0,0.0,0.0,0.0,10755707.109198414,0.3321302837573621,20401478.234744146,0.6787312429833622,28490174.68261718,1.023649215698242,1050664.6509176434,0.014275334930946243,0.04,59.2,medium,89,0.0017299622828698279,1050664.6509176434,0.2559123039245605,0.5517255338708454,0.20457702201279412,0.025222857250789425,Dandora,1356.466855807731,0.2559123039245605,proxy,medium,s_max_1000=0.975 (+2.55); s_mean_1000=0.325 (-1.42); s_point=0.256 (-1.35),"hazard source: proxy; annual flood probability 4% (top 40% of portfolio); insured value KES 73,600,000 (top 19%); permanent_masonry vulnerability cap 85%"
NBO-0057,-1.269395,36.711846,permanent_masonry,88405000.0,0.0,0.0,0.0,0.0,9258113.218707794,0.23800878237830525,21842675.746089157,0.5846097416043053,31600267.22700402,0.9295277143191851,1030985.1288604836,0.011662068082806218,0.04,51.5,medium,90,0.0016975591456042344,5233.3724861635965,0.0048050079494714,0.5529667916882715,0.13244868663029516,0.0,Kangemi,4499.445525357424,0.23238192857979628,ml_model,low,dist_strong_m=61.4 (+1.35); s_max_150=0.386 (-0.42); dist_wet_m=0 (+0.35),"hazard source: ml_model; annual flood probability 4% (top 40% of portfolio); insured value KES 88,405,000 (top 16%); permanent_masonry vulnerability cap 85%"
NBO-0036,-1.256369,36.829457,permanent_masonry,31480000.0,0.0,0.0,3628490.976877174,0.26196221099090145,8863512.75249576,0.6923753923617932,12330492.664395122,1.0389763515877934,15587897.998714447,1.3838943243026731,1020201.5059625964,0.03240792585649925,0.1,89.2,high,91,0.0016798034698329565,1020201.5059625964,0.3459735810756683,0.2405682064633302,0.1486538162439744,0.0,Parklands,2221.452773730469,0.3459735810756683,proxy,medium,s_point=0.346 (-1.94); dist_strong_m=0 (+1.45); s_max_1000=0.668 (+1.11),"hazard source: proxy; annual flood probability 10% (top 16% of portfolio); insured value KES 31,480,000 (top 37%); permanent_masonry vulnerability cap 85%"
NBO-0155,-1.284631,36.934741,permanent_masonry,72965000.0,0.0,0.0,0.0,0.0,9282070.067377366,0.28911962981558303,19221212.889414113,0.6357205890415831,27274633.650739305,0.9806385617564629,954597.4205966106,0.01308294964156254,0.04,55.0,medium,92,0.0015717836623842106,357905.03619450005,0.1744741797447204,0.5833721264539601,0.11467420781169463,0.0,Kayole,2622.4251699513284,0.24515964043911573,ml_model,low,frac_wet_500=1 (+1.28); dist_strong_m=234 (+1.08); s_point=0.174 (-0.82),"hazard source: ml_model; annual flood probability 4% (top 40% of portfolio); insured value KES 72,965,000 (top 19%); permanent_masonry vulnerability cap 85%"
NBO-0429,-1.335739,36.913418,permanent_masonry,50595000.0,0.0,0.0,547387.229799166,0.02458863298561509,10129159.390841685,0.4550018143565069,16013969.54541022,0.801602773582507,21450065.147674885,1.1465207462973868,938005.0588229173,0.01853948134841224,0.1,70.3,medium,93,0.0015444636606813356,28480.729978188836,0.0456912256777286,0.6820537880879227,0.16380788233858537,0.0,Fedha,2780.6638479819326,0.2866301865743467,ml_model,low,dist_strong_m=68.7 (+1.34); frac_wet_500=0.841 (+0.97); frac_wet_150=0.983 (-0.67),"hazard source: ml_model; annual flood probability 10% (top 16% of portfolio); insured value KES 50,595,000 (top 26%); permanent_masonry vulnerability cap 85%"
NBO-0045,-1.286932,36.722819,concrete_rcc,427250000.0,0.0,0.0,0.0,0.0,0.0,0.0,23537522.577102672,0.17886606868984423,68926313.36057185,0.523784041404724,906159.5999118511,0.0021209118780850817,0.01,41.8,low,94,0.0014920288112279835,906159.5999118511,0.130946010351181,0.0869349704387955,0.06004084086217655,0.0,Kawangware,3339.7908692385076,0.130946010351181,proxy,medium,s_point=0.131 (-0.53); dist_strong_m=1.24e+03 (-0.51); frac_wet_500=0.152 (-0.40),"hazard source: proxy; annual flood probability 1% (top 57% of portfolio); insured value KES 427,250,000 (top 10%); concrete_rcc vulnerability cap 80%"
NBO-0368,-1.281142,36.73553,permanent_masonry,88130000.0,0.0,0.0,0.0,0.0,7148528.250013143,0.18434874746018648,20261431.24808116,0.5309497066861866,29988669.947397117,0.8758676794010664,896310.2233478321,0.010170319112082516,0.04,48.2,low,95,0.00147581141022315,0.0,0.0,0.5210449706457589,0.1531757743722428,0.0,Kawangware,1815.8365035920826,0.2189669198502666,ml_model,low,dist_strong_m=385 (+0.84); frac_wet_500=0.132 (-0.44); s_max_1000=0.52 (+0.42),"hazard source: ml_model; annual flood probability 4% (top 40% of portfolio); insured value KES 88,130,000 (top 16%); permanent_masonry vulnerability cap 85%"
NBO-0454,-1.339888,36.948654,permanent_masonry,74880000.0,0.0,0.0,0.0,0.0,8163006.559157242,0.24776025152842251,18734645.587613173,0.5943612107544226,26999432.082618035,0.9392791834693024,893554.9403174393,0.011933158925179477,0.04,52.2,medium,96,0.0014712747241196935,99192.43308667256,0.0921917185187339,0.5587678436925541,0.14277231449892858,0.0,Fedha,6192.159857291553,0.2348197958673256,ml_model,low,frac_wet_500=0.99 (+1.26); frac_wet_150=1 (-0.69); s_max_1000=0.509 (+0.37),"hazard source: ml_model; annual flood probability 4% (top 40% of portfolio); insured value KES 74,880,000 (top 18%); permanent_masonry vulnerability cap 85%"
NBO-0252,-1.311595,36.796579,permanent_masonry,36755000.0,0.0,0.0,1810873.999662829,0.11197449942882409,8584646.946493939,0.5423876807997159,12661228.788526462,0.888988640025716,16546071.265384179,1.2339066127405958,874903.6496164192,0.023803663436713897,0.1,80.5,high,97,0.0014405646118003873,0.0,0.0,0.7340387708502637,0.09846515424935254,0.24138643569049298,Kibera,843.0172483637749,0.30847665318514894,ml_model,low,dist_strong_m=307 (+0.96); frac_wet_500=0.607 (+0.50); s_max_1000=0.509 (+0.36),"hazard source: ml_model; annual flood probability 10% (top 16% of portfolio); insured value KES 36,755,000 (top 33%); permanent_masonry vulnerability cap 85%"
NBO-0168,-1.226041,36.807618,permanent_masonry,56855000.0,0.0,0.0,0.0,0.0,9309587.333201045,0.3721423450884245,16487828.181374917,0.7187433043144246,22690738.57165033,1.0636612770293044,874547.5072603478,0.015382068547363431,0.04,62.0,medium,98,0.0014399782088574523,0.0,0.0,0.6327615139831927,0.09906724613338844,0.0,Westlands,3305.2536434903727,0.2659153192573261,ml_model,low,dist_strong_m=253 (+1.05); s_max_1000=0.553 (+0.57); s_max_500=0.499 (-0.36),"hazard source: ml_model; annual flood probability 4% (top 40% of portfolio); insured value KES 56,855,000 (top 24%); permanent_masonry vulnerability cap 85%"
NBO-0306,-1.220163,36.889739,permanent_masonry,67155000.0,0.0,0.0,0.0,0.0,8365152.940914954,0.2831019466808453,17561363.566775747,0.6297029059068454,24973512.833229426,0.9746208786217252,867351.0163757424,0.012915658050416832,0.04,54.3,medium,99,0.001428128892533247,404493.5379021604,0.183804303407669,0.5797922666120728,0.1333698122585888,0.0,Dandora,3297.152017363449,0.2436552196554313,ml_model,low,dist_strong_m=291 (+0.99); frac_wet_500=0.833 (+0.95); s_max_1000=0.632 (+0.94),"hazard source: ml_model; annual flood probability 4% (top 40% of portfolio); insured value KES 67,155,000 (top 21%); permanent_masonry vulnerability cap 85%"
NBO-0329,-1.231313,36.878088,permanent_masonry,23595000.0,0.0,0.0,3176357.1500241994,0.30595437689265825,6975569.611913108,0.73636755826355,9553392.65104978,1.08296851748955,11994894.520912057,1.42788649020443,823934.5339033062,0.034919878529489565,0.1,90.5,very_high,100,0.0013566418799392725,0.0,0.0,0.8494354705299759,0.10634851986253789,0.0,Mathare,3107.5970004068486,0.3569716225511075,ml_model,low,s_max_1000=0.827 (+1.86); s_point=0 (+0.33); s_mean_1000=0.118 (-0.30),"hazard source: ml_model; annual flood probability 10% (top 16% of portfolio); insured value KES 23,595,000 (top 39%); permanent_masonry vulnerability cap 85%"
NBO-0379,-1.244467,36.767451,permanent_masonry,52055000.0,0.0,0.0,0.0,0.0,8667725.406921944,0.3784338857904639,15200640.434346251,0.725034845016464,20873318.17810153,1.0699528177313438,809772.3983764309,0.015556092563181844,0.04,62.3,medium,101,0.001333323345062338,0.0,0.0,0.6365042889679396,0.1152690400631267,0.4819451061716004,Kitisuru,604.1212870889465,0.26748820443283594,ml_model,low,dist_strong_m=206 (+1.12); s_max_1000=0.613 (+0.85); frac_wet_500=0.156 (-0.39),"hazard source: ml_model; annual flood probability 4% (top 40% of portfolio); insured value KES 52,055,000 (top 25%); permanent_masonry vulnerability cap 85%"
NBO-0445,-1.259144,36.860661,permanent_masonry,47880000.0,0.0,0.0,0.0,0.0,8904053.522132322,0.4226500684539152,14658956.54570059,0.7692510276799153,19834323.521670837,1.114169000394795,803383.890970261,0.0167791121756529,0.04,65.8,medium,102,0.0013228044065534085,285673.23996182624,0.1833299994468689,0.662808056237557,0.15713422719274328,0.061264234355894,Mathare,1181.64272496178,0.27854225009869876,ml_model,low,s_max_1000=0.723 (+1.37); dist_strong_m=61.4 (+1.35); frac_wet_500=0.936 (+1.16),"hazard source: ml_model; annual flood probability 4% (top 40% of portfolio); insured value KES 47,880,000 (top 27%); permanent_masonry vulnerability cap 85%"
NBO-0531,-1.262821,36.929629,permanent_masonry,33350000.0,0.0,0.0,1590066.7887017038,0.10835946495173121,7750781.681555034,0.538772646322623,11449707.118414905,0.8853736055486231,14977067.240526346,1.2302915782635029,786924.7175812655,0.023595943555660134,0.1,80.0,high,103,0.0012957037049686469,413855.93282261427,0.2391031980514526,0.7318882227968313,0.15665368238127586,0.05046350155459888,Kayole,1221.9871000745995,0.3075728945658757,ml_model,low,s_max_1000=0.888 (+2.15); dist_strong_m=61.4 (+1.35); frac_wet_500=1 (+1.28),"hazard source: ml_model; annual flood probability 10% (top 16% of portfolio); insured value KES 33,350,000 (top 35%); permanent_masonry vulnerability cap 85%"
NBO-0371,-1.18152,36.87356,permanent_masonry,63800000.0,0.0,0.0,0.0,0.0,7142115.491969683,0.25442132701516396,16098470.995899606,0.601022286241164,23140316.326846592,0.9459402589560438,773149.8893527549,0.012118336823710892,0.04,52.7,medium,104,0.0012730228873856807,0.0,0.0,0.5627304512451374,0.08775617463085171,0.0,Dandora,7921.548563079215,0.23648506473901096,ml_model,low,dist_strong_m=389 (+0.84); s_point=0 (+0.33); dist_wet_m=61.4 (+0.25),"hazard source: ml_model; annual flood probability 4% (top 40% of portfolio); insured value KES 63,800,000 (top 22%); permanent_masonry vulnerability cap 85%"
NBO-0255,-1.306528,36.801425,permanent_masonry,59540000.0,0.0,0.0,0.0,0.0,7435428.013483826,0.28382096121338696,15583702.765747555,0.630421920439387,22155355.916289613,0.9753398931542668,770188.4018042554,0.01293564665442149,0.04,54.5,medium,105,0.0012681466771166685,0.0,0.0,0.5802200012057939,0.10021781776213898,0.012443592446480165,Kibera,1480.9708726860847,0.2438349732885667,ml_model,low,dist_strong_m=478 (+0.70); s_point=0 (+0.33); frac_wet_150=0.0992 (+0.27),"hazard source: ml_model; annual flood probability 4% (top 40% of portfolio); insured value KES 59,540,000 (top 23%); permanent_masonry vulnerability cap 85%"
NBO-0241,-1.230749,36.829461,permanent_masonry,37825000.0,0.0,0.0,832439.7761985392,0.05001741129595261,7995806.353754291,0.4804305926668444,12279889.90411099,0.8270315518928445,16324697.23048615,1.1719495246077243,761717.366902227,0.020137934353000052,0.1,72.7,medium,106,0.0012541987719838711,3266.481809150408,0.0070095574483275,0.6971811153770489,0.16858590285911337,0.0,Parklands,4158.434449425571,0.29298738115193107,ml_model,low,s_max_1000=0.692 (+1.22); dist_strong_m=165 (+1.19); frac_wet_500=0.706 (+0.70),"hazard source: ml_model; annual flood probability 10% (top 16% of portfolio); insured value KES 37,825,000 (top 32%); permanent_masonry vulnerability cap 85%"
NBO-0056,-1.195179,36.945076,permanent_masonry,45575000.0,0.0,0.0,0.0,0.0,7729686.550548096,0.38546285097232813,13410918.607932419,0.7320638101983282,18371033.426880836,1.076981782913208,717829.6637056137,0.015750513740112205,0.04,63.7,medium,107,0.001181935875211228,717829.6637056137,0.269245445728302,0.5950097673624922,0.12199894027890965,0.0,Mwiki,4379.865867785339,0.269245445728302,proxy,high,s_max_1000=0.805 (+1.76); s_point=0.269 (-1.44); s_mean_1000=0.305 (-1.31),"hazard source: proxy; annual flood probability 4% (top 40% of portfolio); insured value KES 45,575,000 (top 28%); permanent_masonry vulnerability cap 85%"
NBO-0088,-1.269745,36.728359,permanent_masonry,69520000.0,0.0,0.0,0.0,0.0,5757916.6335179275,0.18823610712149308,16069399.312792873,0.5348370663474932,23742582.500997175,0.879755039062373,714553.5136455586,0.010278387710666838,0.04,48.8,low,108,0.001176541560258339,0.0,0.0,0.5233575222425938,0.1024986921346111,0.0,Kangemi,2668.092803050729,0.21993875976559324,ml_model,low,dist_strong_m=321 (+0.94); s_max_1000=0.52 (+0.42); s_max_500=0.519 (-0.39),"hazard source: ml_model; annual flood probability 4% (top 40% of portfolio); insured value KES 69,520,000 (top 20%); permanent_masonry vulnerability cap 85%"
NBO-0502,-1.261483,36.874398,permanent_masonry,32125000.0,0.0,0.0,965482.3186752866,0.06830437344713736,7049372.637352843,0.49871755481802915,10617374.32437262,0.8453185140440292,14040904.141138986,1.190236486758909,683859.4210015809,0.02128745279382353,0.1,75.3,high,109,0.001126002482414027,20457.660722136494,0.051689475774765,0.7080598472692677,0.12894274209233691,0.6216918542833619,Mathare,487.4990872399601,0.29755912168972726,ml_model,high,frac_wet_500=0.949 (+1.18); s_max_1000=0.636 (+0.96); dist_strong_m=469 (+0.71),"hazard source: ml_model; annual flood probability 10% (top 16% of portfolio); insured value KES 32,125,000 (top 36%); permanent_masonry vulnerability cap 85%"
NBO-0300,-1.316479,36.875112,permanent_masonry,48805000.0,0.0,0.0,0.0,0.0,6815109.398676766,0.31736266769783117,13297818.339845628,0.6639636269238313,18675939.94111019,1.008881599638711,676772.2326454471,0.013866862670739619,0.04,57.8,medium,110,0.0011143331371695692,169020.79474334646,0.1420998126268386,0.6001736287703443,0.12482520282340438,0.0,Donholm,2441.026703131568,0.25222039990967776,ml_model,low,dist_strong_m=307 (+0.96); s_max_1000=0.627 (+0.92); frac_wet_500=0.807 (+0.90),"hazard source: ml_model; annual flood probability 4% (top 40% of portfolio); insured value KES 48,805,000 (top 27%); permanent_masonry vulnerability cap 85%"
NBO-0542,-1.189111,36.888,permanent_masonry,22450000.0,0.0,0.0,2060041.5108337684,0.20854844207671275,5937300.302847591,0.6389616234476045,8427281.593927175,0.9855625826736046,10756786.540541444,1.3304805553884844,658970.4089693223,0.029352802181261572,0.1,87.2,high,111,0.001085021707019999,176529.9142511296,0.1991578191518783,0.7914896487574421,0.10469377839898618,0.0,Dandora,6521.831119731083,0.3326201388471211,ml_model,low,s_max_1000=0.783 (+1.65); frac_wet_500=1 (+1.28); dist_strong_m=165 (+1.19),"hazard source: ml_model; annual flood probability 10% (top 16% of portfolio); insured value KES 22,450,000 (top 40%); permanent_masonry vulnerability cap 85%"
NBO-0411,-1.189573,36.871599,permanent_masonry,51210000.0,0.0,0.0,0.0,0.0,6311803.461259009,0.2801212237160271,13342821.756307587,0.6267221829420272,18995061.558780868,0.971640155656907,657167.378281658,0.012832793951994884,0.04,54.0,medium,112,0.0010820529433123861,0.0,0.0,0.5780190641681044,0.13092343206116408,0.0,Dandora,7249.373637760053,0.24291003891422674,ml_model,low,s_max_1000=0.6 (+0.79); dist_strong_m=537 (+0.60); frac_wet_500=0.129 (-0.44),"hazard source: ml_model; annual flood probability 4% (top 40% of portfolio); insured value KES 51,210,000 (top 25%); permanent_masonry vulnerability cap 85%"
NBO-0222,-1.24835,36.946666,semi_permanent,6000000.0,2324629.1470553163,0.8539949754885725,3134058.0851367097,1.228730594970699,3828083.7417250797,1.6591437763415908,4279445.177295597,2.005744735567591,4726458.869934081,2.3506627082824707,649335.0978221906,0.10822251630369843,0.2,98.7,very_high,113,0.0010691567734717972,649335.0978221906,0.5876656770706177,0.16287887683428243,0.15993918485366443,0.0,Mwiki,2285.7520624461445,0.5876656770706177,proxy,medium,s_point=0.588 (-3.53); s_max_1000=0.933 (+2.36); s_mean_1000=0.372 (-1.68),"hazard source: proxy; annual flood probability 20% (top 3% of portfolio); insured value KES 6,000,000 (top 45%); semi_permanent vulnerability cap 90%"
NBO-0364,-1.270336,36.775293,permanent_masonry,32130000.0,0.0,0.0,620749.4754673598,0.04390894062949946,6705586.703143931,0.47432212200039126,10368202.751937266,0.8209230812263913,13807941.918939913,1.1658410539412711,634694.6026463159,0.019753955886906815,0.1,72.2,medium,114,0.0010450505998847446,0.0,0.0,0.643290883841606,0.09040934865789127,0.6935472469355635,Lavington,427.7475384536152,0.2914602634853178,known_hotspot,high,dist_strong_m=369 (+0.87); s_max_1000=0.524 (+0.43); s_point=0 (+0.33),"hazard source: known_hotspot; annual flood probability 10% (top 16% of portfolio); insured value KES 32,130,000 (top 36%); permanent_masonry vulnerability cap 85%"
NBO-0344,-1.213194,36.935062,permanent_masonry,32270000.0,0.0,0.0,501496.74082230305,0.035319656648611364,6612847.420471322,0.46573283801950316,10324683.723875964,0.8123337972455033,13784954.384986468,1.157251769960383,620036.8609116663,0.019214033495868185,0.1,71.0,medium,115,0.0010209160291338927,203866.53087388727,0.1862595975399017,0.6884375673287645,0.13468099560547558,0.0,Mwiki,2184.464999518425,0.28931294249009576,ml_model,low,s_max_1000=0.751 (+1.50); frac_wet_500=1 (+1.28); s_mean_1000=0.287 (-1.22),"hazard source: ml_model; annual flood probability 10% (top 16% of portfolio); insured value KES 32,270,000 (top 36%); permanent_masonry vulnerability cap 85%"
NBO-0449,-1.200878,36.877885,permanent_masonry,35640000.0,0.0,0.0,0.0,0.0,6570803.517031538,0.4190135902606582,10870080.81398544,0.7656145494866583,14725013.727378847,1.110532522201538,594422.7090098092,0.016678527188827418,0.04,65.5,medium,116,0.0009787412813119212,594422.7090098092,0.2776331305503845,0.5398237796410068,0.19232090510675173,0.0,Dandora,5813.351685165871,0.2776331305503845,proxy,high,s_max_1000=0.806 (+1.76); s_point=0.278 (-1.49); dist_strong_m=68.7 (+1.34),"hazard source: proxy; annual flood probability 4% (top 40% of portfolio); insured value KES 35,640,000 (top 34%); permanent_masonry vulnerability cap 85%"
NBO-0274,-1.290944,36.852137,permanent_masonry,38080000.0,0.0,0.0,0.0,0.0,6221677.269511604,0.37132814108525136,11033196.844752785,0.7179291003112515,15188364.962250523,1.0628470730261312,584891.5750693259,0.015359547664635658,0.04,61.7,medium,117,0.0009630478797916401,97419.34047225649,0.1202279850840568,0.6322771521201963,0.13365193639254194,0.0,Kiambiu,1580.9885475050455,0.2657117682565328,ml_model,low,dist_strong_m=127 (+1.25); frac_wet_500=0.849 (+0.98); frac_wet_150=1 (-0.69),"hazard source: ml_model; annual flood probability 4% (top 40% of portfolio); insured value KES 38,080,000 (top 31%); permanent_masonry vulnerability cap 85%"
NBO-0586,-1.196646,36.92581,permanent_masonry,37075000.0,0.0,0.0,0.0,0.0,6194960.572557515,0.3797560579021342,10841999.651208185,0.7263570171281343,14881256.074528925,1.071274989843014,578098.0120085381,0.015592663843790645,0.04,62.7,medium,118,0.00095186200059489,383815.26007690304,0.2206043452024459,0.6372908360061692,0.12312963903380844,0.0,Mwiki,4100.093007263798,0.2678187474607535,ml_model,low,s_max_1000=0.762 (+1.55); dist_strong_m=61.4 (+1.35); frac_wet_500=1 (+1.28),"hazard source: ml_model; annual flood probability 4% (top 40% of portfolio); insured value KES 37,075,000 (top 32%); permanent_masonry vulnerability cap 85%"
NBO-0505,-1.244107,36.925259,permanent_masonry,37065000.0,0.0,0.0,0.0,0.0,5566251.247479367,0.34130773012271853,10383047.382627282,0.6879086893487186,14449716.068816183,1.0328266620635984,538524.1715055759,0.014529183097412003,0.04,59.7,medium,119,0.000886702055032205,538524.1715055759,0.2582066655158996,0.6095104109637011,0.20647903576385226,0.0,Mwiki,1544.4755386026973,0.2582066655158996,proxy,medium,s_max_1000=0.923 (+2.31); s_mean_1000=0.345 (-1.53); s_mean_500=0.43 (+1.38),"hazard source: proxy; annual flood probability 4% (top 40% of portfolio); insured value KES 37,065,000 (top 32%); permanent_masonry vulnerability cap 85%"
NBO-0375,-1.265587,36.732079,permanent_masonry,53235000.0,0.0,0.0,0.0,0.0,4133715.0802194593,0.17647801259507412,12104854.900766363,0.5230789718210742,17980601.549558885,0.867996944535954,529768.7776705824,0.009951512682832392,0.04,47.5,low,120,0.0008722859412960278,0.0,0.0,0.5163627487608763,0.13781018322242913,0.0,Kangemi,2263.600502944972,0.2169992361339885,ml_model,low,dist_strong_m=374 (+0.86); frac_wet_500=0.0817 (-0.54); s_max_1000=0.519 (+0.41),"hazard source: ml_model; annual flood probability 4% (top 40% of portfolio); insured value KES 53,235,000 (top 25%); permanent_masonry vulnerability cap 85%"
NBO-0550,-1.259167,36.767873,permanent_masonry,34820000.0,0.0,0.0,0.0,0.0,4816020.027643068,0.31434520571008484,9453726.548183832,0.6609461649360849,13292856.781901978,1.0058641376509647,479937.9765845609,0.013783399672158555,0.04,57.3,medium,121,0.000790237490985346,0.0,0.0,0.5983785706470612,0.1504024711859815,0.0,Lavington,1899.407851984433,0.2514660344127412,ml_model,low,dist_strong_m=375 (+0.86); s_max_1000=0.6 (+0.79); frac_wet_500=0.107 (-0.49),"hazard source: ml_model; annual flood probability 4% (top 40% of portfolio); insured value KES 34,820,000 (top 35%); permanent_masonry vulnerability cap 85%"
NBO-0354,-1.225862,36.799735,permanent_masonry,31610000.0,0.0,0.0,0.0,0.0,4681942.197814275,0.3366269447106982,8807586.893900491,0.6832279039366983,12278707.348286916,1.028145876651578,455174.9144298596,0.01439971257291552,0.04,59.5,medium,122,0.0007494640972116247,0.0,0.0,0.6116337555529022,0.11292136846159409,0.0,Westlands,2754.34089570055,0.2570364691628945,ml_model,low,dist_strong_m=283 (+1.00); s_max_1000=0.587 (+0.73); frac_wet_500=0.129 (-0.44),"hazard source: ml_model; annual flood probability 4% (top 40% of portfolio); insured value KES 31,610,000 (top 37%); permanent_masonry vulnerability cap 85%"
NBO-0358,-1.310107,36.808186,permanent_masonry,33745000.0,0.0,0.0,0.0,0.0,4368300.253542895,0.29420521919361087,8944381.437046329,0.640806178419611,12668943.673610685,0.9857241511344907,446254.98299153906,0.013224329026271716,0.04,55.7,medium,123,0.0007347770655877836,446254.98299153906,0.2464310377836227,0.29218970625071766,0.1157172139374752,0.23592277219682092,Madaraka,849.7796078878945,0.2464310377836227,proxy,medium,dist_strong_m=30.7 (+1.40); s_point=0.246 (-1.29); frac_wet_150=0.95 (-0.64),"hazard source: proxy; annual flood probability 4% (top 40% of portfolio); insured value KES 33,745,000 (top 35%); permanent_masonry vulnerability cap 85%"
NBO-0104,-1.226248,36.851791,permanent_masonry,36035000.0,0.0,0.0,0.0,0.0,4072404.150852941,0.25684650976026724,9120573.454374446,0.6034474689862673,13097891.581344267,0.9483654417011471,439113.7500365323,0.012185756904024762,0.04,52.8,medium,124,0.0007230187337027632,0.0,0.0,0.5641731683380858,0.12998268824276013,0.0,Mathare,4180.97715000182,0.23709136042528678,ml_model,low,dist_strong_m=511 (+0.64); s_max_1000=0.558 (+0.59); frac_wet_150=0.826 (-0.50),"hazard source: ml_model; annual flood probability 4% (top 40% of portfolio); insured value KES 36,035,000 (top 34%); permanent_masonry vulnerability cap 85%"
NBO-0047,-1.253496,36.874782,permanent_masonry,34465000.0,0.0,0.0,0.0,0.0,4132594.0684882374,0.2725158638202285,8896015.618012248,0.6191168230462286,12700046.95549011,0.9640347957611084,434995.34289462195,0.012621364946891686,0.04,53.8,medium,125,0.000716237608045986,434995.34289462195,0.2410086989402771,0.5571729747852936,0.20253547647302728,0.40492704866739904,Mathare,672.3274331929092,0.2410086989402771,proxy,medium,dist_strong_m=30.7 (+1.40); frac_wet_500=0.995 (+1.27); s_point=0.241 (-1.25),"hazard source: proxy; annual flood probability 4% (top 40% of portfolio); insured value KES 34,465,000 (top 35%); permanent_masonry vulnerability cap 85%"
NBO-0477,-1.319008,36.757525,permanent_masonry,45370000.0,0.0,0.0,0.0,0.0,3166364.6157785784,0.158613251436601,10057101.996083908,0.5052142106626011,15064759.091147618,0.8501321833774809,428967.5572775797,0.009454872322626838,0.04,46.5,low,126,0.0007063126127036559,0.0,0.0,0.5057351800397936,0.14237195901289146,0.0,Kibera,3601.518682314341,0.21253304584437022,ml_model,low,dist_strong_m=97.1 (+1.30); s_max_150=0.393 (-0.43); s_point=0 (+0.33),"hazard source: ml_model; annual flood probability 4% (top 40% of portfolio); insured value KES 45,370,000 (top 28%); permanent_masonry vulnerability cap 85%"
NBO-0484,-1.271068,36.744576,concrete_rcc,641870000.0,0.0,0.0,0.0,0.0,0.0,0.0,0.0,0.0,60410453.48182626,0.3055725240001175,422873.17437278386,0.0006588143617442533,0.004,38.7,low,127,0.0006962779622055592,0.0,0.0,0.38997877608607273,0.1806429343221597,0.18178205514635162,Kangemi,923.294863160273,0.07639313100002937,known_hotspot,medium,dist_strong_m=477 (+0.70); frac_wet_500=0.0716 (-0.56); frac_wet_150=0 (+0.38),"hazard source: known_hotspot; annual flood probability 0% (top 63% of portfolio); insured value KES 641,870,000 (top 6%); concrete_rcc vulnerability cap 80%"
NBO-0133,-1.207541,36.772299,permanent_masonry,25915000.0,0.0,0.0,0.0,0.0,4610121.393990876,0.40430440373168186,7782007.993935465,0.750905362957682,10592678.523186332,1.0958233356725617,421680.3562827321,0.01627167108943593,0.04,64.7,medium,128,0.0006943139384760922,0.0,0.0,0.6518944027697072,0.17065317174746,0.0,Kitisuru,3654.1098822489575,0.27395583391814043,ml_model,low,dist_strong_m=276 (+1.01); s_max_1000=0.609 (+0.84); s_max_500=0.587 (-0.50),"hazard source: ml_model; annual flood probability 4% (top 40% of portfolio); insured value KES 25,915,000 (top 38%); permanent_masonry vulnerability cap 85%"
NBO-0558,-1.196781,36.753065,permanent_masonry,35710000.0,0.0,0.0,0.0,0.0,3566004.8742778627,0.22695481748668966,8696736.571651248,0.5735557767126898,12638183.229458725,0.9184737494275695,405478.76023843733,0.011354767858819304,0.04,50.7,medium,129,0.0006676373485152104,0.0,0.0,0.5463908979226634,0.1349627252452115,0.0,Kitisuru,5243.114572125163,0.22961843735689239,ml_model,low,dist_strong_m=391 (+0.83); frac_wet_500=0.115 (-0.47); frac_wet_150=0.00826 (+0.37),"hazard source: ml_model; annual flood probability 4% (top 40% of portfolio); insured value KES 35,710,000 (top 34%); permanent_masonry vulnerability cap 85%"
NBO-0322,-1.317859,36.80791,concrete_rcc,394920000.0,0.0,0.0,0.0,0.0,0.0,0.0,4327748.584084732,0.03557969149830059,46281970.36572931,0.3804976642131804,401873.26707363036,0.0010176067737101954,0.01,40.2,low,130,0.0006617007566818282,401873.26707363036,0.0951244160532951,0.4422046546494407,0.13891077792044548,0.017144861456956085,Madaraka,1425.8430442666859,0.0951244160532951,proxy,medium,dist_strong_m=165 (+1.19); frac_wet_150=0.967 (-0.65); frac_wet_500=0.56 (+0.41),"hazard source: proxy; annual flood probability 1% (top 57% of portfolio); insured value KES 394,920,000 (top 11%); concrete_rcc vulnerability cap 80%"
NBO-0286,-1.211654,36.859362,permanent_masonry,27450000.0,0.0,0.0,0.0,0.0,4155810.111795674,0.34408098292727884,7713950.1798744025,0.6906819421532789,10724165.298939288,1.0355999148681587,400931.7153611196,0.014605891269986142,0.04,60.0,medium,131,0.0006601504533109168,15968.726929754002,0.0472190491855144,0.6160680887462523,0.1694673834856896,0.0,Mathare,5365.340370357871,0.2588999787170397,ml_model,low,s_max_1000=0.755 (+1.52); dist_wet_m=0 (+0.35); frac_wet_500=0.189 (-0.32),"hazard source: ml_model; annual flood probability 4% (top 40% of portfolio); insured value KES 27,450,000 (top 38%); permanent_masonry vulnerability cap 85%"
NBO-0089,-1.212553,36.795312,permanent_masonry,32095000.0,0.0,0.0,0.0,0.0,3716841.1439626087,0.2631988233768081,8188587.687243881,0.6097997826028082,11731033.234214783,0.954717755317688,396769.6624882107,0.012362351222564596,0.04,53.3,medium,132,0.0006532974631744791,396769.6624882107,0.238679438829422,0.28850404968191623,0.12806048931909358,0.0,Westlands,3914.9042645533495,0.238679438829422,proxy,medium,dist_strong_m=30.7 (+1.40); s_point=0.239 (-1.24); s_max_1000=0.587 (+0.73),"hazard source: proxy; annual flood probability 4% (top 40% of portfolio); insured value KES 32,095,000 (top 36%); permanent_masonry vulnerability cap 85%"
NBO-0121,-1.229133,36.79396,permanent_masonry,38180000.0,0.0,0.0,0.0,0.0,3199444.202235649,0.19045217642718992,8852300.390156414,0.53705313565319,13066370.21359773,0.8819711083680698,394780.9876186038,0.010339994437365212,0.04,49.2,low,133,0.0006500230287349971,0.0,0.0,0.524675839830389,0.14619231586384632,0.0,Westlands,2123.5597328478425,0.22049277709201745,ml_model,low,s_max_1000=0.587 (+0.73); frac_wet_500=0.022 (-0.65); frac_wet_150=0.00826 (+0.37),"hazard source: ml_model; annual flood probability 4% (top 40% of portfolio); insured value KES 38,180,000 (top 31%); permanent_masonry vulnerability cap 85%"
NBO-0238,-1.281576,36.902948,permanent_masonry,31835000.0,0.0,0.0,0.0,0.0,3629852.0751687805,0.25913817519088345,8080885.710131677,0.6057391344168835,11594634.081772698,0.9506571071317633,389961.7247373742,0.012249465202995892,0.04,53.2,medium,134,0.0006420879154631457,26761.15175313949,0.0682321786880493,0.5655364573086776,0.12656530542588526,0.07929144117887182,Komarock,1125.7497692237573,0.23766427678294083,ml_model,low,s_max_1000=0.568 (+0.64); frac_wet_500=0.64 (+0.57); frac_wet_150=0.744 (-0.42),"hazard source: ml_model; annual flood probability 4% (top 40% of portfolio); insured value KES 31,835,000 (top 37%); permanent_masonry vulnerability cap 85%"
NBO-0217,-1.295741,36.827042,permanent_masonry,42040000.0,0.0,0.0,0.0,0.0,2755752.7311767135,0.14897893408748775,9167038.634555573,0.49557989331348784,13829449.692106426,0.8404978660283676,385821.71616969735,0.009177490869878624,0.04,46.3,low,135,0.0006352712221761072,23607.884306359258,0.0455809794366359,0.5000038204766762,0.08858039685524066,0.0,Nairobi West,1506.4501765655739,0.2101244665070919,ml_model,low,dist_strong_m=283 (+1.00); frac_wet_500=0.541 (+0.37); dist_wet_m=0 (+0.35),"hazard source: ml_model; annual flood probability 4% (top 40% of portfolio); insured value KES 42,040,000 (top 30%); permanent_masonry vulnerability cap 85%"
NBO-0257,-1.23058,36.769731,concrete_rcc,1181605000.0,0.0,0.0,0.0,0.0,0.0,0.0,0.0,0.0,54616579.275735684,0.15007261825233553,382316.0549301498,0.0003235565649520354,0.004,36.0,low,136,0.0006294990076872699,0.0,0.0,0.05753632966044178,0.025009715572301597,0.08927670789895019,Kitisuru,1099.093866537495,0.03751815456308388,known_hotspot,medium,dist_strong_m=1.63e+03 (-1.12); s_max_1000=0.252 (-0.84); frac_wet_500=0.0716 (-0.56),"hazard source: known_hotspot; annual flood probability 0% (top 63% of portfolio); insured value KES 1,181,605,000 (top 1%); concrete_rcc vulnerability cap 80%"
NBO-0258,-1.325808,36.801523,permanent_masonry,36655000.0,0.0,0.0,0.0,0.0,2892064.805083181,0.17931727068632464,8368110.469579604,0.5259182299123247,12413860.322336059,0.8708362026272045,367665.9269375284,0.010030444057769157,0.04,47.7,low,137,0.0006053769732738013,0.0,0.0,0.5180517951586415,0.14028301442682112,0.011609622715816642,Lang'ata,1492.6354176899183,0.21770905065680113,ml_model,low,frac_wet_500=0.0643 (-0.57); s_max_1000=0.506 (+0.35); frac_wet_150=0.0248 (+0.35),"hazard source: ml_model; annual flood probability 4% (top 40% of portfolio); insured value KES 36,655,000 (top 33%); permanent_masonry vulnerability cap 85%"
NBO-0112,-1.271695,36.878829,permanent_masonry,27190000.0,0.0,0.0,0.0,0.0,3201655.8384762723,0.2676164230228587,6975582.599470871,0.6142173822488588,9976644.896468498,0.9591353549637386,339471.5137971874,0.012485160492724804,0.04,53.5,medium,138,0.000558953719880971,98270.25493580775,0.1458158493041992,0.5705800826149109,0.11715724670951527,0.015580134355948285,Kariobangi,1442.525322994368,0.23978383874093465,ml_model,low,frac_wet_500=0.992 (+1.27); dist_strong_m=331 (+0.93); s_mean_1000=0.211 (-0.81),"hazard source: ml_model; annual flood probability 4% (top 40% of portfolio); insured value KES 27,190,000 (top 38%); permanent_masonry vulnerability cap 85%"
NBO-0178,-1.265205,36.79272,permanent_masonry,19485000.0,0.0,0.0,16223.466115125018,0.0018923024838599645,3706327.835280329,0.43230548385475176,6025737.453897104,0.7789064430807519,8128115.622533364,1.1238244157956316,333442.7134047063,0.017112790013071914,0.1,66.8,medium,139,0.0005490270536694123,0.0,0.0,0.6685519668217924,0.11008250620562961,0.021052799074016172,Kileleshwa,1389.3742755385383,0.2809561039489079,ml_model,low,dist_strong_m=194 (+1.14); s_max_1000=0.616 (+0.87); s_max_500=0.535 (-0.42),"hazard source: ml_model; annual flood probability 10% (top 16% of portfolio); insured value KES 19,485,000 (top 40%); permanent_masonry vulnerability cap 85%"
NBO-0080,-1.204947,36.819248,concrete_rcc,534130000.0,0.0,0.0,0.0,0.0,0.0,0.0,0.0,0.0,45106532.975293346,0.27418377995491,315745.7308270534,0.0005911402295827859,0.004,38.0,low,140,0.0005198882486727801,315745.7308270534,0.0685459449887275,0.019945752403925873,0.01480347624520731,0.0,Westlands,5914.140811443579,0.0685459449887275,proxy,medium,dist_strong_m=1.86e+03 (-1.47); s_max_1000=0.14 (-1.37); frac_wet_500=0.023 (-0.65),"hazard source: proxy; annual flood probability 0% (top 63% of portfolio); insured value KES 534,130,000 (top 7%); concrete_rcc vulnerability cap 80%"
NBO-0242,-1.219856,36.921451,semi_permanent,5850000.0,222789.17463190603,0.07212806741514699,1354834.5862460353,0.4468636868972735,2315545.084572756,0.8772768682681653,3045486.704702713,1.2238778274941655,3592848.2338428493,1.5687958002090452,303694.4527586009,0.0519135816681369,0.2,95.3,very_high,141,0.0005000453268607723,303694.4527586009,0.3921989500522613,0.3040299749390692,0.14454632263660286,0.0,Mwiki,1945.1687582570316,0.3921989500522613,proxy,medium,s_point=0.392 (-2.24); s_max_1000=0.805 (+1.76); dist_strong_m=0 (+1.45),"hazard source: proxy; annual flood probability 20% (top 3% of portfolio); insured value KES 5,850,000 (top 46%); semi_permanent vulnerability cap 90%"
NBO-0206,-1.274787,36.929401,semi_permanent,8345000.0,0.0,0.0,1048540.6520717129,0.23797153350575395,2642525.451127914,0.6683847148766457,3716819.9621391688,1.014985674102646,4664976.526230754,1.3599036468175256,302354.4924686135,0.03623181455585542,0.1,91.5,very_high,142,0.0004978390274861841,41665.76281382299,0.1609867513179779,0.8089931531913945,0.09883413273520744,0.016754093889916784,Kayole,1429.8798269848294,0.3399759117043814,ml_model,low,s_max_1000=0.888 (+2.15); frac_wet_500=1 (+1.28); s_mean_1000=0.224 (-0.88),"hazard source: ml_model; annual flood probability 10% (top 16% of portfolio); insured value KES 8,345,000 (top 41%); semi_permanent vulnerability cap 90%"
NBO-0079,-1.240748,36.917596,semi_permanent,3200000.0,962414.807130358,0.6269651750735334,1409959.3153281203,1.00170079455566,1849849.8868627506,1.4321139759265518,2125447.7631774438,1.7787149351525517,2363855.0659179688,2.1236329078674316,298965.7756902111,0.09342680490319097,0.2,97.8,very_high,143,0.000492259366831527,298965.7756902111,0.5309082269668579,0.19747964282514532,0.18467691823603166,0.024580160708839383,Dandora,1361.2155664461022,0.5309082269668579,proxy,medium,s_point=0.531 (-3.15); s_max_1000=0.975 (+2.55); s_mean_1000=0.362 (-1.63),"hazard source: proxy; annual flood probability 20% (top 3% of portfolio); insured value KES 3,200,000 (top 66%); semi_permanent vulnerability cap 90%"
NBO-0267,-1.265873,36.781748,permanent_masonry,28335000.0,0.0,0.0,0.0,0.0,2292726.984523649,0.18389776413074488,6510238.024420278,0.530498723356745,9637678.266620636,0.8754166960716248,287820.74660947366,0.01015778177552404,0.04,48.0,low,144,0.000473908621011418,287820.74660947366,0.2188541740179062,0.3031757163777691,0.14059739518580575,0.08945088655816659,Lavington,1098.6504352754096,0.2188541740179062,proxy,medium,dist_strong_m=30.7 (+1.40); s_point=0.219 (-1.11); s_max_1000=0.616 (+0.87),"hazard source: proxy; annual flood probability 4% (top 40% of portfolio); insured value KES 28,335,000 (top 38%); permanent_masonry vulnerability cap 85%"
NBO-0279,-1.242356,36.946982,semi_permanent,3240000.0,748703.2722487843,0.44552410642424145,1214934.3405836667,0.820259725906368,1717775.5779686768,1.2506729072772598,2014244.1744522282,1.5972738665032598,2266423.536758423,1.9421918392181396,264051.1717651721,0.08149727523616422,0.2,97.2,very_high,145,0.0004347710446928669,264051.1717651721,0.4855479598045349,0.3114974046097574,0.20236257976363584,0.0,Mwiki,1861.0675666616876,0.4855479598045349,proxy,medium,s_point=0.486 (-2.86); s_max_1000=0.848 (+1.96); s_mean_1000=0.344 (-1.53),"hazard source: proxy; annual flood probability 20% (top 3% of portfolio); insured value KES 3,240,000 (top 65%); semi_permanent vulnerability cap 90%"
NBO-0293,-1.204167,36.891005,semi_permanent,2185000.0,985651.4686295742,1.0308307508639387,1247786.9050704243,1.4055663703460652,1478308.9092283351,1.835979551716957,1641890.697944638,2.182580510942957,1797468.0819320676,2.527498483657837,257765.7358889157,0.11797058850751291,0.2,99.8,very_high,146,0.0004244218176699309,257765.7358889157,0.6318746209144592,0.11213308921218412,0.11933244339150105,0.0,Dandora,4830.279175070396,0.6318746209144592,proxy,medium,s_point=0.632 (-3.82); s_max_1000=0.77 (+1.59); dist_strong_m=0 (+1.45),"hazard source: proxy; annual flood probability 20% (top 3% of portfolio); insured value KES 2,185,000 (top 70%); semi_permanent vulnerability cap 90%"
NBO-0319,-1.256119,36.841093,semi_permanent,6610000.0,0.0,0.0,957732.6267541064,0.27441566575955467,2185624.772940384,0.7048288471304465,3030782.3672058005,1.0514298063564467,3758682.7283906275,1.3963477790713263,255836.58663108462,0.038704476041011286,0.1,92.8,very_high,147,0.0004212453945827363,0.0,0.0,0.8306734049771173,0.07850071449945262,0.0,Mathare,3363.901951747177,0.3490869447678316,ml_model,low,s_max_1000=0.713 (+1.33); dist_strong_m=389 (+0.84); s_point=0 (+0.33),"hazard source: ml_model; annual flood probability 10% (top 16% of portfolio); insured value KES 6,610,000 (top 43%); semi_permanent vulnerability cap 90%"
NBO-0240,-1.211563,36.84204,permanent_masonry,18665000.0,0.0,0.0,0.0,0.0,2519591.805480574,0.30679587529900076,5022508.613250925,0.6533968345250009,7082634.680682359,0.9983148072398806,253365.229049919,0.013574349266001554,0.04,56.8,medium,148,0.0004171762033339712,0.0,0.0,0.5938875490750262,0.16157443605896607,0.0,Mathare,6139.773271591267,0.24957870180997016,ml_model,low,s_max_1000=0.697 (+1.25); frac_wet_500=0.0845 (-0.53); frac_wet_150=0 (+0.38),"hazard source: ml_model; annual flood probability 4% (top 40% of portfolio); insured value KES 18,665,000 (top 40%); permanent_masonry vulnerability cap 85%"
NBO-0002,-1.257597,36.896201,semi_permanent,3300000.0,587110.5321427903,0.3369550804308943,1099854.45492978,0.7116906999130208,1620819.410965288,1.1421038812839126,1956959.657052236,1.4887048405099126,2231006.341266632,1.8336228132247925,241123.07471076658,0.07306759839720199,0.2,96.5,very_high,149,0.0003970189959421476,241123.07471076658,0.4584057033061981,0.22612470795584633,0.10637135544871128,0.0,Kariobangi,1597.0120255715933,0.4584057033061981,proxy,medium,s_point=0.458 (-2.68); dist_strong_m=0 (+1.45); frac_wet_500=1 (+1.28),"hazard source: proxy; annual flood probability 20% (top 3% of portfolio); insured value KES 3,300,000 (top 64%); semi_permanent vulnerability cap 90%"
NBO-0404,-1.297077,36.90215,semi_permanent,4480000.0,224499.76471226703,0.0949082473925642,1076737.737061868,0.46964386687469073,1810012.0074104755,0.9000570482455825,2369010.0344501687,1.2466580074715825,2778388.7432861323,1.5915759801864624,240905.44935714014,0.053773537802933064,0.2,95.7,very_high,150,0.000396660666904199,240905.44935714014,0.3978939950466156,0.3760252596085075,0.19578562857438234,0.062667086536609,Tassia,1176.8430024413774,0.3978939950466156,proxy,medium,s_point=0.398 (-2.28); dist_strong_m=0 (+1.45); s_max_1000=0.723 (+1.37),"hazard source: proxy; annual flood probability 20% (top 3% of portfolio); insured value KES 4,480,000 (top 55%); semi_permanent vulnerability cap 90%"
NBO-0031,-1.229115,36.841887,permanent_masonry,23060000.0,0.0,0.0,0.0,0.0,1954455.9159686065,0.1926255534937127,5362660.282661305,0.5392265127197128,7907878.986918946,0.8841444854345926,239833.5542149234,0.010400414319814545,0.04,49.3,low,151,0.00039489574774982677,80121.63835136167,0.1423778533935547,0.5259687602297385,0.1214192970702918,0.0,Mathare,4613.147321625531,0.22103612135864814,ml_model,low,s_max_1000=0.618 (+0.88); dist_strong_m=437 (+0.76); s_point=0.142 (-0.61),"hazard source: ml_model; annual flood probability 4% (top 40% of portfolio); insured value KES 23,060,000 (top 39%); permanent_masonry vulnerability cap 85%"
NBO-0376,-1.330722,36.930502,semi_permanent,8385000.0,0.0,0.0,490410.36864461354,0.1107701271761925,2245623.6641922435,0.5411833085470843,3350665.5906998324,0.8877842677730844,4391834.983136968,1.2327022404879642,231340.7198947758,0.02758982944481524,0.1,84.2,high,152,0.00038091194898426855,6370.679030578128,0.0513914301991462,0.7333223017764783,0.10910566250700807,0.0,Fedha,3932.068202286957,0.30817556012199104,ml_model,low,frac_wet_500=0.952 (+1.19); dist_strong_m=331 (+0.93); frac_wet_150=0.967 (-0.65),"hazard source: ml_model; annual flood probability 10% (top 16% of portfolio); insured value KES 8,385,000 (top 41%); semi_permanent vulnerability cap 90%"
NBO-0005,-1.202301,36.930681,informal_iron_sheet,1570000.0,926610.5180835885,1.1824175218752913,1099677.2166214094,1.5571531413574178,1282129.3642045304,1.9875663227283096,1350357.1159201919,2.3341672819543096,1414754.7464847565,2.6790852546691895,226210.2359350528,0.1440829528248744,0.2,100.0,very_high,153,0.0003724643974887104,226210.2359350528,0.6697713136672974,0.08751901638409292,0.11201319309629518,0.0,Mwiki,3398.7738810542737,0.6697713136672974,proxy,medium,s_point=0.67 (-4.07); s_max_1000=0.778 (+1.63); dist_strong_m=0 (+1.45),"hazard source: proxy; annual flood probability 20% (top 3% of portfolio); insured value KES 1,570,000 (top 74%); informal_iron_sheet vulnerability cap 95%"
NBO-0538,-1.27839,36.927619,semi_permanent,5200000.0,0.0,0.0,926084.1941996864,0.337297564903732,1844964.8181611686,0.7677107462746238,2501991.512697168,1.114311705500624,3043230.5022542435,1.4592296782155036,223448.61309755623,0.04297088713414543,0.1,93.5,very_high,154,0.0003679172726337832,18547.395551196016,0.1317443251609802,0.8680812213223125,0.08098874507670144,0.0,Kayole,1586.9634445256538,0.3648074195538759,ml_model,low,s_max_1000=0.888 (+2.15); frac_wet_500=1 (+1.28); s_mean_1000=0.193 (-0.71),"hazard source: ml_model; annual flood probability 10% (top 16% of portfolio); insured value KES 5,200,000 (top 50%); semi_permanent vulnerability cap 90%"
NBO-0350,-1.292185,36.740383,concrete_rcc,475860000.0,0.0,0.0,0.0,0.0,0.0,0.0,0.0,0.0,31346174.331343133,0.2138723433017728,219423.22031940194,0.00046110877215862215,0.004,37.7,low,155,0.0003612892989279377,219423.22031940194,0.0534680858254432,0.0856109558360067,0.04105879140431351,0.0,Kawangware,1973.5591067329142,0.0534680858254432,proxy,medium,s_max_1000=0.288 (-0.68); dist_strong_m=1.23e+03 (-0.50); dist_wet_m=0 (+0.35),"hazard source: proxy; annual flood probability 0% (top 63% of portfolio); insured value KES 475,860,000 (top 8%); concrete_rcc vulnerability cap 80%"
NBO-0433,-1.247364,36.787692,semi_permanent,4320000.0,119139.54437386435,0.052232193626308376,967488.3658093205,0.4269678131084349,1678998.922614249,0.8573809944793267,2218032.7344025243,1.203981953705327,2630489.388083717,1.5488999264202066,217249.01293691155,0.05028912336502582,0.2,95.2,very_high,156,0.0003577093776242558,0.0,0.0,0.5186346610841481,0.1884444405665223,0.9214251600729316,Westlands,202.27916415305398,0.38722498160505164,known_hotspot,high,dist_strong_m=61.4 (+1.35); s_max_150=0.565 (-0.71); s_max_1000=0.565 (+0.63),"hazard source: known_hotspot; annual flood probability 20% (top 3% of portfolio); insured value KES 4,320,000 (top 56%); semi_permanent vulnerability cap 90%"
NBO-0071,-1.220708,36.937779,semi_permanent,3840000.0,204596.71692134053,0.10090983907499829,931767.767369994,0.4756454585571248,1559735.4638364902,0.9060586399280166,2037896.195238376,1.2526595991540166,2387560.239257812,1.5975775718688965,208354.4062974041,0.05425895997328231,0.2,95.8,very_high,157,0.00034306404431655175,208354.4062974041,0.3993943929672241,0.28167273319536035,0.194945682499234,0.016684744293098217,Mwiki,1430.6048532792402,0.3993943929672241,proxy,medium,s_point=0.399 (-2.29); s_max_1000=0.741 (+1.45); dist_strong_m=0 (+1.45),"hazard source: proxy; annual flood probability 20% (top 3% of portfolio); insured value KES 3,840,000 (top 59%); semi_permanent vulnerability cap 90%"
NBO-0372,-1.244471,36.934206,semi_permanent,5795000.0,0.0,0.0,714199.8486501137,0.23341695056151912,1824907.9159865552,0.6638301319324109,2571561.3423746773,1.0104310911584111,3232521.4258384705,1.3553490638732908,208172.59825501757,0.03592279521225497,0.1,91.2,very_high,158,0.0003427646899452246,208172.59825501757,0.3388372659683227,0.473719016552436,0.1727062830806231,0.032883316629841064,Mwiki,1306.6732267755413,0.3388372659683227,proxy,medium,s_point=0.339 (-1.89); s_max_1000=0.814 (+1.80); dist_strong_m=0 (+1.45),"hazard source: proxy; annual flood probability 10% (top 16% of portfolio); insured value KES 5,795,000 (top 46%); semi_permanent vulnerability cap 90%"
NBO-0250,-1.309464,36.727057,concrete_rcc,346390000.0,0.0,0.0,0.0,0.0,0.0,0.0,0.0,0.0,28049635.252039395,0.2629124522209164,196347.44676427578,0.0005668392469882958,0.004,37.8,low,159,0.0003232940947840206,196347.44676427578,0.0657281130552291,0.28380828363961436,0.10832060984437872,0.0,Kawangware,4399.187969738967,0.0657281130552291,proxy,medium,dist_strong_m=61.4 (+1.35); s_max_1000=0.32 (-0.53); frac_wet_500=0.128 (-0.45),"hazard source: proxy; annual flood probability 0% (top 63% of portfolio); insured value KES 346,390,000 (top 12%); concrete_rcc vulnerability cap 80%"
NBO-0060,-1.207116,36.868812,semi_permanent,6050000.0,0.0,0.0,542560.8619171799,0.16984750247845604,1757525.620718805,0.6002606838493478,2546264.658618108,0.9468616430753479,3273230.4023401514,1.2917796157902277,191238.89855722763,0.03160973529871531,0.1,88.8,high,160,0.0003148826614016403,4533.701122033589,0.0506880469620227,0.7684668447298678,0.12816990272817216,0.0,Mathare,5710.71590736342,0.3229449039475569,ml_model,low,s_max_1000=0.794 (+1.70); dist_strong_m=165 (+1.19); s_max_500=0.794 (-0.82),"hazard source: ml_model; annual flood probability 10% (top 16% of portfolio); insured value KES 6,050,000 (top 45%); semi_permanent vulnerability cap 90%"
NBO-0526,-1.192388,36.92264,semi_permanent,6355000.0,0.0,0.0,408316.68618169293,0.12168797122931507,1728603.4847133367,0.5521011526002069,2564450.6914359964,0.898702111826207,3353554.0294130985,1.2436200845410867,180087.48235837521,0.028337920119335204,0.1,85.2,high,161,0.0002965213989305472,63847.7108958518,0.205046534538269,0.7398172186091947,0.09893364133267342,0.0,Mwiki,4641.745514949202,0.3109050211352717,ml_model,low,s_max_1000=0.768 (+1.58); frac_wet_500=1 (+1.28); dist_strong_m=174 (+1.18),"hazard source: ml_model; annual flood probability 10% (top 16% of portfolio); insured value KES 6,355,000 (top 44%); semi_permanent vulnerability cap 90%"
NBO-0142,-1.257697,36.845664,semi_permanent,4885000.0,0.0,0.0,617221.6673001335,0.23929998577127476,1549374.7474519617,0.6697131671421666,2178090.0226310575,1.0163141263681665,2732499.36426146,1.3612320990830464,177432.7129765382,0.03632194738516647,0.1,91.8,very_high,162,0.0002921502126569017,0.0,0.0,0.8097834362306842,0.10123007563301888,0.0,Mathare,2847.1683771591665,0.3403080247707616,ml_model,low,s_max_1000=0.723 (+1.37); dist_strong_m=154 (+1.21); frac_wet_500=0.738 (+0.76),"hazard source: ml_model; annual flood probability 10% (top 16% of portfolio); insured value KES 4,885,000 (top 52%); semi_permanent vulnerability cap 90%"
NBO-0459,-1.276579,36.926282,semi_permanent,4475000.0,0.0,0.0,632000.2663464601,0.26747937461759785,1467758.5682106207,0.6978925559884896,2040679.053010543,1.0444935152144899,2536450.7318397574,1.3894114879293695,171096.5349542628,0.0382338625596118,0.1,92.7,very_high,163,0.0002817174366169811,29716.581152180137,0.1803040653467178,0.8265470743686826,0.07619621889569489,0.028051648406376382,Kayole,1336.7325615141556,0.3473528719823424,ml_model,low,s_max_1000=0.888 (+2.15); frac_wet_500=1 (+1.28); dist_strong_m=303 (+0.97),"hazard source: ml_model; annual flood probability 10% (top 16% of portfolio); insured value KES 4,475,000 (top 55%); semi_permanent vulnerability cap 90%"
NBO-0363,-1.265965,36.71004,permanent_masonry,41830000.0,0.0,0.0,0.0,0.0,0.0,0.0,5238368.94251822,0.28461353000881384,10936456.882858273,0.6295315027236936,170845.83914533586,0.004084289723770879,0.01,43.7,low,164,0.00028130465572296477,170845.83914533586,0.1573828756809234,0.26998642177375287,0.10595592973339703,0.0,Kangemi,4703.056728492541,0.1573828756809234,proxy,medium,dist_strong_m=97.1 (+1.30); s_point=0.157 (-0.70); dist_wet_m=0 (+0.35),"hazard source: proxy; annual flood probability 1% (top 57% of portfolio); insured value KES 41,830,000 (top 30%); permanent_masonry vulnerability cap 85%"
NBO-0471,-1.210378,36.930778,semi_permanent,4990000.0,0.0,0.0,512456.3240161512,0.19450124643838862,1496836.029991031,0.6249144278092804,2144430.241270178,0.9715153870352805,2732216.650800471,1.3164333597501603,166079.388169355,0.033282442518908814,0.1,89.7,high,165,0.00027345649941124987,20794.620204219755,0.1440567374229431,0.783133111792828,0.1310591910339316,0.0,Mwiki,2503.8108938926553,0.3291083399375401,ml_model,low,s_max_1000=0.805 (+1.76); s_mean_1000=0.299 (-1.29); frac_wet_500=1 (+1.28),"hazard source: ml_model; annual flood probability 10% (top 16% of portfolio); insured value KES 4,990,000 (top 51%); semi_permanent vulnerability cap 90%"
NBO-0275,-1.305913,36.879391,semi_permanent,4445000.0,0.0,0.0,560646.6937750499,0.23888208310966097,1409106.701036566,0.6692952644805528,1981237.1371752261,1.015896223706553,2485888.2432166226,1.3608141964214326,161325.02322031988,0.0362935935253813,0.1,91.7,very_high,166,0.00026562824323679357,122.70346754751502,0.0018672097939997,0.8095348300939648,0.07360085772658977,0.03906122594468385,Donholm,1273.3076941245422,0.34020354910535816,ml_model,low,s_max_1000=0.627 (+0.92); dist_strong_m=339 (+0.91); frac_wet_500=0.802 (+0.89),"hazard source: ml_model; annual flood probability 10% (top 16% of portfolio); insured value KES 4,445,000 (top 55%); semi_permanent vulnerability cap 90%"
NBO-0014,-1.193437,36.9237,semi_permanent,5425000.0,0.0,0.0,399756.40372376994,0.13956025824737117,1512868.6694127652,0.569973439618263,2224069.8009428456,0.9165743988442631,2891709.3745470047,1.2614923715591428,160334.8244602763,0.029554806352124662,0.1,87.7,high,167,0.0002639978405141705,160334.8244602763,0.3153730928897857,0.5127791808236406,0.13753611435788143,0.0,Mwiki,4499.738376571102,0.3153730928897857,proxy,high,s_point=0.315 (-1.74); s_max_1000=0.752 (+1.51); dist_strong_m=0 (+1.45),"hazard source: proxy; annual flood probability 10% (top 16% of portfolio); insured value KES 5,425,000 (top 48%); semi_permanent vulnerability cap 90%"
NBO-0226,-1.317641,36.884345,semi_permanent,6855000.0,0.0,0.0,163225.55659977812,0.045096909079796355,1662994.7212951556,0.47551009045068815,2575359.35828494,0.8221110496766882,3428394.2214579117,1.167029022391568,158248.03498559856,0.023085052514310513,0.1,79.0,high,168,0.00026056185636801196,3187.6895898377848,0.0314540527760982,0.6942539575505005,0.14903730282846558,0.0,Fedha,1588.21724454389,0.291757255597892,ml_model,low,s_max_1000=0.627 (+0.92); frac_wet_150=0.868 (-0.55); frac_wet_500=0.612 (+0.52),"hazard source: ml_model; annual flood probability 10% (top 16% of portfolio); insured value KES 6,855,000 (top 43%); semi_permanent vulnerability cap 90%"
NBO-0591,-1.268694,36.778328,semi_permanent,5395000.0,0.0,0.0,386700.27534573135,0.13575289807682878,1496614.9434702538,0.5661660794477206,2204376.1425121003,0.9127670386737207,2870295.608020556,1.2576850113886004,158054.53430518162,0.0292964845792737,0.1,86.8,high,169,0.0002602432495903512,0.0,0.0,0.7481843036937921,0.0955054062580535,0.43901566461714253,Lavington,641.568462459146,0.3144212528471501,ml_model,low,dist_strong_m=276 (+1.01); s_max_1000=0.616 (+0.87); s_max_500=0.523 (-0.40),"hazard source: ml_model; annual flood probability 10% (top 16% of portfolio); insured value KES 5,395,000 (top 48%); semi_permanent vulnerability cap 90%"
NBO-0338,-1.300632,36.895328,semi_permanent,7740000.0,0.0,0.0,0.0,0.0,1706315.1088712756,0.41784934487755554,2736468.615844424,0.7644503041035556,3710343.7665268886,1.1093682768184354,152013.02135009525,0.019639925239030395,0.04,71.8,medium,170,0.00025029565162496757,57149.37537507432,0.1854711174964904,0.6599521535324439,0.12013920450071798,0.32033831929941803,Donholm,754.4460198949098,0.27734206920460885,ml_model,low,s_max_1000=0.723 (+1.37); frac_wet_500=0.94 (+1.16); dist_strong_m=197 (+1.14),"hazard source: ml_model; annual flood probability 4% (top 40% of portfolio); insured value KES 7,740,000 (top 42%); semi_permanent vulnerability cap 90%"
NBO-0288,-1.267276,36.835611,semi_permanent,5600000.0,0.0,0.0,250598.7321148181,0.08475335907562842,1443814.128576197,0.5151665404465202,2185323.279339801,0.8617674996725203,2880677.912332999,1.2066854723874,144520.09876956174,0.025807160494564597,0.1,82.3,high,171,0.00023795824839981358,2405.9529124259925,0.0290607716888189,0.717845185209595,0.09038344535715047,0.0,Parklands,2816.4760182120194,0.30167136809685,ml_model,low,s_max_1000=0.643 (+0.99); dist_strong_m=360 (+0.88); s_max_500=0.569 (-0.47),"hazard source: ml_model; annual flood probability 10% (top 16% of portfolio); insured value KES 5,600,000 (top 47%); semi_permanent vulnerability cap 90%"
NBO-0087,-1.210741,36.884764,semi_permanent,3110000.0,3354.8914934567383,0.0020430743285690944,618700.757532667,0.3767786938106956,1150580.8250168588,0.8071918751815874,1540586.4574027353,1.1537928344075876,1852501.5210798308,1.4987108071224673,142138.0091838529,0.045703539930499325,0.2,94.2,very_high,172,0.00023403604055348117,0.0,0.0,0.8915681522094728,0.06396254348885758,0.0,Dandora,4477.68608672254,0.3746777017806168,ml_model,low,s_max_1000=0.806 (+1.76); frac_wet_500=0.753 (+0.79); dist_strong_m=523 (+0.62),"hazard source: ml_model; annual flood probability 20% (top 3% of portfolio); insured value KES 3,110,000 (top 66%); semi_permanent vulnerability cap 90%"
NBO-0033,-1.237085,36.896404,informal_iron_sheet,1165000.0,467114.964669072,0.7132378915957502,651271.4163338897,1.0879735110778768,803808.5341097602,1.5183866924487686,912831.8658342984,1.8649876516747685,984644.8062896727,2.2099056243896484,134952.33280414907,0.11583891227823954,0.2,99.5,very_high,173,0.00022220453075352822,134952.33280414907,0.5524764060974121,0.17296050054528472,0.13766260244100043,0.021759220157541677,Dandora,1383.4228738865193,0.5524764060974121,proxy,medium,s_point=0.552 (-3.30); s_max_1000=0.852 (+1.98); dist_strong_m=0 (+1.45),"hazard source: proxy; annual flood probability 20% (top 3% of portfolio); insured value KES 1,165,000 (top 82%); informal_iron_sheet vulnerability cap 95%"
NBO-0547,-1.200929,36.924815,informal_iron_sheet,1475000.0,359116.26136386575,0.3822263578585674,620433.5124598856,0.7569619773406939,872954.8585028644,1.1873751587115857,1023905.9889686436,1.533976117937586,1161269.5716023445,1.8788940906524656,133432.65750026502,0.09046281864424748,0.2,97.7,very_high,174,0.00021970232326455253,133432.65750026502,0.4697235226631164,0.25271074131250937,0.16886768819872303,0.0,Mwiki,3661.772830988958,0.4697235226631164,proxy,medium,s_point=0.47 (-2.75); s_max_1000=0.762 (+1.55); dist_strong_m=0 (+1.45),"hazard source: proxy; annual flood probability 20% (top 3% of portfolio); insured value KES 1,475,000 (top 75%); informal_iron_sheet vulnerability cap 95%"
NBO-0458,-1.271154,36.849901,semi_permanent,4480000.0,0.0,0.0,317728.9610439645,0.1343212937313838,1240324.0122079467,0.5647344751022756,1828201.788484643,0.9113354343282757,2381796.029578081,1.2562534070431555,130813.1018326449,0.029199353087643952,0.1,86.5,high,175,0.00021538911781036435,0.0,0.0,0.7473326565081592,0.12931051328485532,0.0,Kiambiu,1945.4333957380425,0.31406335176078887,ml_model,low,s_max_1000=0.713 (+1.33); s_point=0 (+0.33); frac_wet_150=0.0496 (+0.32),"hazard source: ml_model; annual flood probability 10% (top 16% of portfolio); insured value KES 4,480,000 (top 55%); semi_permanent vulnerability cap 90%"
NBO-0503,-1.225395,36.907248,semi_permanent,4345000.0,0.0,0.0,337248.8829912705,0.14700320944976397,1224107.6997564477,0.5774163908206558,1792947.938942979,0.9240173500466559,2324570.3300333023,1.2689353227615356,130609.81233954855,0.030059795705304614,0.1,88.3,high,176,0.00021505439335260966,130609.81233954855,0.3172338306903839,0.6313400617502413,0.18149447050330555,0.0,Dandora,2173.660314649144,0.3172338306903839,proxy,high,s_max_1000=0.81 (+1.78); s_point=0.317 (-1.75); dist_strong_m=0 (+1.45),"hazard source: proxy; annual flood probability 10% (top 16% of portfolio); insured value KES 4,345,000 (top 56%); semi_permanent vulnerability cap 90%"
NBO-0110,-1.238154,36.925489,semi_permanent,7450000.0,0.0,0.0,0.0,0.0,1349137.163010711,0.34297772091994894,2419746.688161531,0.689578680145949,3370520.022972743,1.0344966528608288,127860.25288319874,0.017162450051436073,0.04,67.0,medium,177,0.00021052713134770752,112581.06787579905,0.2431769371032714,0.6154117691517025,0.18781091202819256,0.1090627035657452,Mwiki,1052.5759592736604,0.2586241632152072,ml_model,low,s_max_1000=0.882 (+2.12); s_mean_1000=0.339 (-1.50); dist_strong_m=30.7 (+1.40),"hazard source: ml_model; annual flood probability 4% (top 40% of portfolio); insured value KES 7,450,000 (top 42%); semi_permanent vulnerability cap 90%"
NBO-0021,-1.31688,36.792734,semi_permanent,4265000.0,0.0,0.0,292929.80483400676,0.1300800227512553,1173853.3499830877,0.5604932041221471,1733952.3784047451,0.9070941633481472,2262715.5847215257,1.252012136063027,123307.93704029558,0.028911591334184195,0.1,86.3,high,178,0.00020303155728318087,1212.1899461477988,0.0192247051745653,0.7164752506734561,0.1544095299072848,0.744809566587941,Lang'ata,383.8142184676991,0.31300303401575674,known_hotspot,high,dist_strong_m=86.9 (+1.31); frac_wet_500=0.691 (+0.67); s_max_150=0.506 (-0.62),"hazard source: known_hotspot; annual flood probability 10% (top 16% of portfolio); insured value KES 4,265,000 (top 56%); semi_permanent vulnerability cap 90%"
NBO-0156,-1.31803,36.786682,semi_permanent,4130000.0,0.0,0.0,297776.76608179393,0.1365547573564614,1146965.793386484,0.5669679387273532,1688694.2374770457,0.9135688979533533,2198153.404826988,1.258486870668233,121219.17209731106,0.029350889127678224,0.1,87.0,high,179,0.0001995923204477282,1787.1212376022281,0.0292692780494689,0.6740743330662681,0.12878523279025103,0.7486613218035411,Lang'ata,380.4395954375532,0.31462171766705826,known_hotspot,high,dist_strong_m=217 (+1.11); s_max_1000=0.564 (+0.62); s_max_500=0.564 (-0.46),"hazard source: known_hotspot; annual flood probability 10% (top 16% of portfolio); insured value KES 4,130,000 (top 56%); semi_permanent vulnerability cap 90%"
NBO-0160,-1.267116,36.905938,semi_permanent,5905000.0,0.0,0.0,0.0,0.0,1319595.687050275,0.4257054786949068,2105520.294114415,0.7723064379209069,2847395.652129555,1.1172244106357867,117212.94077622873,0.01984977828555948,0.04,72.3,medium,180,0.00019299589686397954,6439.285042097563,0.0737608298659324,0.6646256893992429,0.10849396419037599,0.4322060864115018,Komarock,647.63135834077,0.2793061026589467,ml_model,low,frac_wet_500=0.99 (+1.26); dist_strong_m=440 (+0.76); frac_wet_150=1 (-0.69),"hazard source: ml_model; annual flood probability 4% (top 40% of portfolio); insured value KES 5,905,000 (top 45%); semi_permanent vulnerability cap 90%"
NBO-0559,-1.180076,36.902401,semi_permanent,4615000.0,0.0,0.0,185149.20115822222,0.07598296117659076,1174314.9879769464,0.5063961425474826,1786369.3848864639,0.8529971017734826,2359416.1047549658,1.1979150744883624,116326.67221286148,0.02520621283052253,0.1,81.7,high,181,0.0001915366194572642,56228.23527192011,0.2211252897977829,0.7126277627343409,0.11942545583722644,0.0,Mwiki,6788.954590403466,0.2994787686220906,ml_model,low,s_max_1000=0.807 (+1.77); frac_wet_500=1 (+1.28); s_point=0.221 (-1.12),"hazard source: ml_model; annual flood probability 10% (top 16% of portfolio); insured value KES 4,615,000 (top 54%); semi_permanent vulnerability cap 90%"
NBO-0278,-1.184995,36.888914,semi_permanent,3950000.0,0.0,0.0,270071.17775281443,0.12949327663637056,1086266.1155054155,0.5599064580072624,1605053.5473056994,0.9065074172332624,2094986.3966379226,1.2514253899481422,114043.53804593692,0.028871781783781497,0.1,86.2,high,182,0.0001877773457517472,21294.165807725665,0.1691483855247497,0.7444605171602743,0.09521420130392505,0.0,Dandora,6929.995259417701,0.31285634748703556,ml_model,low,s_max_1000=0.783 (+1.65); frac_wet_500=0.998 (+1.28); dist_strong_m=400 (+0.82),"hazard source: ml_model; annual flood probability 10% (top 16% of portfolio); insured value KES 3,950,000 (top 58%); semi_permanent vulnerability cap 90%"
NBO-0243,-1.190807,36.86859,semi_permanent,4500000.0,0.0,0.0,185093.90982119503,0.07790147719747265,1148367.730006134,0.5083146585683644,1744963.3008268706,0.8549156177943645,2303730.416624976,1.1998335905092443,114019.51296723011,0.025337669548273357,0.1,82.0,high,183,0.00018773778747787793,0.0,0.0,0.7137690688326176,0.11674870392115344,0.0,Dandora,7318.476992277151,0.2999583976273111,ml_model,low,dist_strong_m=275 (+1.02); s_max_1000=0.6 (+0.79); s_max_500=0.504 (-0.37),"hazard source: ml_model; annual flood probability 10% (top 16% of portfolio); insured value KES 4,500,000 (top 54%); semi_permanent vulnerability cap 90%"
NBO-0439,-1.192567,36.872725,semi_permanent,5215000.0,0.0,0.0,69741.69246102763,0.025328195350325267,1225549.4513668404,0.45574137672121706,1919638.6682744592,0.8023423359472172,2571066.5034822207,1.147260308662097,113280.02226170582,0.021721960165236014,0.1,76.8,high,184,0.00018652018581213946,0.0,0.0,0.6824937463826215,0.14102460767311203,0.0,Dandora,6900.966834291839,0.28681507716552423,ml_model,low,dist_strong_m=278 (+1.01); s_max_1000=0.6 (+0.79); s_max_500=0.6 (-0.52),"hazard source: ml_model; annual flood probability 10% (top 16% of portfolio); insured value KES 5,215,000 (top 50%); semi_permanent vulnerability cap 90%"
NBO-0035,-1.259929,36.817481,semi_permanent,3940000.0,0.0,0.0,255937.8464802552,0.12302811417486503,1073734.5425089083,0.5534412955457568,1591819.9341682598,0.9000422547717569,2081051.5866670455,1.2449602274866367,112013.2020530193,0.02842974671396429,0.1,85.5,high,185,0.00018443431457026331,0.0,0.0,0.7406144563177521,0.10786548350137071,0.24581451702150692,Parklands,837.609104324667,0.3112400568716592,ml_model,low,s_max_1000=0.668 (+1.11); dist_strong_m=544 (+0.59); frac_wet_500=0.185 (-0.33),"hazard source: ml_model; annual flood probability 10% (top 16% of portfolio); insured value KES 3,940,000 (top 58%); semi_permanent vulnerability cap 90%"
NBO-0345,-1.278319,36.839113,semi_permanent,6630000.0,0.0,0.0,0.0,0.0,1163164.0634117106,0.33227183126848536,2126155.8147757202,0.6788727904944855,2973983.7936281124,1.0237907632093652,111431.07407488672,0.016807100162124694,0.04,66.0,medium,186,0.0001834758170657617,0.0,0.0,0.6090429418843256,0.10897557716552983,0.0,Kiambiu,2736.639328552281,0.2559476908023413,ml_model,low,s_max_1000=0.524 (+0.43); s_point=0 (+0.33); dist_strong_m=719 (+0.32),"hazard source: ml_model; annual flood probability 4% (top 40% of portfolio); insured value KES 6,630,000 (top 43%); semi_permanent vulnerability cap 90%"
NBO-0409,-1.286737,36.831791,semi_permanent,4740000.0,0.0,0.0,128107.91297453473,0.05118747321895167,1160990.2474582493,0.48160065458984347,1791859.4494030457,0.8282016138158436,2381011.2624560264,1.1731195865307233,111413.74310003102,0.023505009092833547,0.1,79.7,high,187,0.00018344728090743606,0.0,0.0,0.6978771735770039,0.06450002284413107,0.0,Nairobi West,2626.668455525756,0.29327989663268084,ml_model,low,dist_strong_m=331 (+0.93); s_max_1000=0.533 (+0.48); s_point=0 (+0.33),"hazard source: ml_model; annual flood probability 10% (top 16% of portfolio); insured value KES 4,740,000 (top 53%); semi_permanent vulnerability cap 90%"
NBO-0352,-1.310166,36.860695,semi_permanent,6100000.0,0.0,0.0,0.0,0.0,1208632.4735056804,0.37525846792898676,2056883.5221678414,0.7218594271549869,2830643.170114227,1.0667773998698666,111226.86689757637,0.01823391260616006,0.04,69.7,medium,188,0.00018313958160344774,0.0,0.0,0.6346152644664844,0.10471246018719568,0.0,Kiambiu,3115.901789209067,0.26669434996746666,ml_model,low,dist_strong_m=418 (+0.79); frac_wet_500=0.641 (+0.57); s_point=0 (+0.33),"hazard source: ml_model; annual flood probability 4% (top 40% of portfolio); insured value KES 6,100,000 (top 45%); semi_permanent vulnerability cap 90%"
NBO-0356,-1.203566,36.90393,informal_iron_sheet,1125000.0,301404.31702200783,0.4331561426333479,498995.2045709589,0.8078917621154744,684720.7102693134,1.2383049434863662,796415.1679488812,1.5849059027123662,901184.002161026,1.929823875427246,106446.02521710325,0.09461868908186956,0.2,98.0,very_high,189,0.00017526773040871406,106446.02521710325,0.4824559688568115,0.23632336718608085,0.1410298914628268,0.0,Mwiki,4601.440989779821,0.4824559688568115,proxy,medium,s_point=0.482 (-2.84); s_max_1000=0.826 (+1.86); s_mean_1000=0.353 (-1.58),"hazard source: proxy; annual flood probability 20% (top 3% of portfolio); insured value KES 1,125,000 (top 82%); informal_iron_sheet vulnerability cap 95%"
NBO-0593,-1.243736,36.854758,semi_permanent,2520000.0,0.0,0.0,431961.1362905167,0.3246461161394576,881855.7810148149,0.7550592975103494,1201026.1849112161,1.1016602567363494,1466379.5644893139,1.4465782294512293,106123.52932873511,0.042112511638386946,0.1,93.2,very_high,190,0.00017473672774980648,0.0,0.0,0.8605550002902551,0.09741332730467923,0.0,Mathare,2455.9660221437384,0.3616445573628073,ml_model,low,s_max_1000=0.798 (+1.72); dist_strong_m=358 (+0.88); frac_wet_150=0.00826 (+0.37),"hazard source: ml_model; annual flood probability 10% (top 16% of portfolio); insured value KES 2,520,000 (top 69%); semi_permanent vulnerability cap 90%"
NBO-0340,-1.1977,36.752666,semi_permanent,8060000.0,0.0,0.0,0.0,0.0,914142.0132335781,0.2148051576325236,2221174.387921805,0.5614061168585237,3274589.978306188,0.9063240895734035,104039.65942624681,0.012908146330799853,0.04,54.2,medium,191,0.00017130555079856538,0.0,0.0,0.5391631861221791,0.10740157264819662,0.0,Kitisuru,5166.144625824308,0.22658102239335087,ml_model,low,dist_strong_m=495 (+0.67); frac_wet_500=0.131 (-0.44); s_max_1000=0.506 (+0.35),"hazard source: ml_model; annual flood probability 4% (top 40% of portfolio); insured value KES 8,060,000 (top 41%); semi_permanent vulnerability cap 90%"
NBO-0221,-1.328457,36.847573,concrete_rcc,1129100000.0,0.0,0.0,0.0,0.0,0.0,0.0,0.0,0.0,14790928.462199738,0.0425316579639908,103536.49923539817,9.169825457036415e-05,0.004,34.5,low,192,0.00017047707698282456,103536.49923539817,0.0106329144909977,0.3284166950623097,0.10062705612616726,0.0,Nairobi West,3496.8727236187938,0.0106329144909977,proxy,medium,dist_wet_m=0 (+0.35); frac_wet_500=0.186 (-0.33); s_max_500=0.104 (+0.26),"hazard source: proxy; annual flood probability 0% (top 63% of portfolio); insured value KES 1,129,100,000 (top 1%); concrete_rcc vulnerability cap 80%"
NBO-0343,-1.254997,36.812644,semi_permanent,5850000.0,0.0,0.0,0.0,0.0,1066275.0529739382,0.34520689360720613,1905077.1606045146,0.6918078528332062,2651344.588604269,1.036725825548086,100833.17839493835,0.017236440751271512,0.04,67.3,medium,193,0.00016602594874851412,0.0,0.0,0.616737881810855,0.14461981827425888,0.18110653594174297,Parklands,924.3023922147956,0.2591814563870215,ml_model,low,dist_strong_m=327 (+0.93); s_max_1000=0.562 (+0.61); frac_wet_500=0.122 (-0.46),"hazard source: ml_model; annual flood probability 4% (top 40% of portfolio); insured value KES 5,850,000 (top 46%); semi_permanent vulnerability cap 90%"
NBO-0389,-1.270773,36.910552,semi_permanent,3325000.0,0.0,0.0,252989.70372559168,0.14410441087126435,933044.0617747849,0.5745175922421561,1368578.9061073828,0.9211185514681562,1776326.8609278693,1.266036524183036,99294.86741434064,0.029863118019350567,0.1,88.0,high,194,0.00016349305685628738,2559.0753857910604,0.0520594380795955,0.7387726467973631,0.10240182668590385,0.7531525355867648,Komarock,376.4887124446929,0.316509131045759,known_hotspot,high,frac_wet_500=0.99 (+1.26); s_max_1000=0.649 (+1.02); dist_strong_m=399 (+0.82),"hazard source: known_hotspot; annual flood probability 10% (top 16% of portfolio); insured value KES 3,325,000 (top 64%); semi_permanent vulnerability cap 90%"
NBO-0450,-1.313857,36.861033,semi_permanent,7390000.0,0.0,0.0,0.0,0.0,879084.6088255038,0.22529539529911013,2066304.5990171768,0.5718963545251102,3030292.8361892696,0.91681432723999,97964.34003278175,0.013256338299429194,0.04,56.0,medium,195,0.00016130228915090005,97964.34003278175,0.2292035818099975,0.41764901920350606,0.13129760980834665,0.0,Donholm,3478.3389407358845,0.2292035818099975,proxy,medium,dist_strong_m=86.9 (+1.31); s_point=0.229 (-1.18); frac_wet_500=0.876 (+1.04),"hazard source: proxy; annual flood probability 4% (top 40% of portfolio); insured value KES 7,390,000 (top 42%); semi_permanent vulnerability cap 90%"
NBO-0073,-1.265598,36.886731,semi_permanent,3550000.0,0.0,0.0,193384.8894239242,0.10317162261199542,940382.8047894718,0.5335848039828872,1408877.4053809578,0.8801857632088873,1849682.5745105743,1.225103735923767,96095.58868787142,0.02706917991207646,0.1,83.7,high,196,0.00015822531369547423,96095.58868787142,0.3062759339809418,0.47609456891987767,0.12034812353621414,0.19795140301243244,Kariobangi,899.9260296668591,0.3062759339809418,proxy,medium,s_point=0.306 (-1.68); dist_strong_m=0 (+1.45); frac_wet_500=1 (+1.28),"hazard source: proxy; annual flood probability 10% (top 16% of portfolio); insured value KES 3,550,000 (top 62%); semi_permanent vulnerability cap 90%"
NBO-0228,-1.197482,36.882829,semi_permanent,4865000.0,0.0,0.0,0.0,0.0,1057962.1029200756,0.4118635362826917,1708833.0319295179,0.7584644955086918,2321664.0548467636,1.1033824682235716,94618.93759006207,0.01944890803495623,0.04,71.7,medium,197,0.00015579394731997335,94618.93759006207,0.2758456170558929,0.5447246824939017,0.1339752018831285,0.0,Dandora,5872.973132709843,0.2758456170558929,proxy,high,s_max_1000=0.806 (+1.76); s_point=0.276 (-1.48); dist_strong_m=30.7 (+1.40),"hazard source: proxy; annual flood probability 4% (top 40% of portfolio); insured value KES 4,865,000 (top 52%); semi_permanent vulnerability cap 90%"
NBO-0370,-1.259124,36.882024,informal_iron_sheet,1300000.0,157674.8886653956,0.18377026650978512,426507.6728589529,0.5585058859919116,682517.6544072401,0.9889190673628034,832767.52933267,1.3355200265888034,953833.7377555928,1.6804379993036833,94384.30440258904,0.07260331107891464,0.2,96.3,very_high,198,0.0001554076141885757,11541.913130773239,0.1853253692388534,0.5935998608149397,0.12481857194905963,0.9996758512860584,Kariobangi,12.731874596691954,0.42010949982592083,known_hotspot,high,dist_strong_m=43.4 (+1.38); frac_wet_500=0.994 (+1.27); s_max_1000=0.665 (+1.10),"hazard source: known_hotspot; annual flood probability 20% (top 3% of portfolio); insured value KES 1,300,000 (top 78%); informal_iron_sheet vulnerability cap 95%"
NBO-0266,-1.245469,36.827153,semi_permanent,3960000.0,0.0,0.0,116609.90818846221,0.05577073203075367,976910.7060750781,0.48618391340164546,1503965.9887125029,0.8327848726276456,1995733.1763203042,1.1777028453425253,94331.29445952267,0.023821033954424916,0.1,80.7,high,199,0.00015532033115107956,0.0,0.0,0.7006037086566981,0.11647653732321561,0.0,Parklands,2683.504577927708,0.29442571133563133,ml_model,low,s_max_1000=0.668 (+1.11); dist_strong_m=412 (+0.80); s_point=0 (+0.33),"hazard source: ml_model; annual flood probability 10% (top 16% of portfolio); insured value KES 3,960,000 (top 58%); semi_permanent vulnerability cap 90%"
NBO-0100,-1.286345,36.846856,semi_permanent,7865000.0,0.0,0.0,0.0,0.0,776234.0343166349,0.18692183299539455,2083224.1961553672,0.5335227922213946,3116417.1818405674,0.8784407649362744,94243.48734792916,0.011982643019444267,0.04,52.3,medium,200,0.00015517575315362637,40929.09249576094,0.1653144210577011,0.5225756736374235,0.15591045557039732,0.0,Kiambiu,1895.0791444355095,0.2196101912340686,ml_model,low,dist_strong_m=61.4 (+1.35); frac_wet_500=0.842 (+0.97); s_point=0.165 (-0.76),"hazard source: ml_model; annual flood probability 4% (top 40% of portfolio); insured value KES 7,865,000 (top 42%); semi_permanent vulnerability cap 90%"
NBO-0399,-1.208904,36.854328,semi_permanent,3425000.0,0.0,0.0,197121.73997177448,0.10900339525092595,914940.6815730147,0.5394165766218177,1366459.6217003595,0.8860175358478178,1791743.4820578063,1.2309355085626976,94080.54743353873,0.027468772973295977,0.1,84.0,high,201,0.00015490746592608588,0.0,0.0,0.7322712905269607,0.11380939495773831,0.0,Mathare,5818.4684872133075,0.3077338771406744,ml_model,low,s_max_1000=0.697 (+1.25); dist_strong_m=645 (+0.43); s_point=0 (+0.33),"hazard source: ml_model; annual flood probability 10% (top 16% of portfolio); insured value KES 3,425,000 (top 62%); semi_permanent vulnerability cap 90%"
NBO-0132,-1.27855,36.818788,semi_permanent,5665000.0,0.0,0.0,0.0,0.0,967863.732948788,0.3235790382695405,1797782.759351899,0.6701799974955406,2523390.8004471315,1.0150979702104204,93577.69325415955,0.016518568976903715,0.04,65.0,medium,202,0.00015407949597073462,1085.183233960565,0.0129572013393044,0.6038716857922386,0.16652255772847985,0.0,Chiromo,1624.137204588771,0.2537744925526051,ml_model,low,dist_strong_m=130 (+1.24); s_max_150=0.505 (-0.61); frac_wet_150=0.818 (-0.49),"hazard source: ml_model; annual flood probability 4% (top 40% of portfolio); insured value KES 5,665,000 (top 47%); semi_permanent vulnerability cap 90%"
NBO-0174,-1.198222,36.903014,semi_permanent,4610000.0,0.0,0.0,9511.241888256804,0.003907530520055547,1045451.8970178305,0.43432071189094734,1659018.7790780647,0.7809216711169474,2237243.4729033005,1.1258396438318272,93329.27705059119,0.02024496248385926,0.1,73.2,medium,203,0.00015367046854009665,31442.433466066723,0.1815550923347473,0.6697508059360318,0.16713762533200752,0.0,Mwiki,5104.764554689234,0.2814599109579568,ml_model,low,s_max_1000=0.833 (+1.88); s_mean_1000=0.35 (-1.56); dist_strong_m=61.4 (+1.35),"hazard source: ml_model; annual flood probability 10% (top 16% of portfolio); insured value KES 4,610,000 (top 54%); semi_permanent vulnerability cap 90%"
NBO-0058,-1.326314,36.926912,semi_permanent,4960000.0,0.0,0.0,0.0,0.0,1001848.7366607933,0.38254854619562306,1686367.3140062403,0.7291495054216232,2314654.88896054,1.074067478136503,91640.38902457179,0.018475884883986247,0.04,70.0,medium,204,0.00015088964538929184,0.0,0.0,0.6389520595164425,0.11275669897807071,0.0,Fedha,3373.4252469120975,0.26851686953412573,ml_model,low,frac_wet_500=0.765 (+0.82); frac_wet_150=0.835 (-0.51); s_max_1000=0.533 (+0.48),"hazard source: ml_model; annual flood probability 4% (top 40% of portfolio); insured value KES 4,960,000 (top 52%); semi_permanent vulnerability cap 90%"
NBO-0554,-1.340246,36.945013,semi_permanent,5180000.0,0.0,0.0,0.0,0.0,971164.1752556331,0.3550822566600975,1706532.1183833545,0.7016832158860976,2366101.8965031025,1.0466011886009774,90982.6792929256,0.01756422380172309,0.04,68.2,medium,205,0.00014980669943900164,10046.251561934943,0.098816879093647,0.6226126370655855,0.13378213748226545,0.0,Fedha,5848.840275777713,0.26165029715024435,ml_model,low,frac_wet_500=0.992 (+1.27); frac_wet_150=1 (-0.69); s_max_1000=0.548 (+0.55),"hazard source: ml_model; annual flood probability 4% (top 40% of portfolio); insured value KES 5,180,000 (top 50%); semi_permanent vulnerability cap 90%"
NBO-0138,-1.243781,36.81987,semi_permanent,4115000.0,0.0,0.0,61167.07168027737,0.028152302956790276,971506.8357152301,0.45856548432768207,1519191.8074457864,0.8051664435536822,2032935.0542602479,1.150084416268562,90187.17125545343,0.021916688032916996,0.1,77.3,high,206,0.0001484968629470775,0.0,0.0,0.6841737799076824,0.13682661078424196,0.0,Parklands,2377.337258383305,0.2875211040671405,ml_model,low,s_max_1000=0.607 (+0.82); dist_strong_m=418 (+0.79); frac_wet_150=0 (+0.38),"hazard source: ml_model; annual flood probability 10% (top 16% of portfolio); insured value KES 4,115,000 (top 57%); semi_permanent vulnerability cap 90%"
NBO-0244,-1.227495,36.945525,informal_iron_sheet,865000.0,280547.3068480628,0.5506919721774153,429422.69005347666,0.9254275916595418,558856.6125412579,1.3558407730304336,639805.2665684901,1.7024417322564336,714215.9373760223,2.0473597049713135,90045.73447090287,0.10409911499526343,0.2,98.5,very_high,207,0.0001482639815015381,90045.73447090287,0.5118399262428284,0.17969813129865692,0.16958692040077547,0.012298594067667416,Mwiki,1482.948132366499,0.5118399262428284,proxy,medium,s_point=0.512 (-3.03); s_mean_1000=0.331 (-1.46); s_max_1000=0.741 (+1.45),"hazard source: proxy; annual flood probability 20% (top 3% of portfolio); insured value KES 865,000 (top 91%); informal_iron_sheet vulnerability cap 95%"
NBO-0323,-1.269099,36.814491,permanent_masonry,36045000.0,0.0,0.0,0.0,0.0,0.0,0.0,2016282.3803597752,0.12713163976593495,7486612.444023225,0.47204961248081473,88699.36995463853,0.002460795393387114,0.01,42.3,low,208,0.00014604713730667792,0.0,0.0,0.4996790480654245,0.1344164165450847,0.28081761921686516,Parklands,796.8845155667641,0.11801240312020368,known_hotspot,medium,dist_strong_m=612 (+0.48); s_max_1000=0.523 (+0.43); frac_wet_150=0.0413 (+0.33),"hazard source: known_hotspot; annual flood probability 1% (top 57% of portfolio); insured value KES 36,045,000 (top 33%); permanent_masonry vulnerability cap 85%"
NBO-0069,-1.22829,36.832026,semi_permanent,5025000.0,0.0,0.0,0.0,0.0,942956.1406286189,0.3554033396007157,1656087.4950160307,0.7020042988267158,2295882.389218746,1.0469222715415956,88313.77796310763,0.017574881186688086,0.04,68.3,medium,209,0.0001454122443355072,0.0,0.0,0.6228036461133033,0.19373904701959824,0.0,Parklands,4539.5428472832045,0.2617305678853989,ml_model,low,dist_strong_m=137 (+1.23); s_max_1000=0.692 (+1.22); s_max_150=0.566 (-0.72),"hazard source: ml_model; annual flood probability 4% (top 40% of portfolio); insured value KES 5,025,000 (top 51%); semi_permanent vulnerability cap 90%"
NBO-0268,-1.277204,36.92012,informal_iron_sheet,875000.0,261840.00909378068,0.4984285930804302,413808.4086965067,0.8731642125625567,551407.9724982833,1.3035773939334485,634854.6359339198,1.6501783531594487,716341.50698781,1.9950963258743284,87451.80590855755,0.09994492103835148,0.2,98.3,very_high,210,0.00014399297212342978,87451.80590855755,0.4987740814685821,0.36026909959042375,0.1868187540405755,0.06600809689520869,Kayole,1165.7568065960158,0.4987740814685821,proxy,medium,s_point=0.499 (-2.94); s_max_1000=0.888 (+2.15); dist_strong_m=0 (+1.45),"hazard source: proxy; annual flood probability 20% (top 3% of portfolio); insured value KES 875,000 (top 90%); informal_iron_sheet vulnerability cap 95%"
NBO-0216,-1.217864,36.946273,semi_permanent,4005000.0,0.0,0.0,50340.13589479847,0.023805534698482234,938852.0478174117,0.45421871606937403,1471896.5950302617,0.8008196752953741,1972324.540901184,1.145737648010254,86575.96352022041,0.02161696966797014,0.1,76.5,high,211,0.0001425508618399644,86575.96352022041,0.2864344120025635,0.5982878437659452,0.16267607404281384,0.0,Mwiki,2198.36692037538,0.2864344120025635,proxy,high,s_point=0.286 (-1.55); s_max_1000=0.741 (+1.45); s_mean_1000=0.312 (-1.35),"hazard source: proxy; annual flood probability 10% (top 16% of portfolio); insured value KES 4,005,000 (top 57%); semi_permanent vulnerability cap 90%"
NBO-0598,-1.340629,36.87552,semi_permanent,6200000.0,0.0,0.0,0.0,0.0,796486.2508179122,0.2433059172830866,1776450.2915928336,0.5899068765090867,2582529.063467893,0.9348248492239665,85895.68997975231,0.01385414354512134,0.04,57.7,medium,212,0.00014143076365638482,0.0,0.0,0.5561180045551006,0.10331254143809453,0.0,Fedha,3771.709715309297,0.23370621230599162,ml_model,low,dist_strong_m=590 (+0.52); frac_wet_500=0.567 (+0.42); s_point=0 (+0.33),"hazard source: ml_model; annual flood probability 4% (top 40% of portfolio); insured value KES 6,200,000 (top 44%); semi_permanent vulnerability cap 90%"
NBO-0074,-1.246897,36.789663,semi_permanent,3200000.0,0.0,0.0,163888.34683759225,0.09699831133853709,840083.2422413462,0.5274114927094289,1262862.3446296141,0.874012451935429,1660207.8491971558,1.2189304246503088,85267.79079558111,0.026646184623619097,0.1,83.3,high,213,0.00014039690199071236,0.0,0.0,0.5410123463528012,0.17957853535820584,0.725129585516213,Westlands,400.87710177575497,0.3047326061625772,known_hotspot,high,dist_strong_m=194 (+1.14); s_max_1000=0.565 (+0.63); s_max_150=0.441 (-0.51),"hazard source: known_hotspot; annual flood probability 10% (top 16% of portfolio); insured value KES 3,200,000 (top 66%); semi_permanent vulnerability cap 90%"
NBO-0123,-1.275351,36.872473,informal_iron_sheet,720000.0,289530.14895954257,0.715833793085008,403119.2924259512,1.0905694125671346,497279.01626155234,1.5209825939380264,564658.2427350867,1.8675835531640264,608760.1318359375,2.2125015258789062,83528.7758659062,0.1160121887026475,0.2,99.7,very_high,214,0.00013753354284461603,83528.7758659062,0.5531253814697266,0.13097093312056093,0.11412955888525213,0.040118788197599786,Kiambiu,1268.051757774743,0.5531253814697266,proxy,medium,s_point=0.553 (-3.30); dist_strong_m=0 (+1.45); frac_wet_500=0.998 (+1.28),"hazard source: proxy; annual flood probability 20% (top 3% of portfolio); insured value KES 720,000 (top 94%); informal_iron_sheet vulnerability cap 95%"
NBO-0302,-1.207697,36.777948,semi_permanent,4830000.0,0.0,0.0,0.0,0.0,879595.6588829536,0.34490701223530085,1572353.664828704,0.6915079714613009,2188537.431733543,1.0364259441761807,83203.93263878438,0.017226487088775232,0.04,67.2,medium,215,0.00013699867519652713,0.0,0.0,0.6165594853654827,0.1489372082894837,0.0,Kitisuru,3714.5270617301635,0.2591064860440452,ml_model,low,s_max_1000=0.609 (+0.84); dist_strong_m=404 (+0.81); s_max_500=0.609 (-0.53),"hazard source: ml_model; annual flood probability 4% (top 40% of portfolio); insured value KES 4,830,000 (top 52%); semi_permanent vulnerability cap 90%"
NBO-0473,-1.204539,36.850227,semi_permanent,5015000.0,0.0,0.0,0.0,0.0,850875.8552875873,0.32133744799223063,1587189.0670845797,0.6679384072182307,2229810.9083312377,1.0128563799331105,82467.49305378253,0.016444166112419247,0.04,64.8,medium,216,0.00013578609732541212,7072.537677723623,0.0887950211763382,0.6025381860322756,0.20097991143863728,0.0,Mathare,6431.105202364346,0.2532140949832776,ml_model,low,dist_strong_m=92.1 (+1.30); s_max_1000=0.697 (+1.25); s_max_150=0.674 (-0.89),"hazard source: ml_model; annual flood probability 4% (top 40% of portfolio); insured value KES 5,015,000 (top 51%); semi_permanent vulnerability cap 90%"
NBO-0012,-1.238124,36.817765,permanent_masonry,35135000.0,0.0,0.0,0.0,0.0,0.0,0.0,1751796.597508463,0.11331595000507544,7084021.504896876,0.4582339227199552,81120.48928943046,0.0023088228060176596,0.01,42.0,low,217,0.0001335682005824528,81120.48928943046,0.1145584806799888,0.32075294068716675,0.1585809605981732,0.0,Parklands,2884.185028140771,0.1145584806799888,proxy,medium,s_max_1000=0.564 (+0.62); frac_wet_500=0.0781 (-0.54); s_point=0.115 (-0.42),"hazard source: proxy; annual flood probability 1% (top 57% of portfolio); insured value KES 35,135,000 (top 34%); permanent_masonry vulnerability cap 85%"
NBO-0576,-1.32098,36.87598,semi_permanent,4980000.0,0.0,0.0,0.0,0.0,815638.7884918327,0.3101948660139926,1554803.7925229429,0.6567958252399927,2194272.496973495,1.0017137979548725,80050.12122635992,0.016074321531397574,0.04,64.2,medium,218,0.00013180579582629847,0.0,0.0,0.5959095748432669,0.08602721125007545,0.0,Fedha,2571.627133960358,0.2504284494887181,ml_model,low,s_max_1000=0.524 (+0.43); s_point=0 (+0.33); dist_wet_m=30.7 (+0.30),"hazard source: ml_model; annual flood probability 4% (top 40% of portfolio); insured value KES 4,980,000 (top 52%); semi_permanent vulnerability cap 90%"
NBO-0536,-1.225209,36.858199,informal_iron_sheet,2490000.0,0.0,0.0,162386.84826051822,0.09881151774401742,781929.3603821396,0.5292246991149092,1180562.650170989,0.8758256583409093,1501085.041638542,1.220743631055789,79935.49207258536,0.03210260725806641,0.1,89.0,high,219,0.0001316170542403185,0.0,0.0,0.7262082439717508,0.11164493707853114,0.0,Mathare,3967.7944195186633,0.3051859077639473,ml_model,low,s_max_1000=0.558 (+0.59); dist_strong_m=587 (+0.52); frac_wet_150=0.0413 (+0.33),"hazard source: ml_model; annual flood probability 10% (top 16% of portfolio); insured value KES 2,490,000 (top 69%); informal_iron_sheet vulnerability cap 95%"
NBO-0052,-1.274863,36.81455,semi_permanent,4795000.0,0.0,0.0,0.0,0.0,822832.1210652654,0.3250039976400865,1524312.774978388,0.6716049568660866,2138321.881042664,1.0165229295809664,79433.32856484657,0.01656586622833088,0.04,65.2,medium,220,0.00013079022150404727,3702.7840121376476,0.0522333420813083,0.6047193799483984,0.14087527556830573,0.1287593724044367,Chiromo,1012.3759051640553,0.2541307323952416,ml_model,low,dist_strong_m=61.4 (+1.35); frac_wet_150=0.901 (-0.58); frac_wet_500=0.624 (+0.54),"hazard source: ml_model; annual flood probability 4% (top 40% of portfolio); insured value KES 4,795,000 (top 52%); semi_permanent vulnerability cap 90%"
NBO-0457,-1.186498,36.925161,permanent_masonry,28450000.0,0.0,0.0,0.0,0.0,0.0,0.0,1962476.3449761309,0.1567723554063054,6274388.74721527,0.5016903281211852,79245.29544007724,0.0027854233898093935,0.01,42.8,low,221,0.0001304806172801905,79245.29544007724,0.1254225820302963,0.4819159660475415,0.17320471754150196,0.0,Mwiki,5222.154338210827,0.1254225820302963,proxy,medium,frac_wet_500=1 (+1.28); dist_strong_m=154 (+1.21); frac_wet_150=1 (-0.69),"hazard source: proxy; annual flood probability 1% (top 57% of portfolio); insured value KES 28,450,000 (top 38%); permanent_masonry vulnerability cap 85%"
NBO-0196,-1.224155,36.832879,semi_permanent,4445000.0,0.0,0.0,0.0,0.0,837211.5466629384,0.3567216938775857,1467187.3701294486,0.7033226531035858,2032994.6494347083,1.0482406258184656,78314.85480820527,0.017618640001845955,0.04,68.5,medium,222,0.0001289486087576022,0.0,0.0,0.6235879219595843,0.19330390453008856,0.0,Parklands,4983.420818376124,0.2620601564546164,ml_model,low,s_max_1000=0.692 (+1.22); dist_strong_m=564 (+0.56); frac_wet_500=0.0973 (-0.51),"hazard source: ml_model; annual flood probability 4% (top 40% of portfolio); insured value KES 4,445,000 (top 55%); semi_permanent vulnerability cap 90%"
NBO-0453,-1.329951,36.944419,informal_iron_sheet,935000.0,181149.4993842978,0.29354966680326977,355981.03420458053,0.6682852862853963,526003.4121953477,1.098698467656288,626665.8403164336,1.445299426882288,713740.382528305,1.790217399597168,77482.27905776592,0.08286874765536462,0.2,97.3,very_high,223,0.0001275777387615153,77482.27905776592,0.447554349899292,0.23540981508797532,0.13813862798182103,0.0,Fedha,5346.421226712048,0.447554349899292,proxy,medium,s_point=0.448 (-2.61); dist_strong_m=0 (+1.45); frac_wet_500=1 (+1.28),"hazard source: proxy; annual flood probability 20% (top 3% of portfolio); insured value KES 935,000 (top 87%); informal_iron_sheet vulnerability cap 95%"
NBO-0211,-1.261427,36.828096,semi_permanent,2760000.0,0.0,0.0,164422.92200290016,0.11282864103185397,741349.4130553261,0.5432418224027458,1104947.7878263218,0.8898427816287459,1447658.2855158264,1.2347607543436256,76537.22552720626,0.027730878814205166,0.1,84.7,high,224,0.00012602166950408548,0.0,0.0,0.7345468911941749,0.1265607097585658,0.0,Parklands,1950.280844866412,0.3086901885859064,ml_model,low,s_max_1000=0.668 (+1.11); dist_strong_m=343 (+0.91); s_max_500=0.62 (-0.55),"hazard source: ml_model; annual flood probability 10% (top 16% of portfolio); insured value KES 2,760,000 (top 68%); semi_permanent vulnerability cap 90%"
NBO-0028,-1.194738,36.942461,semi_permanent,3275000.0,0.0,0.0,75281.80412203843,0.043535625793452715,792538.0198898796,0.4739488071643445,1228423.3862124973,0.8205497663903446,1636086.4644050596,1.1654677391052244,75250.98142746802,0.022977398909150543,0.1,78.5,high,225,0.00012390381603184049,75250.98142746802,0.2913669347763061,0.539292996733186,0.1282935175883969,0.0,Mwiki,4349.334049716832,0.2913669347763061,proxy,high,s_max_1000=0.805 (+1.76); s_point=0.291 (-1.58); dist_strong_m=68.7 (+1.34),"hazard source: proxy; annual flood probability 10% (top 16% of portfolio); insured value KES 3,275,000 (top 64%); semi_permanent vulnerability cap 90%"
NBO-0137,-1.229656,36.944629,semi_permanent,3300000.0,0.0,0.0,66331.71241962176,0.03806916461181231,791660.8288292827,0.4684823459827041,1230873.56436047,0.8150833052087042,1642081.5181732178,1.160001277923584,74581.56907658845,0.022600475477754074,0.1,78.2,high,226,0.00012280160124075805,74581.56907658845,0.290000319480896,0.45135313570259117,0.16893141148578422,0.032443311959772896,Mwiki,1309.2480590034775,0.290000319480896,proxy,medium,s_point=0.29 (-1.57); s_max_1000=0.741 (+1.45); dist_strong_m=30.7 (+1.40),"hazard source: proxy; annual flood probability 10% (top 16% of portfolio); insured value KES 3,300,000 (top 64%); semi_permanent vulnerability cap 90%"
NBO-0514,-1.265043,36.819492,semi_permanent,4725000.0,0.0,0.0,0.0,0.0,738088.685190114,0.2958508438312145,1449164.5514670103,0.6424518030572146,2057515.9885883324,0.9873697757720944,73701.56468007964,0.015598214747106803,0.04,62.8,medium,227,0.00012135263804075867,73701.56468007964,0.2468424439430236,0.30238212249805035,0.16464417789203942,0.13019429135994243,Parklands,1009.6354280953666,0.2468424439430236,proxy,medium,dist_strong_m=43.4 (+1.38); s_point=0.247 (-1.29); frac_wet_150=0.942 (-0.63),"hazard source: proxy; annual flood probability 4% (top 40% of portfolio); insured value KES 4,725,000 (top 53%); semi_permanent vulnerability cap 90%"
NBO-0064,-1.192382,36.925331,informal_iron_sheet,1520000.0,0.0,0.0,294098.6420246057,0.29316052833393713,616524.4174381029,0.7235737097048289,840799.613935704,1.0701746689308291,1006354.0201313989,1.4150926416457088,73450.36133844555,0.04832260614371418,0.1,94.5,very_high,228,0.00012093902147339983,3093.101266360785,0.0937099829316139,0.8418245372765837,0.08137167404117278,0.0,Mwiki,4575.410371635077,0.3537731604114272,ml_model,low,s_max_1000=0.762 (+1.55); frac_wet_500=1 (+1.28); dist_strong_m=221 (+1.10),"hazard source: ml_model; annual flood probability 10% (top 16% of portfolio); insured value KES 1,520,000 (top 75%); informal_iron_sheet vulnerability cap 95%"
NBO-0390,-1.19186,36.849251,semi_permanent,5340000.0,0.0,0.0,0.0,0.0,676049.0519249634,0.239774519040462,1522798.1007140765,0.5863754782664621,2217518.5301665314,0.9312934509813419,73355.20286064246,0.013736929374652146,0.04,57.2,medium,229,0.00012078233915107093,0.0,0.0,0.5540172108656645,0.14092690754657503,0.0,Mathare,7794.74781166338,0.23282336274533547,ml_model,low,s_max_1000=0.625 (+0.91); frac_wet_500=0.154 (-0.39); s_point=0 (+0.33),"hazard source: ml_model; annual flood probability 4% (top 40% of portfolio); insured value KES 5,340,000 (top 49%); semi_permanent vulnerability cap 90%"
NBO-0145,-1.25898,36.789057,semi_permanent,3425000.0,0.0,0.0,36434.20617462823,0.0201472053608871,798077.0206296355,0.4505603867317789,1253926.602203671,0.797161345957779,1682183.7999233883,1.1420793186726588,73174.16786143364,0.021364720543484275,0.1,75.8,high,230,0.00012048425762692609,0.0,0.0,0.679411626970693,0.11591815739320153,0.01735585047641898,Westlands,1423.6968824468383,0.2855198296681647,ml_model,low,s_max_1000=0.616 (+0.87); dist_strong_m=440 (+0.76); s_point=0 (+0.33),"hazard source: ml_model; annual flood probability 10% (top 16% of portfolio); insured value KES 3,425,000 (top 62%); semi_permanent vulnerability cap 90%"
NBO-0011,-1.198387,36.870224,informal_iron_sheet,1405000.0,0.0,0.0,313289.1453631774,0.3395449960901207,599206.0576997251,0.7699581774610125,798692.6437249334,1.1165591366870125,947811.3414516079,1.4614771094018923,73038.55120275189,0.051984733952136576,0.1,95.5,very_high,231,0.00012026095925646758,207.05411916821944,0.0079745389521121,0.8694181957809899,0.09684336983613413,0.0,Dandora,6530.5737132048125,0.3653692773504731,ml_model,low,s_max_1000=0.795 (+1.71); dist_strong_m=248 (+1.06); frac_wet_500=0.866 (+1.02),"hazard source: ml_model; annual flood probability 10% (top 16% of portfolio); insured value KES 1,405,000 (top 76%); informal_iron_sheet vulnerability cap 95%"
NBO-0292,-1.248732,36.879753,informal_iron_sheet,865000.0,173513.5998345204,0.3039299349001934,333370.567043318,0.6786655543823199,489586.5251207543,1.1090787357532117,582173.992762395,1.455679694979212,662729.585289955,1.8005976676940916,72494.9579523782,0.0838091999449459,0.2,97.5,very_high,232,0.00011936591075593247,72494.9579523782,0.4501494169235229,0.3126046933372746,0.15188779601254568,0.06263325722298024,Kariobangi,1176.9577045087144,0.4501494169235229,proxy,medium,s_point=0.45 (-2.63); s_max_1000=0.767 (+1.58); dist_strong_m=0 (+1.45),"hazard source: proxy; annual flood probability 20% (top 3% of portfolio); insured value KES 865,000 (top 91%); informal_iron_sheet vulnerability cap 95%"
NBO-0334,-1.300269,36.932332,semi_permanent,3980000.0,0.0,0.0,0.0,0.0,785093.2215190029,0.3735977337059364,1339494.0663817371,0.7201986929319365,1844499.1585387583,1.0651166656468163,72351.58227299771,0.01817878951582857,0.04,69.5,medium,233,0.00011912983684082316,17901.519383403673,0.1508359909057617,0.6336273101957075,0.14009417822115447,0.0,Tassia,3824.520376725497,0.26627916641170407,ml_model,low,frac_wet_500=1 (+1.28); dist_strong_m=206 (+1.12); frac_wet_150=1 (-0.69),"hazard source: ml_model; annual flood probability 4% (top 40% of portfolio); insured value KES 3,980,000 (top 58%); semi_permanent vulnerability cap 90%"
NBO-0090,-1.272165,36.867382,semi_permanent,3080000.0,0.0,0.0,70943.03936842512,0.043623966553783644,745453.2155934721,0.47403714792467544,1155385.102089247,0.8206381071506755,1538768.5813549277,1.1655560798655553,70789.1497582712,0.022983490181256883,0.1,78.8,high,234,0.00011655722785693322,3472.719321670531,0.0762653052806854,0.6933777186924187,0.10375486477348116,0.05404764882578044,Kiambiu,1207.8677981941219,0.29138901996638883,ml_model,low,frac_wet_500=0.859 (+1.00); s_max_1000=0.625 (+0.91); dist_strong_m=492 (+0.67),"hazard source: ml_model; annual flood probability 10% (top 16% of portfolio); insured value KES 3,080,000 (top 67%); semi_permanent vulnerability cap 90%"
NBO-0179,-1.337228,36.908714,semi_permanent,4500000.0,0.0,0.0,0.0,0.0,708020.3171641533,0.29798834897481197,1383850.3245710032,0.6445893082008121,1963001.7950834208,0.9895072809156918,70511.23268024891,0.01566916281783309,0.04,63.2,medium,235,0.0001160996260309614,19045.129307290048,0.1453894227743148,0.5886480392689482,0.15590688999855037,0.0,Fedha,2652.7316598698276,0.24737682022892296,ml_model,low,frac_wet_500=0.976 (+1.24); dist_strong_m=184 (+1.16); frac_wet_150=0.992 (-0.68),"hazard source: ml_model; annual flood probability 4% (top 40% of portfolio); insured value KES 4,500,000 (top 54%); semi_permanent vulnerability cap 90%"
NBO-0483,-1.24542,36.771289,semi_permanent,5375000.0,0.0,0.0,0.0,0.0,577940.3465217835,0.2036435329534121,1458204.6318583067,0.5502444921794122,2162139.369570455,0.895162464894292,67389.97455392296,0.012537669684450784,0.04,53.7,medium,236,0.0001109603469765754,0.0,0.0,0.4892157135003546,0.21646943203673932,0.5325232466198292,Kitisuru,561.3059445290703,0.223790616223573,known_hotspot,medium,dist_strong_m=123 (+1.26); s_max_1000=0.613 (+0.85); s_max_150=0.613 (-0.79),"hazard source: known_hotspot; annual flood probability 4% (top 40% of portfolio); insured value KES 5,375,000 (top 49%); semi_permanent vulnerability cap 90%"
NBO-0042,-1.216402,36.823009,semi_permanent,3535000.0,0.0,0.0,0.0,0.0,693929.1361828088,0.37178493001950663,1187265.7414974207,0.7183858892455067,1635960.494730788,1.0633038619603865,64049.317938295484,0.018118618935868594,0.04,69.3,medium,237,0.00010545981934389299,0.0,0.0,0.6325488913137273,0.1610409732655462,0.0,Westlands,5299.002030683637,0.2658259654900966,ml_model,low,frac_wet_500=0.0248 (-0.65); s_max_1000=0.561 (+0.61); dist_strong_m=680 (+0.38),"hazard source: ml_model; annual flood probability 4% (top 40% of portfolio); insured value KES 3,535,000 (top 62%); semi_permanent vulnerability cap 90%"
NBO-0147,-1.186506,36.892392,informal_iron_sheet,2210000.0,0.0,0.0,86257.33137112806,0.059137070732982355,651914.9074317897,0.48955025210387415,1008352.37966756,0.8361512113298742,1303353.755923839,1.181069184044754,63510.576469603744,0.028737817407060516,0.1,86.0,high,238,0.00010457275950016397,15994.223682544967,0.1754363030195236,0.7026063100673197,0.14139466183625635,0.0,Dandora,6669.945074711762,0.2952672960111885,ml_model,low,s_max_1000=0.807 (+1.77); frac_wet_500=1 (+1.28); dist_strong_m=187 (+1.15),"hazard source: ml_model; annual flood probability 10% (top 16% of portfolio); insured value KES 2,210,000 (top 70%); informal_iron_sheet vulnerability cap 95%"
NBO-0398,-1.212112,36.947855,semi_permanent,3605000.0,0.0,0.0,0.0,0.0,672302.3620271799,0.3532038635455701,1185053.8122591402,0.6998048227715702,1644241.243982315,1.04472279548645,63094.26361976382,0.01750187617746569,0.04,67.8,medium,239,0.0001038872833803877,63094.26361976382,0.2611806988716125,0.5324633964566834,0.15226777183458778,0.0,Mwiki,2810.6548886992214,0.2611806988716125,proxy,high,s_point=0.261 (-1.39); frac_wet_500=1 (+1.28); s_mean_1000=0.275 (-1.15),"hazard source: proxy; annual flood probability 4% (top 40% of portfolio); insured value KES 3,605,000 (top 61%); semi_permanent vulnerability cap 90%"
NBO-0183,-1.218746,36.909908,semi_permanent,4535000.0,0.0,0.0,0.0,0.0,580714.7914674839,0.2425222977295629,1298022.8045926956,0.589123256955563,1887715.7115599648,0.9340412296704428,62710.58607962505,0.013828133644900783,0.04,57.5,medium,240,0.00010325554263166771,37009.693117850664,0.1909132599830627,0.5556518370769921,0.1545168704852614,0.0,Dandora,2940.072970907713,0.2335103074176107,ml_model,low,s_max_1000=0.724 (+1.38); frac_wet_500=1 (+1.28); s_mean_1000=0.275 (-1.15),"hazard source: ml_model; annual flood probability 4% (top 40% of portfolio); insured value KES 4,535,000 (top 54%); semi_permanent vulnerability cap 90%"
NBO-0422,-1.281913,36.829603,semi_permanent,5305000.0,0.0,0.0,0.0,0.0,509717.28641640214,0.1819742975524813,1395071.22708858,0.5285752567784814,2092597.369686421,0.8734932294933612,62696.74156413748,0.011818424423023088,0.04,51.8,medium,241,0.00010323274707116494,12694.30135827675,0.1076729446649551,0.5196324340131638,0.13533683520161346,0.0,Chiromo,2860.1561590780643,0.2183733073733403,ml_model,low,dist_strong_m=111 (+1.27); frac_wet_500=0.654 (+0.60); s_max_150=0.484 (-0.58),"hazard source: ml_model; annual flood probability 4% (top 40% of portfolio); insured value KES 5,305,000 (top 49%); semi_permanent vulnerability cap 90%"
NBO-0582,-1.260893,36.864061,informal_iron_sheet,2070000.0,0.0,0.0,101855.20228716984,0.0745536541408065,625935.0477644234,0.5049668355116983,958835.400798166,0.8515677947376984,1231319.4277468564,1.1964857674525782,62193.76654096763,0.03004529784587808,0.1,88.2,high,242,0.00010240457814157407,5110.419392084655,0.1008272171020507,0.7117774821953751,0.10854961629987926,0.2381923598672667,Mathare,846.9582920723008,0.29912144186314454,ml_model,low,frac_wet_500=0.973 (+1.23); dist_strong_m=157 (+1.20); s_max_1000=0.647 (+1.01),"hazard source: ml_model; annual flood probability 10% (top 16% of portfolio); insured value KES 2,070,000 (top 71%); informal_iron_sheet vulnerability cap 95%"
NBO-0342,-1.200346,36.858594,informal_iron_sheet,1900000.0,0.0,0.0,133199.3749946412,0.10621959728440289,603409.0941336288,0.5366327786552947,907164.8458885071,0.8832337378812948,1150051.1225438016,1.2281517105961746,62188.68431938432,0.03273088648388649,0.1,89.3,high,243,0.00010239621005605352,3266.113849133876,0.0885274410247802,0.7306152368057609,0.13467270431052591,0.0,Mathare,6608.860240603119,0.30703792764904364,ml_model,low,dist_strong_m=92.1 (+1.30); s_max_1000=0.663 (+1.09); frac_wet_500=0.808 (+0.90),"hazard source: ml_model; annual flood probability 10% (top 16% of portfolio); insured value KES 1,900,000 (top 72%); informal_iron_sheet vulnerability cap 95%"
NBO-0220,-1.200512,36.883541,semi_permanent,3360000.0,0.0,0.0,0.0,0.0,676397.934052911,0.3812668730006037,1140724.1918520534,0.7278678322266038,1566441.7096572185,1.0727858049414836,61936.034453318476,0.018433343587297167,0.04,69.8,medium,244,0.00010198021172710595,36323.22362326165,0.2107815593481063,0.6381896048809055,0.21123777086309226,0.0,Dandora,5536.140290036666,0.2681964512353709,ml_model,low,s_max_1000=0.806 (+1.76); dist_strong_m=61.4 (+1.35); frac_wet_500=1 (+1.28),"hazard source: ml_model; annual flood probability 4% (top 40% of portfolio); insured value KES 3,360,000 (top 64%); semi_permanent vulnerability cap 90%"
NBO-0097,-1.279198,36.745978,semi_permanent,5565000.0,0.0,0.0,0.0,0.0,470438.8433651922,0.1601047004292222,1416709.7264568238,0.5067056596552223,2151342.7850902625,0.8516236323701021,61729.92252328831,0.011092528755307873,0.04,50.2,medium,245,0.0001016408400116016,0.0,0.0,0.506622428210786,0.16345190756633354,0.4463925088456719,Kawangware,635.0419865314176,0.21290590809252552,ml_model,low,dist_strong_m=371 (+0.86); frac_wet_500=0.162 (-0.38); frac_wet_150=0 (+0.38),"hazard source: ml_model; annual flood probability 4% (top 40% of portfolio); insured value KES 5,565,000 (top 48%); semi_permanent vulnerability cap 90%"
NBO-0443,-1.218721,36.942704,informal_iron_sheet,1445000.0,0.0,0.0,208449.5550847991,0.21856931433868,536834.259024159,0.6489824957095718,762978.1415718556,0.9955834549355719,927596.6319978238,1.3405014276504517,61060.289035149246,0.04225625538764654,0.1,93.3,very_high,246,0.00010053826110898471,61060.289035149246,0.3351253569126129,0.44260612580847447,0.15360566745055412,0.0,Mwiki,1880.5387847714064,0.3351253569126129,proxy,medium,s_point=0.335 (-1.87); s_max_1000=0.741 (+1.45); dist_strong_m=0 (+1.45),"hazard source: proxy; annual flood probability 10% (top 16% of portfolio); insured value KES 1,445,000 (top 76%); informal_iron_sheet vulnerability cap 95%"
NBO-0008,-1.255438,36.943294,semi_permanent,4620000.0,0.0,0.0,0.0,0.0,544477.2254285391,0.22320494942466018,1288081.2664189634,0.5698059086506603,1890968.759487166,0.9147238813655401,60923.71925623577,0.013186952219964451,0.04,55.3,medium,247,0.00010031339338711566,59234.25333455055,0.2259266525506973,0.5441601387106764,0.22345214629542992,0.0,Mwiki,2757.301135547969,0.22868097034138501,ml_model,low,s_max_1000=0.933 (+2.36); dist_strong_m=92.1 (+1.30); frac_wet_500=1 (+1.28),"hazard source: ml_model; annual flood probability 4% (top 40% of portfolio); insured value KES 4,620,000 (top 54%); semi_permanent vulnerability cap 90%"
NBO-0016,-1.306308,36.797577,semi_permanent,5030000.0,0.0,0.0,0.0,0.0,503446.0997978431,0.18956190877381285,1337409.3027989985,0.5361628679998129,1997861.1863661655,0.8810808407146927,60713.470245848075,0.012070272414681525,0.04,52.5,medium,248,9.996720979974195e-05,0.0,0.0,0.5241462284584545,0.12208441775590834,0.08693184707033183,Kibera,1105.1314026683667,0.22027021017867318,ml_model,low,frac_wet_500=0.0946 (-0.51); dist_strong_m=603 (+0.50); s_max_1000=0.509 (+0.36),"hazard source: ml_model; annual flood probability 4% (top 40% of portfolio); insured value KES 5,030,000 (top 51%); semi_permanent vulnerability cap 90%"
NBO-0223,-1.310199,36.777964,semi_permanent,2850000.0,0.0,0.0,26662.16717093617,0.017718080257134616,661434.8527257121,0.4481312616280264,1040754.9425026465,0.7947322208540265,1397281.098601698,1.1396501935689063,60412.09840159146,0.021197227509330337,0.1,75.2,high,249,9.947098874269248e-05,0.0,0.0,0.677966564607797,0.0887654045365092,0.04773596141076678,Kibera,1233.3025292180298,0.2849125483922266,ml_model,low,dist_strong_m=303 (+0.97); s_max_1000=0.609 (+0.83); s_point=0 (+0.33),"hazard source: ml_model; annual flood probability 10% (top 16% of portfolio); insured value KES 2,850,000 (top 68%); semi_permanent vulnerability cap 90%"
NBO-0164,-1.318571,36.780133,semi_permanent,4000000.0,0.0,0.0,0.0,0.0,573150.325933306,0.271377995233573,1189215.6740499043,0.6179789544595731,1706571.5751312124,0.9628969271744529,59143.64782581553,0.014785911956453884,0.04,60.8,medium,250,9.738243303477909e-05,0.0,0.0,0.572817804508535,0.179096325415964,0.09086471663714465,Lang'ata,1095.076140950404,0.2407242317936132,ml_model,low,dist_strong_m=111 (+1.27); s_max_1000=0.609 (+0.83); s_max_150=0.521 (-0.64),"hazard source: ml_model; annual flood probability 4% (top 40% of portfolio); insured value KES 4,000,000 (top 57%); semi_permanent vulnerability cap 90%"
NBO-0129,-1.316017,36.795227,informal_iron_sheet,1550000.0,0.0,0.0,161838.89835339383,0.15820029164554628,530928.4239242299,0.5886134730164381,776312.0664891007,0.9352144322424382,964787.7251356681,1.280132404957318,57566.02221761534,0.037139369172655055,0.1,92.5,very_high,251,9.478480800162297e-05,0.0,0.0,0.7615380348545128,0.1304778601147249,0.4085529213084465,Lang'ata,669.0044180520499,0.3200331012393295,ml_model,low,dist_strong_m=137 (+1.23); frac_wet_500=0.826 (+0.94); s_max_150=0.404 (-0.45),"hazard source: ml_model; annual flood probability 10% (top 16% of portfolio); insured value KES 1,550,000 (top 74%); informal_iron_sheet vulnerability cap 95%"
NBO-0212,-1.317846,36.837696,semi_permanent,3325000.0,0.0,0.0,0.0,0.0,593057.0386930628,0.33780874840115227,1073354.314698348,0.6844097076271524,1498105.2333694124,1.0293276803420321,56494.68103934397,0.01699088151559217,0.04,66.5,medium,252,9.302080097152439e-05,1118.844389417764,0.0227607246488332,0.6123367988135268,0.07859706056765381,0.0,Nairobi West,1915.0508428785054,0.25733192008550804,ml_model,low,dist_strong_m=391 (+0.83); dist_wet_m=0 (+0.35); frac_wet_500=0.5 (+0.29),"hazard source: ml_model; annual flood probability 4% (top 40% of portfolio); insured value KES 3,325,000 (top 64%); semi_permanent vulnerability cap 90%"
NBO-0135,-1.328732,36.927373,semi_permanent,4760000.0,0.0,0.0,0.0,0.0,455349.38759643835,0.18117734100316651,1250294.28829088,0.5277783002291666,1876252.3333169175,0.8726962729440464,56129.78596429398,0.011791971841238232,0.04,51.7,medium,253,9.241998631911357e-05,16021.177870822457,0.1276225000619888,0.5191583324889157,0.12245524532467172,0.0,Fedha,3523.5147862815033,0.2181740682360116,ml_model,low,frac_wet_500=0.813 (+0.91); frac_wet_150=0.917 (-0.60); s_point=0.128 (-0.51),"hazard source: ml_model; annual flood probability 4% (top 40% of portfolio); insured value KES 4,760,000 (top 53%); semi_permanent vulnerability cap 90%"
NBO-0507,-1.286124,36.862558,semi_permanent,2575000.0,0.0,0.0,31099.834204082974,0.022874252871493805,602710.6149788708,0.4532874342423856,945429.6434615398,0.7998883934683857,1267235.5014518872,1.1448063661832655,55498.346502846754,0.021552755923435633,0.1,76.3,high,254,9.138029544223361e-05,6635.496821120899,0.1114458739757537,0.6350868733233291,0.1246172299223489,0.6810339204101373,Kiambiu,438.2597200100479,0.28620159154581637,known_hotspot,high,frac_wet_500=0.938 (+1.16); dist_strong_m=206 (+1.12); frac_wet_150=1 (-0.69),"hazard source: known_hotspot; annual flood probability 10% (top 16% of portfolio); insured value KES 2,575,000 (top 69%); semi_permanent vulnerability cap 90%"
NBO-0290,-1.266469,36.795974,semi_permanent,3005000.0,0.0,0.0,0.0,0.0,580217.5265873446,0.36568946111742084,1002226.1618426803,0.7122904203434209,1384088.03961047,1.0572083930583007,53838.47588687204,0.017916298132070563,0.04,68.8,medium,255,8.864725064285618e-05,0.0,0.0,0.6289227574925419,0.16480999890648218,0.04287487285487489,Chiromo,1254.8843251440344,0.2643020982645752,ml_model,low,dist_strong_m=123 (+1.26); s_max_1000=0.576 (+0.68); s_max_150=0.476 (-0.57),"hazard source: ml_model; annual flood probability 4% (top 40% of portfolio); insured value KES 3,005,000 (top 67%); semi_permanent vulnerability cap 90%"
NBO-0312,-1.27629,36.836385,semi_permanent,3975000.0,0.0,0.0,0.0,0.0,475031.0673879782,0.22633460424431973,1113028.8440810961,0.5729355634703198,1631448.4102810204,0.9178535361851996,52831.0560978859,0.01329083172273859,0.04,56.2,medium,256,8.698849279234645e-05,0.0,0.0,0.5460219392337371,0.10830786453012879,0.0,Kiambiu,3077.1511704771788,0.2294633840462999,ml_model,low,dist_strong_m=590 (+0.52); s_max_1000=0.529 (+0.46); s_point=0 (+0.33),"hazard source: ml_model; annual flood probability 4% (top 40% of portfolio); insured value KES 3,975,000 (top 58%); semi_permanent vulnerability cap 90%"
NBO-0208,-1.266865,36.76677,informal_iron_sheet,1980000.0,0.0,0.0,36192.242487382,0.02769531870782216,554186.3184748098,0.45810850007871395,875396.1282405002,0.804709459304714,1147166.5640816027,1.1496274320195938,51621.05998725723,0.02607124241780668,0.1,82.8,high,257,8.499618475002433e-05,0.0,0.0,0.6839019245233713,0.17081496623948594,0.030397472283211154,Lavington,1321.6269940126026,0.28740685800489846,ml_model,low,dist_strong_m=248 (+1.06); s_max_1000=0.524 (+0.43); s_max_500=0.524 (-0.40),"hazard source: ml_model; annual flood probability 10% (top 16% of portfolio); insured value KES 1,980,000 (top 71%); informal_iron_sheet vulnerability cap 95%"
NBO-0359,-1.274801,36.721075,semi_permanent,3600000.0,0.0,0.0,0.0,0.0,485692.34246554505,0.25551996131394417,1048371.960554419,0.6021209205399443,1515362.405658252,0.947038893254824,51334.38754053684,0.014259552094593566,0.04,59.0,medium,258,8.452416685170526e-05,0.0,0.0,0.5633840178619006,0.13408315787372668,0.0,Kawangware,3422.473958247317,0.236759723313706,ml_model,low,dist_strong_m=92.1 (+1.30); s_max_1000=0.519 (+0.41); s_max_150=0.352 (-0.36),"hazard source: ml_model; annual flood probability 4% (top 40% of portfolio); insured value KES 3,600,000 (top 61%); semi_permanent vulnerability cap 90%"
NBO-0529,-1.27367,36.719198,semi_permanent,3100000.0,0.0,0.0,0.0,0.0,516216.4815605499,0.3153815258801014,974023.9502703032,0.6619824851061015,1371700.9109282151,1.0069004578209813,50364.079151587706,0.016246477145673455,0.04,64.5,medium,259,8.292651443790404e-05,105.83099968135343,0.0023091877810657,0.5989950672084312,0.13760072169474222,0.0,Kawangware,3645.989517403309,0.2517251144552453,ml_model,low,dist_strong_m=86.9 (+1.31); s_max_150=0.394 (-0.43); s_max_1000=0.519 (+0.41),"hazard source: ml_model; annual flood probability 4% (top 40% of portfolio); insured value KES 3,100,000 (top 67%); semi_permanent vulnerability cap 90%"
NBO-0004,-1.263191,36.773582,semi_permanent,12400000.0,0.0,0.0,0.0,0.0,0.0,0.0,1424437.9271997076,0.21756444391491137,3422316.2750244136,0.5624824166297911,49596.096614765636,0.003999685210868196,0.01,43.5,low,260,8.166199980762263e-05,49596.096614765636,0.1406206041574478,0.4276917923277679,0.15111415169590986,0.04512050403312519,Lavington,1244.6723466253688,0.1406206041574478,proxy,medium,dist_strong_m=92.1 (+1.30); s_point=0.141 (-0.59); frac_wet_150=0.843 (-0.52),"hazard source: proxy; annual flood probability 1% (top 57% of portfolio); insured value KES 12,400,000 (top 40%); semi_permanent vulnerability cap 90%"
NBO-0169,-1.274509,36.755653,semi_permanent,3735000.0,0.0,0.0,0.0,0.0,442275.63570212096,0.22426860761334277,1042863.9675436591,0.5708695668393429,1530167.9256846076,0.9157875395542227,49385.13050217356,0.013222257162563202,0.04,55.5,medium,261,8.131463548216521e-05,0.0,0.0,0.5447928983874328,0.1226075705199948,0.45654357667441503,Kawangware,626.1274332312728,0.22894688488855566,ml_model,low,dist_strong_m=343 (+0.91); s_max_1000=0.518 (+0.40); s_max_500=0.518 (-0.39),"hazard source: ml_model; annual flood probability 4% (top 40% of portfolio); insured value KES 3,735,000 (top 60%); semi_permanent vulnerability cap 90%"
NBO-0043,-1.272502,36.757256,semi_permanent,3605000.0,0.0,0.0,0.0,0.0,446683.69692806085,0.23467180311859626,1020967.5103688716,0.5812727623445963,1490410.3359601882,0.9261907350594761,48911.05390012375,0.013567560027773578,0.04,56.7,medium,262,8.053404898387486e-05,0.0,0.0,0.5509816559179808,0.12249949681691857,0.3303860726653252,Kangemi,744.1415830249506,0.23154768376486903,ml_model,low,dist_strong_m=224 (+1.10); s_max_1000=0.518 (+0.40); s_max_500=0.518 (-0.39),"hazard source: ml_model; annual flood probability 4% (top 40% of portfolio); insured value KES 3,605,000 (top 61%); semi_permanent vulnerability cap 90%"
NBO-0284,-1.27871,36.781699,semi_permanent,11015000.0,0.0,0.0,0.0,0.0,0.0,0.0,1424340.3903253528,0.24490371090478424,3155704.1645071106,0.589821683619664,47728.05617740612,0.004333005554008726,0.01,43.8,low,263,7.858619489053026e-05,7855.052554188964,0.0482361502945423,0.48320927506874467,0.12743259829843395,0.3508790529158391,Kileleshwa,723.6413799267103,0.147455420904916,known_hotspot,medium,dist_strong_m=68.7 (+1.34); s_max_150=0.363 (-0.38); dist_wet_m=0 (+0.35),"hazard source: known_hotspot; annual flood probability 1% (top 57% of portfolio); insured value KES 11,015,000 (top 40%); semi_permanent vulnerability cap 90%"
NBO-0532,-1.184216,36.946388,informal_iron_sheet,1245000.0,0.0,0.0,127280.45014173546,0.15489892922202197,424482.51729032525,0.5853121105929138,621704.2973660465,0.9319130698189139,773586.0338250091,1.2768310425337936,45889.92887876738,0.03685938062551597,0.1,92.3,very_high,264,7.555964317873419e-05,6614.723833335404,0.1474845260381698,0.759574087185805,0.10238957099122535,0.0,Mwiki,5591.149022671756,0.3192077606334484,ml_model,low,s_max_1000=0.713 (+1.32); frac_wet_500=1 (+1.28); dist_strong_m=224 (+1.10),"hazard source: ml_model; annual flood probability 10% (top 16% of portfolio); insured value KES 1,245,000 (top 79%); informal_iron_sheet vulnerability cap 95%"
NBO-0265,-1.20795,36.939186,informal_iron_sheet,1650000.0,0.0,0.0,50377.62643682279,0.0462604466821146,476525.51341798104,0.4766736280530064,743281.3810546624,0.8232745872790065,966080.8489166711,1.1681925599938863,45615.4890201556,0.027645750921306424,0.1,84.3,high,265,7.510776673661743e-05,27663.337586811467,0.2328504621982574,0.6949461344969768,0.13520840917652538,0.0,Mwiki,2835.822369632397,0.29204813999847157,ml_model,low,s_max_1000=0.805 (+1.76); s_mean_1000=0.303 (-1.30); frac_wet_500=1 (+1.28),"hazard source: ml_model; annual flood probability 10% (top 16% of portfolio); insured value KES 1,650,000 (top 73%); informal_iron_sheet vulnerability cap 95%"
NBO-0120,-1.255807,36.939727,informal_iron_sheet,1230000.0,0.0,0.0,124734.61936731549,0.1536519085579151,418632.02909396763,0.5840650899288069,613523.6582071857,0.930666049154807,763759.5544769058,1.2755840218696868,45206.95358768148,0.03675362080299307,0.1,92.0,very_high,266,7.443509645235606e-05,8253.916030520299,0.1707080602645874,0.7588322469962361,0.12741444700006602,0.0,Kayole,2570.0575722424123,0.3188960054674217,ml_model,low,s_max_1000=0.933 (+2.36); frac_wet_500=1 (+1.28); dist_strong_m=154 (+1.21),"hazard source: ml_model; annual flood probability 10% (top 16% of portfolio); insured value KES 1,230,000 (top 80%); informal_iron_sheet vulnerability cap 95%"
NBO-0406,-1.210983,36.840534,semi_permanent,3390000.0,0.0,0.0,0.0,0.0,393341.0239491834,0.21975341017988703,940657.4639178076,0.5663543694058871,1383316.766324184,0.9112723421207669,44315.39779250308,0.01307238872935194,0.04,54.8,medium,267,7.296711340240233e-05,0.0,0.0,0.5421068523447434,0.1673028801766075,0.0,Mathare,6284.017115449967,0.22781808553019173,ml_model,low,s_max_1000=0.697 (+1.25); frac_wet_500=0.0569 (-0.59); frac_wet_150=0.0413 (+0.33),"hazard source: ml_model; annual flood probability 4% (top 40% of portfolio); insured value KES 3,390,000 (top 63%); semi_permanent vulnerability cap 90%"
NBO-0189,-1.241874,36.861843,informal_iron_sheet,900000.0,0.0,0.0,176080.7404075925,0.2964322229084049,366372.38873311516,0.7268454042792967,498813.56996107317,1.0734463635052967,596662.5337015028,1.4183643362201765,43728.49872080742,0.04858722080089714,0.1,94.7,very_high,268,7.200076009737962e-05,451.77149726450335,0.0271627884358167,0.8437708358369794,0.10095106154868834,0.0,Mathare,2116.6370257266026,0.35459108405504414,ml_model,low,s_max_1000=0.798 (+1.72); dist_strong_m=92.1 (+1.30); s_max_500=0.669 (-0.63),"hazard source: ml_model; annual flood probability 10% (top 16% of portfolio); insured value KES 900,000 (top 89%); informal_iron_sheet vulnerability cap 95%"
NBO-0553,-1.323114,36.787484,semi_permanent,3040000.0,0.0,0.0,0.0,0.0,399423.2195269618,0.2488432139198078,877497.7099634903,0.5954441731458079,1272332.3324299366,0.9403621458606877,42675.32998506566,0.014037937495087388,0.04,58.3,medium,269,7.026667473651812e-05,0.0,0.0,0.42327931681921216,0.12015076880318708,0.5594120872474888,Lang'ata,538.9197022406423,0.23509053646517192,known_hotspot,medium,frac_wet_500=0.0119 (-0.67); s_max_1000=0.564 (+0.62); frac_wet_150=0 (+0.38),"hazard source: known_hotspot; annual flood probability 4% (top 40% of portfolio); insured value KES 3,040,000 (top 67%); semi_permanent vulnerability cap 90%"
NBO-0122,-1.207446,36.790624,semi_permanent,3745000.0,0.0,0.0,0.0,0.0,333994.2117268785,0.16890915752664082,966044.7886996379,0.5155101167526409,1459629.1502201115,0.8604280894675207,42635.949775843794,0.011384766295285393,0.04,50.8,medium,270,7.020183361277245e-05,0.0,0.0,0.5118601121643865,0.18792074206676646,0.0,Kitisuru,4260.829981953607,0.21510702236688017,ml_model,low,dist_strong_m=137 (+1.23); s_max_150=0.523 (-0.65); s_max_1000=0.561 (+0.61),"hazard source: ml_model; annual flood probability 4% (top 40% of portfolio); insured value KES 3,745,000 (top 60%); semi_permanent vulnerability cap 90%"
NBO-0249,-1.201491,36.870552,semi_permanent,2705000.0,0.0,0.0,0.0,0.0,421199.76751907053,0.2949082559787365,828648.452017464,0.6415092152047366,1176982.7955961223,0.9864271879196164,42108.541243845386,0.015566928371107352,0.04,62.5,medium,271,6.933343391242648e-05,42108.541243845386,0.2466067969799041,0.5858659695534922,0.2279749686188499,0.0,Dandora,6237.569240101946,0.2466067969799041,proxy,medium,s_max_1000=0.806 (+1.76); dist_strong_m=30.7 (+1.40); s_point=0.247 (-1.29),"hazard source: proxy; annual flood probability 4% (top 40% of portfolio); insured value KES 2,705,000 (top 68%); semi_permanent vulnerability cap 90%"
NBO-0201,-1.270885,36.789166,informal_iron_sheet,1175000.0,0.0,0.0,110564.53476854625,0.14257193393751932,393663.6050339439,0.5729851153084111,580231.13691007,0.9195860745344112,725311.4443209125,1.264504047249291,42081.36558263882,0.0358139281554373,0.1,91.0,very_high,272,6.928868807572363e-05,0.0,0.0,0.7522408803016827,0.12825092154632706,0.41251871129435924,Kileleshwa,665.3847434088676,0.31612601181232275,ml_model,low,dist_strong_m=92.1 (+1.30); s_max_1000=0.616 (+0.87); s_max_150=0.461 (-0.54),"hazard source: ml_model; annual flood probability 10% (top 16% of portfolio); insured value KES 1,175,000 (top 81%); informal_iron_sheet vulnerability cap 95%"
NBO-0499,-1.269108,36.923782,informal_iron_sheet,1175000.0,0.0,0.0,96054.38330552356,0.12386122927856036,383110.767606291,0.5542744106494522,570337.8518216454,0.9008753698754522,718056.3685894012,1.245793342590332,40216.811119640406,0.03422707329331098,0.1,90.2,very_high,273,6.621862295787025e-05,40216.811119640406,0.311448335647583,0.5072540516813685,0.19345483431221938,0.537625481427093,Kayole,557.0426789791667,0.311448335647583,proxy,high,s_max_1000=0.888 (+2.15); s_point=0.311 (-1.72); dist_strong_m=0 (+1.45),"hazard source: proxy; annual flood probability 10% (top 16% of portfolio); insured value KES 1,175,000 (top 81%); informal_iron_sheet vulnerability cap 95%"
NBO-0596,-1.268638,36.924316,informal_iron_sheet,640000.0,32374.355698130745,0.07664383451262013,177063.76826718618,0.45137945399474666,305156.2789853039,0.8817926353656385,387436.7271777541,1.2283935945916387,451068.23883056635,1.5733115673065183,39647.19056163365,0.06194873525255258,0.2,96.2,very_high,274,6.528071943171822e-05,39647.19056163365,0.3933278918266296,0.37780763719730254,0.191158398078818,0.4991233136179513,Kayole,589.4497825435349,0.3933278918266296,proxy,medium,s_point=0.393 (-2.25); s_max_1000=0.888 (+2.15); dist_strong_m=0 (+1.45),"hazard source: proxy; annual flood probability 20% (top 3% of portfolio); insured value KES 640,000 (top 96%); informal_iron_sheet vulnerability cap 95%"
NBO-0050,-1.251175,36.850655,informal_iron_sheet,795000.0,0.0,0.0,159030.98897403132,0.3030893633962861,326010.53539045795,0.7335025447671779,442365.1542726103,1.0801035039931781,528480.8599753847,1.4250214767080578,39054.8920072278,0.04912565032355698,0.1,95.0,very_high,275,6.430547565776472e-05,0.0,0.0,0.8477311024978804,0.06592686480126493,0.0,Mathare,2428.533370488454,0.35625536917701445,ml_model,low,s_max_1000=0.723 (+1.37); dist_strong_m=374 (+0.86); s_point=0 (+0.33),"hazard source: ml_model; annual flood probability 10% (top 16% of portfolio); insured value KES 795,000 (top 92%); informal_iron_sheet vulnerability cap 95%"
NBO-0101,-1.30844,36.895244,informal_iron_sheet,1235000.0,0.0,0.0,73739.04613901098,0.09046625707153844,382877.3311086726,0.5208794384424302,580902.2310042302,0.8674803976684303,741112.9558497181,1.21239837038331,38772.63444003532,0.03139484570043346,0.1,88.7,high,276,6.384072703900125e-05,7298.467030041326,0.1572722345590591,0.6088399236938693,0.15569011864430402,0.7212437314039433,Tassia,404.21414651886977,0.3030995925958275,known_hotspot,high,dist_strong_m=217 (+1.11); s_max_1000=0.664 (+1.09); frac_wet_500=0.814 (+0.91),"hazard source: known_hotspot; annual flood probability 10% (top 16% of portfolio); insured value KES 1,235,000 (top 80%); informal_iron_sheet vulnerability cap 95%"
NBO-0191,-1.267964,36.843265,informal_iron_sheet,1045000.0,0.0,0.0,106828.9009788849,0.15489183844988386,356288.9979421011,0.5853050198207757,521828.78664674633,0.9319059790467757,649312.7397650069,1.2768239517616555,38517.42432370183,0.036858779257130936,0.1,92.2,very_high,277,6.342051315336405e-05,509.6842970207317,0.0263926498591899,0.7595698689559885,0.12042523023842233,0.0,Kiambiu,2747.328731586278,0.3192059879404139,ml_model,low,s_max_1000=0.713 (+1.33); dist_strong_m=380 (+0.85); s_max_500=0.573 (-0.48),"hazard source: ml_model; annual flood probability 10% (top 16% of portfolio); insured value KES 1,045,000 (top 85%); informal_iron_sheet vulnerability cap 95%"
NBO-0247,-1.186897,36.934355,informal_iron_sheet,1930000.0,0.0,0.0,0.0,0.0,387394.62959639885,0.3041251606189346,718632.6774243475,0.6507261198449347,1019116.8943881989,0.9956440925598145,37501.9647861936,0.01943106983740601,0.04,71.5,medium,278,6.17485175283705e-05,37501.9647861936,0.2489110231399536,0.422626544163259,0.14667635275836904,0.0,Mwiki,5100.864823994244,0.2489110231399536,proxy,medium,dist_strong_m=30.7 (+1.40); s_point=0.249 (-1.30); frac_wet_500=1 (+1.28),"hazard source: proxy; annual flood probability 4% (top 40% of portfolio); insured value KES 1,930,000 (top 72%); informal_iron_sheet vulnerability cap 95%"
NBO-0246,-1.271319,36.783572,semi_permanent,2350000.0,0.0,0.0,0.0,0.0,377500.9864149737,0.3042399954988505,728318.8775437052,0.6508409547248506,1030412.0526140118,0.9957589274397304,37310.168552758594,0.015876667469258976,0.04,64.0,medium,279,6.143271719231726e-05,116.93178037628286,0.0033656794112175,0.5923670816040104,0.12491272806545874,0.3047518726089367,Kileleshwa,770.7974331500892,0.2489397318599326,ml_model,low,s_max_1000=0.616 (+0.87); dist_strong_m=437 (+0.76); dist_wet_m=0 (+0.35),"hazard source: ml_model; annual flood probability 4% (top 40% of portfolio); insured value KES 2,350,000 (top 70%); semi_permanent vulnerability cap 90%"
NBO-0066,-1.272078,36.865447,informal_iron_sheet,1120000.0,0.0,0.0,80657.80705307995,0.10911499871899344,357250.3496163223,0.5395281800898852,536209.0862152062,0.8861291393158853,678995.0126065707,1.2310471120307651,36933.61893710061,0.03297644547955412,0.1,89.5,high,280,6.081271286253562e-05,866.6190334796897,0.0418705083429813,0.7323376823200486,0.09533735616005297,0.06896174021272936,Kiambiu,1156.3311415510946,0.3077617780076913,ml_model,low,s_max_1000=0.625 (+0.91); frac_wet_500=0.736 (+0.76); dist_wet_m=0 (+0.35),"hazard source: ml_model; annual flood probability 10% (top 16% of portfolio); insured value KES 1,120,000 (top 83%); informal_iron_sheet vulnerability cap 95%"
NBO-0034,-1.306502,36.792338,semi_permanent,5695000.0,0.0,0.0,0.0,0.0,75559.54248183858,0.025128216697873795,1117774.7628360519,0.3717291759238739,1908921.3164151178,0.7166471486387537,36882.574357637495,0.006476308052262949,0.04,44.3,low,281,6.072866587652632e-05,18480.466349380713,0.12514628469944,0.42043533208894657,0.12092692529973016,0.4263262605844611,Kibera,652.8975248555089,0.17916178715968842,known_hotspot,medium,dist_strong_m=123 (+1.26); s_point=0.125 (-0.49); s_max_150=0.362 (-0.38),"hazard source: known_hotspot; annual flood probability 4% (top 40% of portfolio); insured value KES 5,695,000 (top 47%); semi_permanent vulnerability cap 90%"
NBO-0127,-1.290697,36.873831,semi_permanent,3180000.0,0.0,0.0,0.0,0.0,284346.50003873516,0.16935064086545593,820838.8179036787,0.515951600091456,1239923.4869486932,0.8608695728063358,36250.15563265016,0.011399420010267346,0.04,51.0,medium,282,5.968736260221023e-05,1622.70604097843,0.0345160253345966,0.5121227462114275,0.1355522567346533,0.011822802171917371,Kiambiu,1489.5847113740708,0.21521739320158395,ml_model,low,s_max_1000=0.546 (+0.54); dist_wet_m=0 (+0.35); s_max_500=0.117 (+0.24),"hazard source: ml_model; annual flood probability 4% (top 40% of portfolio); insured value KES 3,180,000 (top 66%); semi_permanent vulnerability cap 90%"
NBO-0081,-1.223301,36.827346,informal_iron_sheet,1670000.0,0.0,0.0,0.0,0.0,385840.4869776372,0.35633793285633386,661858.577399874,0.702938892082334,911473.9181897445,1.0478568647972137,35656.593734519614,0.021351253733245278,0.04,75.7,high,283,5.871003868118783e-05,0.0,0.0,0.6233596263451259,0.1768605404724369,0.0,Parklands,4795.890849064734,0.26196421619930343,ml_model,low,s_max_1000=0.692 (+1.22); dist_strong_m=544 (+0.59); s_max_500=0.56 (-0.46),"hazard source: ml_model; annual flood probability 4% (top 40% of portfolio); insured value KES 1,670,000 (top 73%); informal_iron_sheet vulnerability cap 95%"
NBO-0402,-1.317633,36.764405,permanent_masonry,86790000.0,0.0,0.0,0.0,0.0,0.0,0.0,0.0,0.0,5060535.022044179,0.1325177550315856,35423.745154309254,0.0004081546854972837,0.004,37.2,low,284,5.8326643978575635e-05,35423.745154309254,0.0331294387578964,0.45944509691803204,0.15161610867810507,0.0,Kibera,2822.4419826109274,0.0331294387578964,proxy,medium,dist_strong_m=68.7 (+1.34); s_max_150=0.467 (-0.55); s_max_1000=0.516 (+0.40),"hazard source: proxy; annual flood probability 0% (top 63% of portfolio); insured value KES 86,790,000 (top 16%); permanent_masonry vulnerability cap 85%"
NBO-0070,-1.316407,36.820467,permanent_masonry,34970000.0,0.0,0.0,0.0,0.0,0.0,0.0,0.0,0.0,5022256.857286946,0.3264003468743953,35155.79800100862,0.0010053130683731375,0.004,39.8,low,285,5.7885458041076367e-05,0.0,0.0,0.4930510812722062,0.09412850618564753,0.19417231981003244,Nairobi West,905.2649523020227,0.08160008671859882,known_hotspot,medium,dist_strong_m=591 (+0.52); s_point=0 (+0.33); dist_wet_m=30.7 (+0.30),"hazard source: known_hotspot; annual flood probability 0% (top 63% of portfolio); insured value KES 34,970,000 (top 34%); permanent_masonry vulnerability cap 85%"
NBO-0039,-1.265985,36.799534,informal_iron_sheet,1500000.0,0.0,0.0,0.0,0.0,386400.93443582056,0.4116679644941952,631831.5235111318,0.7582689237201953,846077.5137353621,1.103186896435075,34683.552068959834,0.023122368045973223,0.04,79.3,high,286,5.710788581575255e-05,0.0,0.0,0.6562749118255679,0.09652636112291851,0.17537599892432992,Chiromo,932.9584783478516,0.27579672410876876,ml_model,low,dist_strong_m=215 (+1.11); s_max_1000=0.535 (+0.48); s_point=0 (+0.33),"hazard source: ml_model; annual flood probability 4% (top 40% of portfolio); insured value KES 1,500,000 (top 75%); informal_iron_sheet vulnerability cap 95%"
NBO-0481,-1.206344,36.782704,informal_iron_sheet,1170000.0,0.0,0.0,51878.9120521649,0.06718325829081184,349650.16051401274,0.49759643966170364,538069.9305143761,0.8441973988877037,693117.4449757575,1.1891153716025835,34421.651051392844,0.029420214573840038,0.1,87.5,high,287,5.667665508781248e-05,0.0,0.0,0.7073929070139571,0.07426368165115424,0.0,Kitisuru,4000.8252230991925,0.2972788429006459,ml_model,low,dist_strong_m=278 (+1.01); s_max_1000=0.609 (+0.84); s_point=0 (+0.33),"hazard source: ml_model; annual flood probability 10% (top 16% of portfolio); insured value KES 1,170,000 (top 81%); informal_iron_sheet vulnerability cap 95%"
NBO-0537,-1.22413,36.847103,informal_iron_sheet,1275000.0,0.0,0.0,30894.920228830524,0.03671410603544922,362381.8998926807,0.467127287406341,568876.5815053057,0.8137282466323411,742500.3967903432,1.158646219347221,34216.06035810498,0.02683612577106273,0.1,83.5,high,288,5.6338141609904536e-05,0.0,0.0,0.6892671113990844,0.07250217890460978,0.0,Mathare,4663.57784542653,0.2896615548368052,ml_model,low,dist_strong_m=327 (+0.93); s_point=0 (+0.33); frac_wet_500=0.515 (+0.32),"hazard source: ml_model; annual flood probability 10% (top 16% of portfolio); insured value KES 1,275,000 (top 79%); informal_iron_sheet vulnerability cap 95%"
NBO-0474,-1.265397,36.874234,informal_iron_sheet,1190000.0,0.0,0.0,42773.32516753522,0.05446056171063818,348359.8820481699,0.48487374308153,540454.7030856824,0.8314747023075301,699969.4034813005,1.1763926750224099,33726.03118548184,0.0283412026768755,0.1,85.3,high,289,5.5531288552267605e-05,4336.58071207867,0.1201084479689598,0.6998243013648885,0.10540422065655401,0.24092333255562443,Mathare,843.5865451389406,0.29409816875560246,ml_model,low,frac_wet_500=0.961 (+1.20); dist_strong_m=165 (+1.19); s_max_1000=0.636 (+0.96),"hazard source: ml_model; annual flood probability 10% (top 16% of portfolio); insured value KES 1,190,000 (top 80%); informal_iron_sheet vulnerability cap 95%"
NBO-0046,-1.288172,36.753956,permanent_masonry,76160000.0,0.0,0.0,0.0,0.0,0.0,0.0,0.0,0.0,4797119.929266676,0.14315316824826552,33579.83950486673,0.0004409117582046577,0.004,37.3,low,290,5.529057797605034e-05,0.0,0.0,0.34074679487663306,0.11454451313557062,0.0851603959159337,Kawangware,1109.778984727222,0.03578829206206638,known_hotspot,medium,frac_wet_500=0.0478 (-0.60); dist_strong_m=587 (+0.52); frac_wet_150=0 (+0.38),"hazard source: known_hotspot; annual flood probability 0% (top 63% of portfolio); insured value KES 76,160,000 (top 18%); permanent_masonry vulnerability cap 85%"
NBO-0205,-1.289884,36.819049,semi_permanent,3240000.0,0.0,0.0,0.0,0.0,232137.3929292358,0.13569572631946536,794454.2442882463,0.48229668554546545,1223587.3892211912,0.8272146582603452,33311.47080355238,0.010281318149244562,0.04,49.0,low,291,5.484869794252005e-05,33311.47080355238,0.2068036645650863,0.3420086425137934,0.15516382066896756,0.0,Madaraka,1991.3687081277276,0.2068036645650863,proxy,medium,dist_strong_m=61.4 (+1.35); s_point=0.207 (-1.03); frac_wet_150=0.95 (-0.64),"hazard source: proxy; annual flood probability 4% (top 40% of portfolio); insured value KES 3,240,000 (top 65%); semi_permanent vulnerability cap 90%"
NBO-0136,-1.308288,36.930201,informal_iron_sheet,1520000.0,0.0,0.0,0.0,0.0,349955.51595856686,0.3546539418291761,601258.3523217405,0.7012549010551762,828760.3134830602,1.046172873770056,32371.97075430826,0.02129734918046596,0.04,75.5,high,292,5.330177271901781e-05,2695.2805997615087,0.0894166082143783,0.6223578368329097,0.12090486402426125,0.0,Tassia,3515.2785565767063,0.261543218442514,ml_model,low,frac_wet_500=0.984 (+1.25); frac_wet_150=0.983 (-0.67); s_max_1000=0.518 (+0.40),"hazard source: ml_model; annual flood probability 4% (top 40% of portfolio); insured value KES 1,520,000 (top 75%); informal_iron_sheet vulnerability cap 95%"
NBO-0245,-1.236395,36.870383,informal_iron_sheet,1470000.0,0.0,0.0,0.0,0.0,351886.15015623334,0.3737048613325302,594082.3002994679,0.7203058205585303,810740.0621169312,1.06522379327341,32203.538597239443,0.02190716911376833,0.04,77.2,high,293,5.3024442289468314e-05,10712.779290030643,0.1757399886846542,0.6336910393552218,0.2172427934153384,0.0,Mathare,2450.4871635040986,0.2663059483183525,ml_model,low,s_max_1000=0.804 (+1.75); dist_strong_m=68.7 (+1.34); frac_wet_500=0.924 (+1.13),"hazard source: ml_model; annual flood probability 4% (top 40% of portfolio); insured value KES 1,470,000 (top 75%); informal_iron_sheet vulnerability cap 95%"
NBO-0117,-1.258956,36.863648,informal_iron_sheet,1470000.0,0.0,0.0,0.0,0.0,346009.8367691331,0.36537675279072146,588573.2564990612,0.7119777120167216,806700.0966632998,1.0568956847316013,31811.66194823719,0.021640586359345026,0.04,76.7,high,294,5.237920137295017e-05,10962.353895608821,0.1767629981040954,0.6287367304193461,0.18288853531518726,0.23660151875008986,Mathare,848.9340105085805,0.26422392118290033,ml_model,low,dist_strong_m=61.4 (+1.35); frac_wet_500=0.972 (+1.23); s_max_1000=0.647 (+1.01),"hazard source: ml_model; annual flood probability 4% (top 40% of portfolio); insured value KES 1,470,000 (top 75%); informal_iron_sheet vulnerability cap 95%"
NBO-0530,-1.243356,36.83222,informal_iron_sheet,1710000.0,0.0,0.0,0.0,0.0,320433.93729636696,0.28392161731026666,620132.9308209678,0.6305225765362668,887401.5026487574,0.9754405492511465,31793.73045165524,0.01859282482552938,0.04,70.7,medium,295,5.234967643106211e-05,0.0,0.0,0.5802798805166504,0.13009109461650814,0.0,Parklands,3249.9893563471273,0.24386013731278663,ml_model,low,s_max_1000=0.618 (+0.88); dist_strong_m=621 (+0.47); s_point=0 (+0.33),"hazard source: ml_model; annual flood probability 4% (top 40% of portfolio); insured value KES 1,710,000 (top 72%); informal_iron_sheet vulnerability cap 95%"
NBO-0102,-1.222723,36.795885,semi_permanent,2150000.0,0.0,0.0,0.0,0.0,307766.3914071936,0.27111204317053705,638983.8547785811,0.6177130023965371,917076.3747362368,0.9626309751114169,31770.73162249183,0.014777084475577594,0.04,60.7,medium,296,5.231180791900347e-05,731.5356351613977,0.0230146870017051,0.5726595922715308,0.1343995413657963,0.0,Westlands,2862.8246707763233,0.24065774377785423,ml_model,low,dist_strong_m=184 (+1.16); s_max_1000=0.587 (+0.73); s_max_500=0.587 (-0.50),"hazard source: ml_model; annual flood probability 4% (top 40% of portfolio); insured value KES 2,150,000 (top 71%); semi_permanent vulnerability cap 90%"
NBO-0494,-1.291975,36.831562,informal_iron_sheet,2070000.0,0.0,0.0,0.0,0.0,274694.57234839594,0.20106468478143458,668360.583885787,0.5476656440074347,997041.6389768361,0.8925836167223145,31371.03773845984,0.015155090694908136,0.04,61.5,medium,297,5.165369560555961e-05,0.0,0.0,0.5309891154928686,0.12006874110069396,0.0,Nairobi West,2084.452876586408,0.2231459041805786,ml_model,low,frac_wet_500=0.185 (-0.33); s_point=0 (+0.33); s_max_1000=0.5 (+0.32),"hazard source: ml_model; annual flood probability 4% (top 40% of portfolio); insured value KES 2,070,000 (top 71%); informal_iron_sheet vulnerability cap 95%"
NBO-0346,-1.306948,36.801566,informal_iron_sheet,1700000.0,0.0,0.0,0.0,0.0,305116.04719876754,0.27193943600603165,606728.9625093379,0.6185403952320317,873045.6514793874,0.9634583679469115,30762.663009468335,0.018095684123216667,0.04,69.2,medium,298,5.065198175320221e-05,0.0,0.0,0.5731518000396923,0.10944899300402065,0.012548075723100016,Kibera,1479.5587102236032,0.24086459198672788,ml_model,low,dist_strong_m=515 (+0.64); s_point=0 (+0.33); frac_wet_150=0.0579 (+0.31),"hazard source: ml_model; annual flood probability 4% (top 40% of portfolio); insured value KES 1,700,000 (top 73%); informal_iron_sheet vulnerability cap 95%"
NBO-0019,-1.215378,36.786757,semi_permanent,2160000.0,0.0,0.0,0.0,0.0,272661.88226245774,0.2390764259456174,615384.2503567465,0.5856773851716175,896430.9502925402,0.9305953578864973,29621.717860279816,0.013713758268648063,0.04,57.0,medium,299,4.8773368940640634e-05,0.0,0.0,0.553601922227134,0.18692653375042353,0.0,Kitisuru,3284.03622033122,0.23264883947162432,ml_model,low,dist_strong_m=86.9 (+1.31); s_max_1000=0.587 (+0.73); s_max_150=0.561 (-0.71),"hazard source: ml_model; annual flood probability 4% (top 40% of portfolio); insured value KES 2,160,000 (top 70%); semi_permanent vulnerability cap 90%"
NBO-0347,-1.274636,36.749664,informal_iron_sheet,960000.0,0.0,0.0,45022.69560453828,0.07105854735564754,288678.1725971893,0.5014717287265393,443167.4011954971,0.8480726879525394,569939.4412994384,1.1929906606674192,28558.922725851604,0.029748877839428756,0.1,87.8,high,300,4.702343332096164e-05,28558.922725851604,0.2982476651668548,0.15633380661208682,0.11530390700355155,0.6319198466722575,Kawangware,479.0577824041187,0.2982476651668548,proxy,high,s_point=0.298 (-1.63); dist_strong_m=30.7 (+1.40); s_max_150=0.401 (-0.44),"hazard source: proxy; annual flood probability 10% (top 16% of portfolio); insured value KES 960,000 (top 87%); informal_iron_sheet vulnerability cap 95%"
NBO-0333,-1.271368,36.72167,informal_iron_sheet,1585000.0,0.0,0.0,0.0,0.0,278418.35911183344,0.26614889505002715,561280.0891332015,0.6127498542760272,809856.5776012645,0.957667826990907,28300.863807638987,0.017855434578952042,0.04,68.7,medium,301,4.659852876661492e-05,0.0,0.0,0.5697070648206606,0.12442794755112307,0.0,Kawangware,3424.14739612991,0.23941695674772676,ml_model,low,dist_strong_m=111 (+1.27); s_max_1000=0.519 (+0.41); s_max_500=0.519 (-0.39),"hazard source: ml_model; annual flood probability 4% (top 40% of portfolio); insured value KES 1,585,000 (top 74%); informal_iron_sheet vulnerability cap 95%"
NBO-0037,-1.331936,36.925473,informal_iron_sheet,780000.0,0.0,0.0,74878.47841015528,0.1454515897633164,262403.77031264757,0.5758647711342082,386185.4713564331,0.9224657303602083,482224.5651715276,1.267383703075088,28125.35837749805,0.036058151766023144,0.1,91.3,very_high,302,4.630955190390474e-05,0.0,0.0,0.7539539589099131,0.11310413926497825,0.0,Fedha,3502.220550601526,0.316845925768772,ml_model,low,frac_wet_500=0.805 (+0.90); dist_strong_m=590 (+0.52); s_max_1000=0.517 (+0.40),"hazard source: ml_model; annual flood probability 10% (top 16% of portfolio); insured value KES 780,000 (top 93%); informal_iron_sheet vulnerability cap 95%"
NBO-0298,-1.323806,36.853642,semi_permanent,2400000.0,0.0,0.0,0.0,0.0,217532.07626192167,0.17166357028245083,621632.5903949883,0.5182645295084509,937789.6819209578,0.8631825022233307,27542.85783234297,0.011476190763476236,0.04,51.2,medium,303,4.535044095257571e-05,0.0,0.0,0.5134986849160135,0.10132630163697139,0.0,Nairobi West,3788.140343852984,0.21579562555583268,ml_model,low,dist_strong_m=659 (+0.41); s_point=0 (+0.33); dist_wet_m=68.7 (+0.24),"hazard source: ml_model; annual flood probability 4% (top 40% of portfolio); insured value KES 2,400,000 (top 69%); semi_permanent vulnerability cap 90%"
NBO-0360,-1.306434,36.778519,informal_iron_sheet,1340000.0,0.0,0.0,0.0,0.0,285875.134654963,0.32324189807209747,511115.24295075284,0.6698428572980976,716727.2390317386,1.0147608300129773,27081.546105809055,0.020210109034185863,0.04,72.8,medium,304,4.459087234345555e-05,0.0,0.0,0.6036711244421494,0.09696527573528134,0.03656558589133345,Kibera,1286.2052241195515,0.25369020750324434,ml_model,low,dist_strong_m=565 (+0.56); s_max_1000=0.516 (+0.40); frac_wet_150=0.0165 (+0.36),"hazard source: ml_model; annual flood probability 4% (top 40% of portfolio); insured value KES 1,340,000 (top 78%); informal_iron_sheet vulnerability cap 95%"
NBO-0563,-1.25133,36.949922,informal_iron_sheet,1345000.0,0.0,0.0,0.0,0.0,285093.3743929788,0.3211595971532937,511762.07674856763,0.6677605563792938,718477.3651384489,1.0126785290941736,27070.2607851274,0.02012658794433264,0.04,72.5,medium,305,4.457229060178156e-05,23191.00270409971,0.2357229739427566,0.6024323843371878,0.20866642581317446,0.0,Mwiki,2773.5885334345417,0.2531696322735434,ml_model,low,s_max_1000=0.933 (+2.36); s_mean_1000=0.408 (-1.87); frac_wet_500=1 (+1.28),"hazard source: ml_model; annual flood probability 4% (top 40% of portfolio); insured value KES 1,345,000 (top 77%); informal_iron_sheet vulnerability cap 95%"
NBO-0330,-1.344911,36.819275,permanent_masonry,56410000.0,0.0,0.0,0.0,0.0,0.0,0.0,0.0,0.0,3681078.52858901,0.148308590054512,25767.54970012307,0.00045679045736789697,0.004,37.5,low,306,4.2427323565376924e-05,25767.54970012307,0.037077147513628,0.468458687973857,0.14518554897076957,0.0,Nairobi West,4048.5962377032856,0.037077147513628,proxy,medium,dist_strong_m=500 (+0.66); frac_wet_150=0.959 (-0.64); frac_wet_500=0.623 (+0.54),"hazard source: proxy; annual flood probability 0% (top 63% of portfolio); insured value KES 56,410,000 (top 24%); permanent_masonry vulnerability cap 85%"
NBO-0280,-1.286231,36.892072,concrete_rcc,609445000.0,0.0,0.0,0.0,0.0,0.0,0.0,0.0,0.0,3654040.1086072032,0.019466509014573957,25578.280760250425,4.196979343542145e-05,0.004,33.8,low,307,4.2115684521451294e-05,18216.781943366186,0.0034659986849874,0.4362296469085145,0.12484984510139743,0.011580432588870045,Donholm,1493.0570067789122,0.004866627253643489,known_hotspot,medium,dist_wet_m=0 (+0.35); s_point=0.00347 (+0.31); s_max_500=0.149 (+0.19),"hazard source: known_hotspot; annual flood probability 0% (top 63% of portfolio); insured value KES 609,445,000 (top 6%); concrete_rcc vulnerability cap 80%"
NBO-0579,-1.284944,36.872587,informal_iron_sheet,1100000.0,0.0,0.0,0.0,0.0,285099.7511574989,0.41496164991950546,464973.49152702524,0.7615626091455056,621652.4512153199,1.1064805818603853,25550.578808081147,0.023227798916437406,0.04,79.5,high,308,4.207007212517161e-05,801.1070694029327,0.0394090451300144,0.6582342925243975,0.12054128046745081,0.10460766590492385,Kiambiu,1062.4355138611368,0.27662014546509633,ml_model,low,frac_wet_500=0.78 (+0.85); dist_strong_m=443 (+0.75); s_max_1000=0.546 (+0.54),"hazard source: ml_model; annual flood probability 4% (top 40% of portfolio); insured value KES 1,100,000 (top 83%); informal_iron_sheet vulnerability cap 95%"
NBO-0367,-1.279863,36.946799,informal_iron_sheet,1430000.0,0.0,0.0,0.0,0.0,244078.04723257857,0.2586120441116535,501218.2054909654,0.6052130033376536,725809.2830898053,0.9501309760525334,25086.104805932046,0.017542730633518914,0.04,68.0,medium,309,4.130529670002548e-05,16229.045302345816,0.2002120167016983,0.5652234671628138,0.11184567427656375,0.0,Kayole,3380.7959878863307,0.23753274401313335,ml_model,low,frac_wet_500=1 (+1.28); dist_strong_m=194 (+1.14); s_max_1000=0.653 (+1.04),"hazard source: ml_model; annual flood probability 4% (top 40% of portfolio); insured value KES 1,430,000 (top 76%); informal_iron_sheet vulnerability cap 95%"
NBO-0053,-1.288657,36.893632,informal_iron_sheet,805000.0,0.0,0.0,45986.73771544324,0.08655512462910453,248056.55343839858,0.5169683059999963,377227.96632811724,0.8635692652259964,482034.63475899375,1.2084872379408762,25005.829759182463,0.031063142557990638,0.1,88.5,high,310,4.117312055513367e-05,0.0,0.0,0.7189170376160721,0.1413716574398448,0.034530647943430144,Donholm,1297.2871700406947,0.30212180948521905,ml_model,low,s_max_1000=0.723 (+1.37); s_point=0 (+0.33); dist_wet_m=43.4 (+0.28),"hazard source: ml_model; annual flood probability 10% (top 16% of portfolio); insured value KES 805,000 (top 92%); informal_iron_sheet vulnerability cap 95%"
NBO-0213,-1.287925,36.788302,informal_iron_sheet,1440000.0,0.0,0.0,0.0,0.0,240588.826653561,0.2531448091893529,500944.2751286919,0.599745768415353,727342.1042523909,0.9446637411302328,24934.88888149344,0.017315895056592666,0.04,67.7,medium,311,4.105631350103844e-05,0.0,0.0,0.5619710634874646,0.10907763122290828,0.04500155002397233,Kileleshwa,1245.2024624188366,0.2361659352825582,ml_model,low,dist_strong_m=468 (+0.71); s_max_1000=0.536 (+0.49); frac_wet_500=0.129 (-0.44),"hazard source: ml_model; annual flood probability 4% (top 40% of portfolio); insured value KES 1,440,000 (top 76%); informal_iron_sheet vulnerability cap 95%"
NBO-0067,-1.290213,36.862364,informal_iron_sheet,1155000.0,0.0,0.0,0.0,0.0,267099.662558959,0.3567814981222204,457983.0322067376,0.7033824573482205,630559.7089185508,1.0483004300631003,24677.097357304287,0.021365452257406308,0.04,76.0,high,312,4.063184922187833e-05,0.0,0.0,0.6236234989098738,0.1414121282766606,0.204962216960642,Kiambiu,890.2049270644114,0.26207510751577506,ml_model,low,dist_strong_m=537 (+0.60); frac_wet_500=0.651 (+0.59); s_max_1000=0.556 (+0.58),"hazard source: ml_model; annual flood probability 4% (top 40% of portfolio); insured value KES 1,155,000 (top 82%); informal_iron_sheet vulnerability cap 95%"
NBO-0082,-1.245203,36.83545,informal_iron_sheet,1090000.0,0.0,0.0,0.0,0.0,262425.0377078165,0.3765769069339,441918.74335143104,0.7231778661599001,602194.0732432583,1.0680958388747799,23979.02258988031,0.021999103293468176,0.04,77.5,high,313,3.948244059067345e-05,0.0,0.0,0.6353995907166355,0.11679088656218498,0.0,Parklands,3399.595400904144,0.26702395971869497,ml_model,low,s_max_1000=0.618 (+0.88); dist_strong_m=674 (+0.39); frac_wet_150=0 (+0.38),"hazard source: ml_model; annual flood probability 4% (top 40% of portfolio); insured value KES 1,090,000 (top 84%); informal_iron_sheet vulnerability cap 95%"
NBO-0349,-1.343824,36.902898,informal_iron_sheet,1540000.0,0.0,0.0,0.0,0.0,209501.92269219374,0.20612152960664476,500972.4637450911,0.5527224888326449,745264.8398524346,0.8976404615475246,23661.9447475274,0.015364899186706103,0.04,61.8,medium,314,3.896035896593696e-05,1244.7465839624401,0.0437379330396652,0.5339973821814095,0.12724596797819546,0.0,Fedha,3168.665380617325,0.22441011538688116,ml_model,low,frac_wet_500=0.768 (+0.82); frac_wet_150=0.926 (-0.61); dist_strong_m=671 (+0.39),"hazard source: ml_model; annual flood probability 4% (top 40% of portfolio); insured value KES 1,540,000 (top 74%); informal_iron_sheet vulnerability cap 95%"
NBO-0525,-1.339053,36.852392,informal_iron_sheet,1140000.0,0.0,0.0,0.0,0.0,245500.2039464707,0.32628947892938687,436392.7947737135,0.672890438155387,610899.5241693944,1.0178084108702667,23178.876152703786,0.020332347502371742,0.04,73.5,medium,315,3.816496678408912e-05,641.0603042542924,0.0304293073713779,0.6054840999813459,0.1362479477089062,0.0,Nairobi West,4689.843846741318,0.2544521027175667,ml_model,low,frac_wet_500=0.802 (+0.89); frac_wet_150=0.983 (-0.67); dist_strong_m=523 (+0.62),"hazard source: ml_model; annual flood probability 4% (top 40% of portfolio); insured value KES 1,140,000 (top 82%); informal_iron_sheet vulnerability cap 95%"
NBO-0095,-1.224116,36.795335,semi_permanent,4705000.0,0.0,0.0,0.0,0.0,0.0,0.0,714047.9868477507,0.2874311607766362,1424777.8264617918,0.632349133491516,22826.308548492056,0.0048515002228463455,0.01,44.0,low,316,3.7584449816172325e-05,22826.308548492056,0.158087283372879,0.34923770041897795,0.14898335310583044,0.0,Westlands,2696.318340749367,0.158087283372879,proxy,medium,dist_strong_m=338 (+0.92); s_max_1000=0.587 (+0.73); s_point=0.158 (-0.71),"hazard source: proxy; annual flood probability 1% (top 57% of portfolio); insured value KES 4,705,000 (top 53%); semi_permanent vulnerability cap 90%"
NBO-0327,-1.285088,36.818006,informal_iron_sheet,1080000.0,0.0,0.0,0.0,0.0,242246.8287374376,0.3422971233361065,421204.46812518383,0.6888980825621066,584452.042100718,1.0338160552769864,22573.95201414303,0.020901807420502804,0.04,74.5,medium,317,3.716893446988341e-05,0.0,0.0,0.6150068884186478,0.09411202117524432,0.0,Chiromo,2045.0152978472104,0.2584540138192466,ml_model,low,dist_strong_m=556 (+0.57); s_max_1000=0.533 (+0.48); s_point=0 (+0.33),"hazard source: ml_model; annual flood probability 4% (top 40% of portfolio); insured value KES 1,080,000 (top 84%); informal_iron_sheet vulnerability cap 95%"
NBO-0395,-1.288387,36.922284,informal_iron_sheet,925000.0,0.0,0.0,400.4262375172813,0.0006558988329521398,246894.6716105067,0.43106908020384394,397705.1539126726,0.777670039429844,527669.990707177,1.1225880121447238,21994.67702685253,0.02377802921821895,0.1,80.3,high,318,3.6215134531389987e-05,3409.5972709011785,0.1207952201366424,0.6678164425877734,0.10402572676157154,0.0,Komarock,2382.2291758430542,0.28064700303618095,ml_model,low,frac_wet_500=0.997 (+1.28); s_max_1000=0.666 (+1.10); frac_wet_150=0.992 (-0.68),"hazard source: ml_model; annual flood probability 10% (top 16% of portfolio); insured value KES 925,000 (top 88%); informal_iron_sheet vulnerability cap 95%"
NBO-0126,-1.210898,36.776869,informal_iron_sheet,925000.0,0.0,0.0,0.0,0.0,245113.67790507793,0.4270578331195449,396035.47231383313,0.773658792345545,526445.5575346947,1.1185767650604248,21843.872910120368,0.02361499774067067,0.04,80.2,high,319,3.596682939062002e-05,21843.872910120368,0.2796441912651062,0.16142656294927132,0.10741335780035154,0.0,Kitisuru,3341.7544224866024,0.2796441912651062,proxy,medium,s_point=0.28 (-1.51); dist_strong_m=30.7 (+1.40); s_max_1000=0.609 (+0.84),"hazard source: proxy; annual flood probability 4% (top 40% of portfolio); insured value KES 925,000 (top 88%); informal_iron_sheet vulnerability cap 95%"
NBO-0003,-1.194103,36.84782,semi_permanent,7945000.0,0.0,0.0,0.0,0.0,0.0,0.0,465370.1910903032,0.110935549109003,1867454.3926620474,0.4558535218238828,21448.844188259787,0.002699665725394561,0.01,42.5,low,320,3.5316398457332015e-05,21448.844188259787,0.1139633804559707,0.40495941600144536,0.16879223941119292,0.0,Mathare,7611.352828781657,0.1139633804559707,proxy,medium,s_max_1000=0.697 (+1.25); dist_strong_m=610 (+0.49); s_max_500=0.565 (-0.46),"hazard source: proxy; annual flood probability 1% (top 57% of portfolio); insured value KES 7,945,000 (top 41%); semi_permanent vulnerability cap 90%"
NBO-0378,-1.232748,36.807252,semi_permanent,1970000.0,0.0,0.0,0.0,0.0,159473.964917225,0.15331676368753366,496377.75902963,0.49991772291353376,756757.4753396709,0.8448356956284135,21408.43041118616,0.010867223558977747,0.04,49.7,low,321,3.524985552188194e-05,0.0,0.0,0.5025843521594617,0.14819872046860866,0.0,Westlands,2808.873836413119,0.21120892390710339,ml_model,low,frac_wet_500=0.0588 (-0.58); s_max_1000=0.553 (+0.57); dist_strong_m=646 (+0.43),"hazard source: ml_model; annual flood probability 4% (top 40% of portfolio); insured value KES 1,970,000 (top 72%); semi_permanent vulnerability cap 90%"
NBO-0446,-1.29806,36.939987,informal_iron_sheet,1330000.0,0.0,0.0,0.0,0.0,191128.66399237837,0.21773600363679468,440072.7170916082,0.5643369628627948,650589.0789432382,0.9092549355776746,21076.222339908643,0.015846783714217026,0.04,63.8,medium,322,3.470286135692827e-05,8026.151586488326,0.1593229323625564,0.5409067172584198,0.11441942481773858,0.0,Kayole,4168.902052512293,0.22731373389441864,ml_model,low,frac_wet_500=0.998 (+1.28); s_point=0.159 (-0.72); frac_wet_150=1 (-0.69),"hazard source: ml_model; annual flood probability 4% (top 40% of portfolio); insured value KES 1,330,000 (top 78%); informal_iron_sheet vulnerability cap 95%"
NBO-0594,-1.325088,36.940654,informal_iron_sheet,1090000.0,0.0,0.0,0.0,0.0,211452.1810579044,0.2939285252403453,400525.0262727919,0.6405294844663454,570561.9777473911,0.9854474571812252,20718.732464747693,0.019008011435548342,0.04,70.8,medium,323,3.411423966874628e-05,4885.368092562854,0.133851945400238,0.5862328905104066,0.13304817809553832,0.0,Fedha,4802.190550662467,0.2463618642953063,ml_model,low,frac_wet_500=0.979 (+1.24); dist_strong_m=343 (+0.91); frac_wet_150=1 (-0.69),"hazard source: ml_model; annual flood probability 4% (top 40% of portfolio); insured value KES 1,090,000 (top 84%); informal_iron_sheet vulnerability cap 95%"
NBO-0023,-1.255021,36.762602,informal_iron_sheet,885000.0,0.0,0.0,0.0,0.0,215590.96595322542,0.38251169009704666,361169.1125929034,0.7291126493230468,490670.64316617645,1.0740306220379265,19637.331996730638,0.022189075702520496,0.04,78.0,high,324,3.233366960701121e-05,0.0,0.0,0.6389301341899891,0.1776390761019914,0.0,Kangemi,1843.267741370936,0.26850765550948164,ml_model,low,s_max_1000=0.6 (+0.79); frac_wet_500=0.0156 (-0.67); s_max_500=0.0395 (+0.36),"hazard source: ml_model; annual flood probability 4% (top 40% of portfolio); insured value KES 885,000 (top 90%); informal_iron_sheet vulnerability cap 95%"
NBO-0307,-1.335209,36.897649,informal_iron_sheet,960000.0,0.0,0.0,0.0,0.0,207362.434843734,0.3272765701447822,367915.0926881779,0.6738775293707823,514754.41506073775,1.018795502085662,19557.0621417804,0.02037193973102125,0.04,73.7,medium,325,3.2201502010629185e-05,2617.9412735038695,0.1050631180405616,0.6060713107272682,0.12559913278513354,0.0,Fedha,2174.7286784818366,0.2546988755214155,ml_model,low,frac_wet_500=0.889 (+1.06); dist_strong_m=261 (+1.04); frac_wet_150=0.893 (-0.57),"hazard source: ml_model; annual flood probability 4% (top 40% of portfolio); insured value KES 960,000 (top 87%); informal_iron_sheet vulnerability cap 95%"
NBO-0181,-1.195501,36.89562,informal_iron_sheet,865000.0,0.0,0.0,0.0,0.0,209590.82796810186,0.37979486504841486,351949.57459881605,0.726395824274415,478806.52335059416,1.0713137969892947,19118.325264797433,0.022102110132713796,0.04,77.7,high,326,3.147910381380993e-05,5154.451028973699,0.1580795347690582,0.6373139219914957,0.14907683699054086,0.0,Dandora,5615.561175329808,0.2678284492473237,ml_model,low,s_max_1000=0.833 (+1.88); frac_wet_500=1 (+1.28); dist_strong_m=111 (+1.27),"hazard source: ml_model; annual flood probability 4% (top 40% of portfolio); insured value KES 865,000 (top 91%); informal_iron_sheet vulnerability cap 95%"
NBO-0424,-1.290479,36.84768,informal_iron_sheet,900000.0,0.0,0.0,0.0,0.0,199511.40914250037,0.3368319656076397,348790.3345576241,0.6834329248336398,485420.2165719103,1.0283508975485196,18654.180949453126,0.020726867721614584,0.04,74.0,medium,327,3.071487123146047e-05,1178.5048320293422,0.0708576738834381,0.6117557204452496,0.14839303983958962,0.0,Kiambiu,1972.2727595983615,0.2570877243871299,ml_model,low,dist_strong_m=137 (+1.23); frac_wet_500=0.835 (+0.96); frac_wet_150=0.992 (-0.68),"hazard source: ml_model; annual flood probability 4% (top 40% of portfolio); insured value KES 900,000 (top 89%); informal_iron_sheet vulnerability cap 95%"
NBO-0568,-1.215505,36.766714,informal_iron_sheet,1325000.0,0.0,0.0,0.0,0.0,150686.87631214855,0.17231203694928365,409528.6655674804,0.5189129961752837,621059.21520076,0.8638309688901635,18499.839920666655,0.013962143336352192,0.04,58.0,medium,328,3.0460742420458098e-05,0.0,0.0,0.5138844512861297,0.15654028816797375,0.0,Kitisuru,2807.13844758726,0.21595774222254088,ml_model,low,s_max_1000=0.587 (+0.73); frac_wet_500=0.0266 (-0.65); dist_strong_m=515 (+0.64),"hazard source: ml_model; annual flood probability 4% (top 40% of portfolio); insured value KES 1,325,000 (top 78%); informal_iron_sheet vulnerability cap 95%"
NBO-0521,-1.311918,36.827583,informal_iron_sheet,1680000.0,0.0,0.0,0.0,0.0,111037.76657988755,0.10014228587652196,461053.7528506738,0.44674324510252206,732895.8806699557,0.7916612178174018,18425.93821209676,0.01096782036434331,0.04,50.0,medium,329,3.033906023732393e-05,17587.39067806317,0.1949077397584915,0.44778196596626435,0.1464805738442055,0.47095138421036675,Nairobi West,613.5961247148247,0.19791530445435046,known_hotspot,medium,dist_strong_m=97.1 (+1.30); s_point=0.195 (-0.95); frac_wet_500=0.815 (+0.92),"hazard source: known_hotspot; annual flood probability 4% (top 40% of portfolio); insured value KES 1,680,000 (top 73%); informal_iron_sheet vulnerability cap 95%"
NBO-0296,-1.278423,36.873103,informal_iron_sheet,1230000.0,0.0,0.0,0.0,0.0,157143.8425909018,0.19357457821002932,392719.63730223174,0.5401755374360294,588299.2578685282,0.8850935101509092,18258.52119311045,0.014844326173260529,0.04,61.0,medium,330,3.0063401274110633e-05,18258.52119311045,0.2212733775377273,0.5036118292387786,0.14677932592522264,0.06793358811602347,Kiambiu,1159.5742098691758,0.2212733775377273,proxy,high,dist_strong_m=43.4 (+1.38); frac_wet_500=0.961 (+1.21); s_point=0.221 (-1.12),"hazard source: proxy; annual flood probability 4% (top 40% of portfolio); insured value KES 1,230,000 (top 80%); informal_iron_sheet vulnerability cap 95%"
NBO-0076,-1.305358,36.913093,informal_iron_sheet,995000.0,0.0,0.0,0.0,0.0,177579.97203076674,0.27041262681706524,354385.68869416806,0.6170135860430653,510304.85543387,0.9619315587579451,17942.175125916616,0.018032336809966448,0.04,69.0,medium,331,2.9542524547077364e-05,0.0,0.0,0.5722435164396048,0.10197296932506375,0.0,Tassia,1621.6890575996965,0.24048288968948628,ml_model,low,s_max_1000=0.522 (+0.43); frac_wet_500=0.535 (+0.36); s_point=0 (+0.33),"hazard source: ml_model; annual flood probability 4% (top 40% of portfolio); insured value KES 995,000 (top 86%); informal_iron_sheet vulnerability cap 95%"
NBO-0508,-1.319233,36.80786,semi_permanent,4750000.0,0.0,0.0,0.0,0.0,0.0,0.0,492896.7031870324,0.1965297859597418,1272600.7118225098,0.5414477586746216,17780.345640124153,0.003743230661078769,0.01,43.3,low,332,2.9276065685600804e-05,17780.345640124153,0.1353619396686554,0.31815746724375454,0.11047765661799522,0.0,Madaraka,1555.8960469249664,0.1353619396686554,proxy,medium,dist_strong_m=303 (+0.97); s_point=0.135 (-0.56); frac_wet_150=0.802 (-0.48),"hazard source: proxy; annual flood probability 1% (top 57% of portfolio); insured value KES 4,750,000 (top 53%); semi_permanent vulnerability cap 90%"
NBO-0161,-1.264529,36.758589,informal_iron_sheet,1240000.0,0.0,0.0,0.0,0.0,142081.83392808112,0.1736092789932565,384029.1337881015,0.5202102382192566,581941.5417012481,0.8651282109341364,17379.797726858214,0.014015965908756624,0.04,58.2,medium,333,2.8616547178123576e-05,0.0,0.0,0.5146561676750533,0.11639516325332852,0.27864538475027534,Kangemi,799.3169984415717,0.2162820527335341,ml_model,low,dist_strong_m=537 (+0.60); frac_wet_500=0.121 (-0.46); s_max_1000=0.524 (+0.43),"hazard source: ml_model; annual flood probability 4% (top 40% of portfolio); insured value KES 1,240,000 (top 80%); informal_iron_sheet vulnerability cap 95%"
NBO-0396,-1.202279,36.766078,informal_iron_sheet,1185000.0,0.0,0.0,0.0,0.0,138240.02644440785,0.17675492449099584,368784.82665822725,0.5233558837169959,557807.0339422977,0.8682738564318757,16763.577307442527,0.01414647874045783,0.04,58.5,medium,334,2.7601915075870688e-05,0.0,0.0,0.5165274808934521,0.15331013514287736,0.0,Kitisuru,4272.111834653407,0.21706846410796893,ml_model,low,dist_strong_m=206 (+1.12); s_max_1000=0.587 (+0.73); s_max_500=0.585 (-0.49),"hazard source: ml_model; annual flood probability 4% (top 40% of portfolio); insured value KES 1,185,000 (top 81%); informal_iron_sheet vulnerability cap 95%"
NBO-0524,-1.285827,36.901408,informal_iron_sheet,655000.0,0.0,0.0,8022.817046555755,0.018558447944843293,180456.68025686714,0.4489716293157351,286895.02047267644,0.7955725885417352,377517.0348156173,1.140490561256615,16569.105587500977,0.02529634440839844,0.1,81.8,high,335,2.7281709441951368e-05,0.0,0.0,0.6784664909864861,0.11294613296979601,0.0,Komarock,1624.8288771198304,0.28512264031415374,ml_model,low,s_max_1000=0.627 (+0.92); frac_wet_500=0.616 (+0.52); frac_wet_150=0.744 (-0.42),"hazard source: ml_model; annual flood probability 10% (top 16% of portfolio); insured value KES 655,000 (top 96%); informal_iron_sheet vulnerability cap 95%"
NBO-0392,-1.199582,36.834712,informal_iron_sheet,730000.0,0.0,0.0,0.0,0.0,182663.57611923848,0.39630016015764413,302443.0177175271,0.7429011193836442,408055.61928653443,1.087819092098524,16520.22457928696,0.02263044462916022,0.04,78.3,high,336,2.7201224864417477e-05,0.0,0.0,0.6471327578818311,0.12327777264160317,0.0,Westlands,7515.599775456753,0.271954773024631,ml_model,low,s_max_1000=0.625 (+0.91); dist_strong_m=523 (+0.62); frac_wet_500=0.168 (-0.37),"hazard source: ml_model; annual flood probability 4% (top 40% of portfolio); insured value KES 730,000 (top 94%); informal_iron_sheet vulnerability cap 95%"
NBO-0018,-1.274224,36.862993,informal_iron_sheet,715000.0,0.0,0.0,0.0,0.0,182678.15094015148,0.40727899458086103,299760.87513735757,0.7538799538068611,402261.37076280476,1.098797926521741,16432.042140118887,0.022981877119047395,0.04,78.7,high,337,2.705602887477512e-05,62.07905196044548,0.0046982602216303,0.6536639572790751,0.12739856543627157,0.20038930242482134,Kiambiu,896.5191833725354,0.2746994816304352,ml_model,low,s_max_1000=0.556 (+0.58); frac_wet_500=0.589 (+0.47); dist_wet_m=0 (+0.35),"hazard source: ml_model; annual flood probability 4% (top 40% of portfolio); insured value KES 715,000 (top 94%); informal_iron_sheet vulnerability cap 95%"
NBO-0332,-1.210051,36.840545,informal_iron_sheet,975000.0,0.0,0.0,0.0,0.0,151451.94342843734,0.23535655544434708,330856.11686572246,0.5819575146703472,484666.6200902683,0.926875487385227,16163.413898494564,0.016577860408712373,0.04,65.3,medium,338,2.6613721497518405e-05,0.0,0.0,0.5513890082656715,0.1757210225443503,0.0,Mathare,6370.591210897391,0.23171887184630674,ml_model,low,s_max_1000=0.697 (+1.25); frac_wet_500=0.0542 (-0.59); s_point=0 (+0.33),"hazard source: ml_model; annual flood probability 4% (top 40% of portfolio); insured value KES 975,000 (top 86%); informal_iron_sheet vulnerability cap 95%"
NBO-0150,-1.315498,36.888282,informal_iron_sheet,635000.0,0.0,0.0,3921.6252763671987,0.009357254298179907,172142.02879193306,0.4397704356690717,275505.6260912668,0.7863713948950718,364061.6869826654,1.1312893676099516,15567.654396267824,0.02451599117522492,0.1,81.0,high,339,2.5632779131547106e-05,564.4045170620082,0.0480966456234455,0.6729927924058854,0.12417252473523656,0.07586522633975176,Fedha,1135.516809773241,0.2828223419024879,ml_model,low,s_max_1000=0.627 (+0.92); dist_strong_m=511 (+0.64); frac_wet_500=0.615 (+0.52),"hazard source: ml_model; annual flood probability 10% (top 16% of portfolio); insured value KES 635,000 (top 97%); informal_iron_sheet vulnerability cap 95%"
NBO-0427,-1.344614,36.914871,informal_iron_sheet,1150000.0,0.0,0.0,0.0,0.0,120743.95319620236,0.15908294228748665,348137.5136354447,0.5056839015134867,532186.4699131798,0.8506018742283665,15425.258428659368,0.013413268198834233,0.04,56.3,medium,340,2.5398318351906112e-05,816.4230486005542,0.0384162925183773,0.5060145944551989,0.12600510503766096,0.0,Fedha,3697.6391095132108,0.21265046855709163,ml_model,low,frac_wet_500=0.691 (+0.67); frac_wet_150=0.711 (-0.38); dist_wet_m=0 (+0.35),"hazard source: ml_model; annual flood probability 4% (top 40% of portfolio); insured value KES 1,150,000 (top 82%); informal_iron_sheet vulnerability cap 95%"
NBO-0428,-1.211801,36.839118,informal_iron_sheet,1070000.0,0.0,0.0,0.0,0.0,125243.39207707997,0.1773483320264514,333300.35598725907,0.5239492912524515,503959.58760027005,0.8688672639673313,15163.076164441152,0.01417109921910388,0.04,58.7,medium,341,2.4966624539861722e-05,0.0,0.0,0.5168804931339585,0.17941824207741824,0.0,Mathare,6295.875009298481,0.21721681599183282,ml_model,low,s_max_1000=0.697 (+1.25); frac_wet_500=0.0496 (-0.60); dist_strong_m=1.22e+03 (-0.47),"hazard source: ml_model; annual flood probability 4% (top 40% of portfolio); insured value KES 1,070,000 (top 84%); informal_iron_sheet vulnerability cap 95%"
NBO-0573,-1.209108,36.843527,informal_iron_sheet,705000.0,0.0,0.0,0.0,0.0,153600.35795593463,0.33011037600673676,271086.6711025858,0.6767113352327369,378682.05849401304,1.0216293079476166,14442.350597321696,0.02048560368414425,0.04,73.8,medium,342,2.3779920441339274e-05,601.1606644928454,0.0461423248052597,0.607757113648056,0.17612737250848137,0.0,Mathare,6290.377338749398,0.25540732698690416,ml_model,low,s_max_1000=0.697 (+1.25); frac_wet_500=0.113 (-0.47); dist_strong_m=664 (+0.40),"hazard source: ml_model; annual flood probability 4% (top 40% of portfolio); insured value KES 705,000 (top 95%); informal_iron_sheet vulnerability cap 95%"
NBO-0235,-1.290382,36.928578,informal_iron_sheet,675000.0,0.0,0.0,0.0,0.0,151001.12783563609,0.3410528636902348,262874.8487108064,0.6876538229162349,365005.3674768308,1.0325717956311147,14081.835601735955,0.020861978669238453,0.04,74.3,medium,343,2.3186317768757116e-05,2126.5103282369923,0.1120080575346946,0.6142666907313645,0.11608022803612972,0.0,Kayole,2820.6636041937454,0.25814294890777867,ml_model,low,frac_wet_500=0.998 (+1.28); frac_wet_150=1 (-0.69); s_mean_1000=0.189 (-0.69),"hazard source: ml_model; annual flood probability 4% (top 40% of portfolio); insured value KES 675,000 (top 96%); informal_iron_sheet vulnerability cap 95%"
NBO-0166,-1.273681,36.816244,informal_iron_sheet,630000.0,0.0,0.0,0.0,0.0,150093.1383208406,0.37133974312447293,253936.18911635914,0.717940702350473,346968.31854608684,1.0628586750653528,13753.8208583549,0.021831461679928412,0.04,77.0,high,344,2.264622808954421e-05,0.0,0.0,0.6322840540579293,0.13155964879245166,0.0740253452252304,Chiromo,1140.909229819597,0.2657146687663382,ml_model,low,dist_strong_m=154 (+1.21); s_max_1000=0.531 (+0.47); s_max_150=0.399 (-0.44),"hazard source: ml_model; annual flood probability 4% (top 40% of portfolio); insured value KES 630,000 (top 97%); informal_iron_sheet vulnerability cap 95%"
NBO-0462,-1.315129,36.829882,informal_iron_sheet,910000.0,0.0,0.0,0.0,0.0,116698.37183523842,0.19430298340865537,290866.8421428175,0.5409039426346555,435544.0743356347,0.8858219153495352,13535.838411505887,0.014874547704951524,0.04,61.2,medium,345,2.2287311083012094e-05,32.77318373629773,0.0019488359102979,0.5269666466015581,0.08717279409518014,0.11543668080401996,Nairobi West,1038.9978627248986,0.2214554788373838,ml_model,low,dist_strong_m=536 (+0.60); dist_wet_m=0 (+0.35); s_point=0.00195 (+0.32),"hazard source: ml_model; annual flood probability 4% (top 40% of portfolio); insured value KES 910,000 (top 89%); informal_iron_sheet vulnerability cap 95%"
NBO-0464,-1.29875,36.943049,informal_iron_sheet,610000.0,0.0,0.0,0.0,0.0,148373.20103184637,0.3817390745623168,248729.339274893,0.7283400337883169,338046.8367090935,1.0732580065031967,13520.250010344815,0.022164344279253796,0.04,77.8,high,346,2.2261644143484485e-05,915.2716113924978,0.0811929255723953,0.6384705128932093,0.11123798945429282,0.0,Kayole,4426.813140900114,0.2683145016257992,ml_model,low,frac_wet_500=0.994 (+1.27); frac_wet_150=1 (-0.69); s_max_1000=0.563 (+0.62),"hazard source: ml_model; annual flood probability 4% (top 40% of portfolio); insured value KES 610,000 (top 98%); informal_iron_sheet vulnerability cap 95%"
NBO-0006,-1.297331,36.917333,informal_iron_sheet,625000.0,0.0,0.0,0.0,0.0,142729.5886449949,0.35076529548331625,246134.2591369952,0.6973662547093163,339971.12190624047,1.0422842274241961,13233.046006834367,0.02117287361093499,0.04,75.0,high,347,2.178875101518866e-05,2747.254484647014,0.1324349194765091,0.6200445198002321,0.13136275586042223,0.0,Tassia,2345.807845100045,0.26057105685604903,ml_model,low,frac_wet_500=0.982 (+1.25); s_max_1000=0.614 (+0.86); frac_wet_150=0.992 (-0.68),"hazard source: ml_model; annual flood probability 4% (top 40% of portfolio); insured value KES 625,000 (top 97%); informal_iron_sheet vulnerability cap 95%"
NBO-0229,-1.184356,36.908604,informal_iron_sheet,570000.0,0.0,0.0,0.0,0.0,146666.1094205911,0.41106034144952885,239940.12362327316,0.757661300675529,321395.1613247359,1.1025792733904087,13168.663278418668,0.02310291803231345,0.04,79.2,high,348,2.1682742221868988e-05,10037.932341852771,0.2379405349493026,0.6559134429200268,0.11444856902606322,0.0,Mwiki,6040.16555354879,0.2756448183476022,ml_model,low,s_max_1000=0.807 (+1.77); frac_wet_500=1 (+1.28); s_point=0.238 (-1.23),"hazard source: ml_model; annual flood probability 4% (top 40% of portfolio); insured value KES 570,000 (top 98%); informal_iron_sheet vulnerability cap 95%"
NBO-0001,-1.219963,36.789855,informal_iron_sheet,625000.0,0.0,0.0,0.0,0.0,138636.608910882,0.33712202970294003,242297.09063626442,0.6837229889289401,337157.19833903783,1.02864096164382,12960.095420815715,0.02073615267330514,0.04,74.2,medium,349,2.1339326721255218e-05,0.0,0.0,0.6119282766904172,0.16590945537249976,0.0,Westlands,2983.630540034952,0.257160240410955,ml_model,low,dist_strong_m=123 (+1.26); s_max_1000=0.587 (+0.73); s_max_150=0.496 (-0.60),"hazard source: ml_model; annual flood probability 4% (top 40% of portfolio); insured value KES 625,000 (top 97%); informal_iron_sheet vulnerability cap 95%"
NBO-0010,-1.275674,36.901374,semi_permanent,3960000.0,0.0,0.0,0.0,0.0,0.0,0.0,310225.5337262287,0.14837079781060064,987714.6360118666,0.4932887705254804,12498.062059155183,0.00315607627756444,0.01,43.2,low,350,2.0578569910409655e-05,0.0,0.0,0.3317637066189998,0.13269581742486816,0.2934525830820588,Komarock,782.9556850665143,0.1233221926313701,known_hotspot,medium,frac_wet_500=0.696 (+0.68); s_max_1000=0.308 (-0.58); frac_wet_150=0.678 (-0.35),"hazard source: known_hotspot; annual flood probability 1% (top 57% of portfolio); insured value KES 3,960,000 (top 58%); semi_permanent vulnerability cap 90%"
NBO-0262,-1.313656,36.769023,informal_iron_sheet,495000.0,0.0,0.0,3901.937803875975,0.011943488839534666,134803.94484199735,0.44235667021042646,215340.31195696403,0.7889576294364266,284218.5796114159,1.1338756021513063,12243.988214705223,0.02473532972667722,0.1,81.3,high,351,2.0160226942862137e-05,0.0,0.0,0.6745313176105198,0.15992453573368037,0.0,Kibera,2235.738581151827,0.2834689005378266,ml_model,low,dist_strong_m=375 (+0.86); s_max_1000=0.609 (+0.83); s_max_500=0.516 (-0.39),"hazard source: ml_model; annual flood probability 10% (top 16% of portfolio); insured value KES 495,000 (top 99%); informal_iron_sheet vulnerability cap 95%"
NBO-0094,-1.271576,36.791682,informal_iron_sheet,695000.0,0.0,0.0,0.0,0.0,112965.31953397141,0.24627276985823288,239482.6760225001,0.592873729084233,348894.3547376725,0.9377917017991128,11836.388030597422,0.017030774144744493,0.04,66.7,medium,352,1.948909658325459e-05,3562.1580649394677,0.1444067060947418,0.5578829556422151,0.13760614391056727,0.3637897956782599,Kileleshwa,711.0481919511926,0.2344479254497782,ml_model,low,dist_strong_m=61.4 (+1.35); s_max_1000=0.616 (+0.87); s_point=0.144 (-0.62),"hazard source: ml_model; annual flood probability 4% (top 40% of portfolio); insured value KES 695,000 (top 95%); informal_iron_sheet vulnerability cap 95%"
NBO-0055,-1.338598,36.861152,informal_iron_sheet,695000.0,0.0,0.0,0.0,0.0,110911.90598050991,0.24179617610749926,237989.2843472554,0.5883971353334994,347494.30004213064,0.9333151080483791,11707.302987668458,0.01684504027002656,0.04,66.3,medium,353,1.927655278504581e-05,2078.8964894671144,0.1093970388174057,0.5552198745464051,0.1254464622816848,0.0,Fedha,4871.661070289005,0.23332877701209478,ml_model,low,frac_wet_500=0.857 (+1.00); dist_strong_m=343 (+0.91); frac_wet_150=0.975 (-0.66),"hazard source: ml_model; annual flood probability 4% (top 40% of portfolio); insured value KES 695,000 (top 95%); informal_iron_sheet vulnerability cap 95%"
NBO-0380,-1.256632,36.748659,permanent_masonry,75325000.0,0.0,0.0,0.0,0.0,0.0,0.0,0.0,0.0,1637770.2965405004,0.049415270088419894,11464.392075783502,0.00015219903187233325,0.004,35.3,low,354,1.8876590042136864e-05,0.0,0.0,0.02428417284240902,0.01443235499615238,0.029396652665936523,Kangemi,1327.9447401943314,0.012353817522104973,known_hotspot,medium,dist_wet_m=1.03e+03 (-1.17); dist_strong_m=1.63e+03 (-1.12); s_max_1000=0.245 (-0.88),"hazard source: known_hotspot; annual flood probability 0% (top 63% of portfolio); insured value KES 75,325,000 (top 18%); permanent_masonry vulnerability cap 85%"
NBO-0431,-1.339077,36.900695,informal_iron_sheet,560000.0,0.0,0.0,0.0,0.0,111071.03671842636,0.30051687423816653,207545.27363516798,0.6471178334641666,294793.0231571197,0.9920358061790464,10797.562739862049,0.019281362035467944,0.04,71.3,medium,355,1.7778628290737204e-05,10797.562739862049,0.2480089515447616,0.4507793127488741,0.1678279170499463,0.0,Fedha,2614.257709257786,0.2480089515447616,proxy,medium,s_point=0.248 (-1.30); dist_strong_m=111 (+1.27); frac_wet_500=0.991 (+1.26),"hazard source: proxy; annual flood probability 4% (top 40% of portfolio); insured value KES 560,000 (top 99%); informal_iron_sheet vulnerability cap 95%"
NBO-0199,-1.344312,36.819906,permanent_masonry,32725000.0,0.0,0.0,0.0,0.0,0.0,0.0,0.0,0.0,1538820.53015381,0.1068699583411216,10771.74371107667,0.0003291594716906545,0.004,36.2,low,356,1.7736116204754272e-05,10771.74371107667,0.0267174895852804,0.4580335349493864,0.13501424722657654,0.0,Nairobi West,3975.491658945676,0.0267174895852804,proxy,medium,frac_wet_150=0.868 (-0.55); dist_strong_m=574 (+0.54); frac_wet_500=0.567 (+0.43),"hazard source: proxy; annual flood probability 0% (top 63% of portfolio); insured value KES 32,725,000 (top 36%); permanent_masonry vulnerability cap 85%"
NBO-0436,-1.316654,36.932326,permanent_masonry,37945000.0,0.0,0.0,0.0,0.0,0.0,0.0,0.0,0.0,1476552.0633771953,0.0884385332465168,10335.864443640367,0.00027239068239927176,0.004,35.7,low,357,1.7018423178829064e-05,10335.864443640367,0.0221096333116292,0.1796155508989133,0.11951921554510976,0.0,Fedha,3762.4137753797686,0.0221096333116292,proxy,medium,s_max_1000=0.21 (-1.04); dist_strong_m=1.57e+03 (-1.02); frac_wet_500=0.829 (+0.94),"hazard source: proxy; annual flood probability 0% (top 63% of portfolio); insured value KES 37,945,000 (top 31%); permanent_masonry vulnerability cap 85%"
NBO-0294,-1.28955,36.779763,informal_iron_sheet,715000.0,0.0,0.0,0.0,0.0,75154.7965477421,0.1592600053989025,216511.48305926658,0.5058609646249026,330938.123089075,0.8507789373397824,9595.739401338718,0.013420614547326879,0.04,56.5,medium,358,1.5799777051664698e-05,9595.739401338718,0.2126947343349456,0.19232612272601066,0.10840315918746397,0.0,Kileleshwa,1688.0050689108264,0.2126947343349456,proxy,medium,dist_strong_m=111 (+1.27); s_point=0.213 (-1.07); frac_wet_150=0.702 (-0.37),"hazard source: proxy; annual flood probability 4% (top 40% of portfolio); insured value KES 715,000 (top 94%); informal_iron_sheet vulnerability cap 95%"
NBO-0539,-1.312574,36.820574,informal_iron_sheet,490000.0,0.0,0.0,0.0,0.0,96956.64813722012,0.2998041067941253,181434.4715279335,0.6464050660201254,257786.73004106866,0.9913230387350052,9433.376763965189,0.01925178931421467,0.04,71.2,medium,359,1.5532440334322817e-05,522.4158594757313,0.0576923601329326,0.5687398459365968,0.13462308195820855,0.5897282155351975,Nairobi West,513.8547945919107,0.2478307596837513,known_hotspot,high,dist_strong_m=197 (+1.14); frac_wet_500=0.78 (+0.85); frac_wet_150=0.959 (-0.64),"hazard source: known_hotspot; annual flood probability 4% (top 40% of portfolio); insured value KES 490,000 (top 100%); informal_iron_sheet vulnerability cap 95%"
NBO-0451,-1.286896,36.782238,informal_iron_sheet,850000.0,0.0,0.0,0.0,0.0,55034.25452258174,0.09810027544132216,232438.1037442675,0.44470123466732225,370029.34682369226,0.789619207382202,9250.63274867884,0.01088309735138687,0.04,49.8,low,360,1.5231544845367842e-05,9250.63274867884,0.1974048018455505,0.21724574565923557,0.10248054132809443,0.03521088485371566,Kileleshwa,1293.5223259342524,0.1974048018455505,proxy,medium,dist_strong_m=68.7 (+1.34); s_point=0.197 (-0.97); s_max_150=0.342 (-0.35),"hazard source: proxy; annual flood probability 4% (top 40% of portfolio); insured value KES 850,000 (top 92%); informal_iron_sheet vulnerability cap 95%"
NBO-0437,-1.323597,36.803865,informal_iron_sheet,600000.0,0.0,0.0,0.0,0.0,78404.54472990506,0.19799127457046728,192842.56333338263,0.5445922337964674,288167.75575806375,0.8895102065113472,9016.544943153061,0.015027574905255102,0.04,61.3,medium,361,1.48461097076332e-05,0.0,0.0,0.5291607743280812,0.12089943377866755,0.0,Lang'ata,1627.8722809579874,0.2223775516278368,ml_model,low,dist_strong_m=530 (+0.61); frac_wet_500=0.163 (-0.38); frac_wet_150=0.0165 (+0.36),"hazard source: ml_model; annual flood probability 4% (top 40% of portfolio); insured value KES 600,000 (top 98%); informal_iron_sheet vulnerability cap 95%"
NBO-0377,-1.240753,36.808486,semi_permanent,6520000.0,0.0,0.0,0.0,0.0,0.0,0.0,26450.279889480666,0.007683317034265391,1213851.0960388172,0.3526012897491452,8973.062710282373,0.001376236612006499,0.01,41.2,low,362,1.4774514434321628e-05,8973.062710282373,0.0881503224372863,0.11283308823616067,0.05575113928489143,0.0,Parklands,2492.0145893023678,0.0881503224372863,proxy,medium,frac_wet_500=0.106 (-0.49); dist_wet_m=0 (+0.35); s_max_1000=0.366 (-0.31),"hazard source: proxy; annual flood probability 1% (top 57% of portfolio); insured value KES 6,520,000 (top 44%); semi_permanent vulnerability cap 90%"
NBO-0361,-1.260813,36.895214,informal_iron_sheet,485000.0,0.0,0.0,0.0,0.0,90055.99748917735,0.28133707431795485,175283.9742090327,0.6279380335439549,251125.82336599068,0.9728560062588347,8965.512186337504,0.018485592136778358,0.04,70.2,medium,363,1.4762082188096232e-05,5467.184263671874,0.1997514367103576,0.5787423615977165,0.1504502409035648,0.0117307624327439,Kariobangi,1490.8958078786347,0.24321400156470868,ml_model,low,dist_strong_m=97.1 (+1.30); frac_wet_500=1 (+1.28); s_mean_1000=0.269 (-1.12),"hazard source: ml_model; annual flood probability 4% (top 40% of portfolio); insured value KES 485,000 (top 100%); informal_iron_sheet vulnerability cap 95%"
NBO-0232,-1.284456,36.786377,informal_iron_sheet,680000.0,0.0,0.0,0.0,0.0,68733.26203939102,0.15314897958866092,203918.38002910535,0.499749938814661,312868.3809280395,0.8446679115295408,8953.606298792769,0.013167068086459954,0.04,55.2,medium,364,1.474247865772287e-05,8953.606298792769,0.2111669778823852,0.2225041142381822,0.12000528787137638,0.21609450445680717,Kileleshwa,875.2255270354178,0.2111669778823852,proxy,medium,dist_strong_m=43.4 (+1.38); s_point=0.211 (-1.06); s_max_150=0.403 (-0.45),"hazard source: proxy; annual flood probability 4% (top 40% of portfolio); insured value KES 680,000 (top 96%); informal_iron_sheet vulnerability cap 95%"
NBO-0575,-1.330035,36.785141,permanent_masonry,56840000.0,0.0,0.0,0.0,0.0,0.0,0.0,0.0,0.0,1134266.2990122037,0.04535323631774213,7939.864093085426,0.0001396879678586458,0.004,35.2,low,365,1.307331068971779e-05,0.0,0.0,0.015168339072277118,0.011969434936740624,0.026980189178835164,Lang'ata,1343.9963572141196,0.011338309079435532,known_hotspot,medium,s_max_1000=0.113 (-1.50); dist_wet_m=1.13e+03 (-1.32); dist_strong_m=1.45e+03 (-0.84),"hazard source: known_hotspot; annual flood probability 0% (top 63% of portfolio); insured value KES 56,840,000 (top 24%); permanent_masonry vulnerability cap 85%"
NBO-0434,-1.317629,36.800261,informal_iron_sheet,910000.0,0.0,0.0,0.0,0.0,18673.47254452564,0.031091362877998074,219576.00629502637,0.37769232210399817,368708.9157283305,0.722610294818878,7373.636787912442,0.008102897569134552,0.04,45.0,low,366,1.2140994293020944e-05,7373.636787912442,0.1806525737047195,0.46573991267749176,0.1546621025173607,0.07009586724314,Lang'ata,1152.7990808986556,0.1806525737047195,proxy,medium,dist_strong_m=86.9 (+1.31); s_point=0.181 (-0.86); frac_wet_150=0.95 (-0.64),"hazard source: proxy; annual flood probability 4% (top 40% of portfolio); insured value KES 910,000 (top 89%); informal_iron_sheet vulnerability cap 95%"
NBO-0304,-1.32852,36.797975,permanent_masonry,58110000.0,0.0,0.0,0.0,0.0,0.0,0.0,0.0,0.0,921233.9871866136,0.036030177374673955,6448.637910306295,0.00011097294631399579,0.004,35.0,low,367,1.0617945841207189e-05,0.0,0.0,0.3486850186171976,0.11311143265994995,0.02143399414553808,Lang'ata,1386.1416063718736,0.009007544343668489,known_hotspot,medium,frac_wet_500=0.0165 (-0.67); frac_wet_150=0 (+0.38); s_point=0 (+0.33),"hazard source: known_hotspot; annual flood probability 0% (top 63% of portfolio); insured value KES 58,110,000 (top 23%); permanent_masonry vulnerability cap 85%"
NBO-0463,-1.263233,36.740277,permanent_masonry,64740000.0,0.0,0.0,0.0,0.0,0.0,0.0,0.0,0.0,766664.4007166489,0.026914103993479124,5366.650805016543,8.289544029991571e-05,0.004,34.3,low,368,8.836409857229845e-06,0.0,0.0,0.11418965196428549,0.06290221911334437,0.016010932764214704,Kangemi,1437.7905779912048,0.006728525998369781,known_hotspot,medium,dist_wet_m=1.05e+03 (-1.20); frac_wet_500=0 (-0.70); s_max_500=0 (+0.42),"hazard source: known_hotspot; annual flood probability 0% (top 63% of portfolio); insured value KES 64,740,000 (top 22%); permanent_masonry vulnerability cap 85%"
NBO-0486,-1.309357,36.726474,informal_iron_sheet,945000.0,0.0,0.0,0.0,0.0,0.0,0.0,162763.77741425607,0.26096485075237463,331528.4487247466,0.6058828234672544,5250.447134529835,0.005556028713788186,0.01,44.2,low,369,8.645075765141126e-06,5250.447134529835,0.1514707058668136,0.18288635387955784,0.08459627556546806,0.0,Kawangware,4430.512406621307,0.1514707058668136,proxy,medium,dist_strong_m=68.7 (+1.34); s_point=0.151 (-0.67); s_max_1000=0.32 (-0.53),"hazard source: proxy; annual flood probability 1% (top 57% of portfolio); insured value KES 945,000 (top 87%); informal_iron_sheet vulnerability cap 95%"
NBO-0277,-1.316557,36.932,semi_permanent,3990000.0,0.0,0.0,0.0,0.0,0.0,0.0,0.0,0.0,717301.0479497903,0.3404823839664456,5021.107335648532,0.001258422891139983,0.004,41.0,low,370,8.26745841437265e-06,5021.107335648532,0.0851205959916114,0.12527774716369924,0.09048380417427432,0.0,Fedha,3725.8880779935002,0.0851205959916114,proxy,medium,s_max_1000=0.21 (-1.04); dist_strong_m=1.55e+03 (-1.00); frac_wet_500=0.833 (+0.95),"hazard source: proxy; annual flood probability 0% (top 63% of portfolio); insured value KES 3,990,000 (top 57%); semi_permanent vulnerability cap 90%"
NBO-0386,-1.290194,36.745156,permanent_masonry,76960000.0,0.0,0.0,0.0,0.0,0.0,0.0,0.0,0.0,669377.0232401902,0.01976755998512185,4685.639162681332,6.088408475417531e-05,0.004,34.0,low,371,7.71509635876372e-06,0.0,0.0,0.27532531466042115,0.09756811284910609,0.01175952481684136,Kawangware,1490.4851129848978,0.004941889996280462,known_hotspot,medium,s_max_1000=0.319 (-0.53); frac_wet_150=0 (+0.38); frac_wet_500=0.184 (-0.33),"hazard source: known_hotspot; annual flood probability 0% (top 63% of portfolio); insured value KES 76,960,000 (top 18%); permanent_masonry vulnerability cap 85%"
NBO-0098,-1.29751,36.948272,semi_permanent,5545000.0,0.0,0.0,0.0,0.0,0.0,0.0,0.0,0.0,657530.6645500656,0.2245848923921584,4602.71465185046,0.0008300657622814174,0.004,39.0,low,372,7.578557762992418e-06,4602.71465185046,0.0561462230980396,0.30788207618137436,0.1403779612965136,0.0,Kayole,4693.5373277472245,0.0561462230980396,proxy,medium,frac_wet_500=0.961 (+1.21); frac_wet_150=1 (-0.69); dist_strong_m=1.23e+03 (-0.48),"hazard source: proxy; annual flood probability 0% (top 63% of portfolio); insured value KES 5,545,000 (top 48%); semi_permanent vulnerability cap 90%"
NBO-0465,-1.291747,36.740285,semi_permanent,3200000.0,0.0,0.0,0.0,0.0,0.0,0.0,0.0,0.0,570172.9385375975,0.337460309267044,3991.2105697631832,0.0012472533030509947,0.004,40.8,low,373,6.571691302882641e-06,3991.2105697631832,0.084365077316761,0.06934114732349582,0.03706378115816829,0.0,Kawangware,1943.2129475138595,0.084365077316761,proxy,medium,s_max_1000=0.288 (-0.68); dist_strong_m=1.24e+03 (-0.50); dist_wet_m=0 (+0.35),"hazard source: proxy; annual flood probability 0% (top 63% of portfolio); insured value KES 3,200,000 (top 66%); semi_permanent vulnerability cap 90%"
NBO-0341,-1.346872,36.949269,semi_permanent,6365000.0,0.0,0.0,0.0,0.0,0.0,0.0,0.0,0.0,562281.5105402467,0.1673098355531692,3935.970573781727,0.0006183771522045133,0.004,38.3,low,374,6.480736392131302e-06,3935.970573781727,0.0418274588882923,0.09967832406275254,0.0976433808933743,0.0,Fedha,6625.373318493298,0.0418274588882923,proxy,medium,s_max_1000=0.145 (-1.35); dist_strong_m=1.75e+03 (-1.30); frac_wet_500=0.865 (+1.02),"hazard source: proxy; annual flood probability 0% (top 63% of portfolio); insured value KES 6,365,000 (top 44%); semi_permanent vulnerability cap 90%"
NBO-0119,-1.321806,36.758701,semi_permanent,3215000.0,0.0,0.0,0.0,0.0,0.0,0.0,0.0,0.0,428958.2466959953,0.2526970207691192,3002.7077268719668,0.0009339681887626647,0.004,39.7,low,375,4.944080977154219e-06,3002.7077268719668,0.0631742551922798,0.3532737803797209,0.10188290591151827,0.0,Lang'ata,3491.135366095975,0.0631742551922798,proxy,medium,dist_strong_m=303 (+0.97); dist_wet_m=0 (+0.35); s_max_500=0.456 (-0.29),"hazard source: proxy; annual flood probability 0% (top 63% of portfolio); insured value KES 3,215,000 (top 65%); semi_permanent vulnerability cap 90%"
NBO-0263,-1.240543,36.762234,semi_permanent,3240000.0,0.0,0.0,0.0,0.0,0.0,0.0,0.0,0.0,424551.4942088267,0.24817123445615102,2971.860459461787,0.0009172408825499342,0.004,39.5,low,376,4.893289690797908e-06,0.0,0.0,0.4447416472379719,0.12316378161832016,0.14763459893936295,Kitisuru,978.0120101837317,0.062042808614037756,known_hotspot,medium,dist_strong_m=543 (+0.59); frac_wet_500=0.118 (-0.47); frac_wet_150=0 (+0.38),"hazard source: known_hotspot; annual flood probability 0% (top 63% of portfolio); insured value KES 3,240,000 (top 65%); semi_permanent vulnerability cap 90%"
NBO-0517,-1.34537,36.948643,semi_permanent,3700000.0,0.0,0.0,0.0,0.0,0.0,0.0,0.0,0.0,410512.89095878525,0.2101314961910244,2873.590236711497,0.0007766460099220262,0.004,38.8,low,377,4.731483753252815e-06,2873.590236711497,0.0525328740477561,0.1435582132186327,0.11242157691860039,0.0,Fedha,6479.493155416347,0.0525328740477561,proxy,medium,s_max_1000=0.195 (-1.11); frac_wet_500=0.893 (+1.07); dist_strong_m=1.58e+03 (-1.04),"hazard source: proxy; annual flood probability 0% (top 63% of portfolio); insured value KES 3,700,000 (top 60%); semi_permanent vulnerability cap 90%"
NBO-0197,-1.343618,36.947469,informal_iron_sheet,2575000.0,0.0,0.0,0.0,0.0,0.0,0.0,0.0,0.0,370320.30379772134,0.2178995609283444,2592.2421265840494,0.0010066959714889513,0.004,40.0,low,378,4.268232592711636e-06,2592.2421265840494,0.0544748902320861,0.22254085685713798,0.12598699208050107,0.0,Fedha,6268.731962410103,0.0544748902320861,proxy,medium,frac_wet_500=0.923 (+1.13); s_max_1000=0.253 (-0.84); frac_wet_150=1 (-0.69),"hazard source: proxy; annual flood probability 0% (top 63% of portfolio); insured value KES 2,575,000 (top 69%); informal_iron_sheet vulnerability cap 95%"
NBO-0291,-1.309713,36.71976,permanent_masonry,25425000.0,0.0,0.0,0.0,0.0,0.0,0.0,0.0,0.0,342895.7100044919,0.0306512657552956,2400.2699700314433,9.440589852631046e-05,0.004,34.7,low,379,3.95214259205621e-06,2400.2699700314433,0.0076628164388239,0.2156193552544424,0.07829409606660076,0.0,Kawangware,4963.534574828766,0.0076628164388239,proxy,medium,frac_wet_500=0.0909 (-0.52); dist_wet_m=0 (+0.35); s_max_1000=0.362 (-0.33),"hazard source: proxy; annual flood probability 0% (top 63% of portfolio); insured value KES 25,425,000 (top 39%); permanent_masonry vulnerability cap 85%"
NBO-0000,-1.314897,36.935883,semi_permanent,5170000.0,0.0,0.0,0.0,0.0,0.0,0.0,0.0,0.0,254258.54740977194,0.0931431874632832,1779.8098318684038,0.00034425722086429473,0.004,36.3,low,380,2.930529619630818e-06,1779.8098318684038,0.0232857968658208,0.18181914144990097,0.13915352873937112,0.0,Fedha,4157.125857107289,0.0232857968658208,proxy,medium,s_max_1000=0.199 (-1.10); dist_strong_m=1.59e+03 (-1.05); frac_wet_500=0.826 (+0.94),"hazard source: proxy; annual flood probability 0% (top 63% of portfolio); insured value KES 5,170,000 (top 50%); semi_permanent vulnerability cap 90%"
NBO-0382,-1.287241,36.888335,informal_iron_sheet,1785000.0,0.0,0.0,0.0,0.0,0.0,0.0,0.0,0.0,233186.06493920085,0.19793401658535,1632.302454574406,0.0009144551566243171,0.004,39.3,low,381,2.6876526950661716e-06,1632.302454574406,0.0494835041463375,0.38491428102093234,0.0883671467298374,0.028588143526243438,Donholm,1333.184760100861,0.0494835041463375,proxy,medium,dist_wet_m=0 (+0.35); s_max_500=0.169 (+0.16); s_mean_1000=0.0342 (+0.15),"hazard source: proxy; annual flood probability 0% (top 63% of portfolio); insured value KES 1,785,000 (top 72%); informal_iron_sheet vulnerability cap 95%"
NBO-0522,-1.288577,36.715379,informal_iron_sheet,1080000.0,0.0,0.0,0.0,0.0,0.0,0.0,0.0,0.0,220586.92181110376,0.3094653785228728,1544.1084526777263,0.0014297300487756725,0.004,41.5,low,382,2.5424376669186556e-06,1544.1084526777263,0.0773663446307182,0.11522146392583173,0.06320904517477625,0.0,Kawangware,4185.287268871838,0.0773663446307182,proxy,medium,frac_wet_500=0.145 (-0.41); dist_strong_m=1.17e+03 (-0.39); s_max_1000=0.349 (-0.39),"hazard source: proxy; annual flood probability 0% (top 63% of portfolio); insured value KES 1,080,000 (top 84%); informal_iron_sheet vulnerability cap 95%"
NBO-0543,-1.315547,36.926666,informal_iron_sheet,925000.0,0.0,0.0,0.0,0.0,0.0,0.0,932.210234865896,0.0015269618916722294,209321.55096530906,0.346444934606552,1482.0306409847494,0.0016021952875510804,0.01,41.7,low,383,2.4402240131727622e-06,1482.0306409847494,0.086611233651638,0.2323372453272929,0.10572280203278143,0.0,Fedha,3131.6539239150484,0.086611233651638,proxy,medium,frac_wet_500=0.757 (+0.80); s_max_1000=0.271 (-0.76); dist_strong_m=1.2e+03 (-0.44),"hazard source: proxy; annual flood probability 1% (top 57% of portfolio); insured value KES 925,000 (top 88%); informal_iron_sheet vulnerability cap 95%"
NBO-0167,-1.194379,36.756692,informal_iron_sheet,1245000.0,0.0,0.0,0.0,0.0,0.0,0.0,0.0,0.0,207611.3148897884,0.2526607215404508,1453.2792042285187,0.0011672925335168825,0.004,40.5,low,384,2.3928835976337463e-06,1453.2792042285187,0.0631651803851127,0.4029223920217416,0.13348905897229668,0.0,Kitisuru,5357.53939340123,0.0631651803851127,proxy,medium,dist_strong_m=61.4 (+1.35); s_max_150=0.441 (-0.51); s_max_500=0.496 (-0.36),"hazard source: proxy; annual flood probability 0% (top 63% of portfolio); insured value KES 1,245,000 (top 79%); informal_iron_sheet vulnerability cap 95%"
NBO-0165,-1.315888,36.912665,informal_iron_sheet,1320000.0,0.0,0.0,0.0,0.0,0.0,0.0,0.0,0.0,194193.70229244215,0.2229036986827848,1359.355916047095,0.001029815087914466,0.004,40.3,low,385,2.238235065492626e-06,1359.355916047095,0.0557259246706962,0.12186875446355144,0.08189222081001894,0.0,Fedha,1575.3817828747297,0.0557259246706962,proxy,medium,s_max_1000=0.208 (-1.05); dist_strong_m=1.48e+03 (-0.89); dist_wet_m=0 (+0.35),"hazard source: proxy; annual flood probability 0% (top 63% of portfolio); insured value KES 1,320,000 (top 78%); informal_iron_sheet vulnerability cap 95%"
NBO-0106,-1.296068,36.800864,semi_permanent,3435000.0,0.0,0.0,0.0,0.0,0.0,0.0,0.0,0.0,185310.10061502436,0.1021735370159148,1297.1707043051706,0.00037763339281082114,0.004,36.8,low,386,2.135844573177266e-06,1297.1707043051706,0.0255433842539787,0.21329058272590232,0.0869102887299219,0.0,Madaraka,2043.798492566192,0.0255433842539787,proxy,medium,s_max_1000=0.327 (-0.49); dist_wet_m=0 (+0.35); dist_strong_m=702 (+0.34),"hazard source: proxy; annual flood probability 0% (top 63% of portfolio); insured value KES 3,435,000 (top 62%); semi_permanent vulnerability cap 90%"
NBO-0077,-1.298235,36.947971,informal_iron_sheet,510000.0,0.0,0.0,0.0,0.0,0.0,0.0,19408.103105252245,0.05765924867870542,129150.90379714966,0.4025772213935852,1253.402182474588,0.0024576513381854665,0.01,42.2,low,387,2.0637779133941078e-06,1253.402182474588,0.1006443053483963,0.25085333303413715,0.12517883791586792,0.0,Kayole,4730.0475673009705,0.1006443053483963,proxy,medium,frac_wet_500=0.964 (+1.21); frac_wet_150=0.992 (-0.68); dist_strong_m=1.22e+03 (-0.48),"hazard source: proxy; annual flood probability 1% (top 57% of portfolio); insured value KES 510,000 (top 99%); informal_iron_sheet vulnerability cap 95%"
NBO-0548,-1.316532,36.819529,informal_iron_sheet,945000.0,0.0,0.0,0.0,0.0,0.0,0.0,0.0,0.0,168057.6552469993,0.26945271003206556,1176.4035867289952,0.001244871520348143,0.004,40.7,low,388,1.9369965789716763e-06,0.0,0.0,0.4760761614772859,0.10009748246970054,0.1602947370829846,Nairobi West,956.7499808146229,0.06736317750801639,known_hotspot,medium,dist_strong_m=584 (+0.53); s_point=0 (+0.33); dist_wet_m=43.4 (+0.28),"hazard source: known_hotspot; annual flood probability 0% (top 63% of portfolio); insured value KES 945,000 (top 87%); informal_iron_sheet vulnerability cap 95%"
NBO-0475,-1.321852,36.912497,informal_iron_sheet,580000.0,0.0,0.0,0.0,0.0,0.0,0.0,0.0,0.0,72753.56653332704,0.190056338906288,509.2749657332893,0.0008780602857470505,0.004,39.2,low,389,8.385420424670535e-07,509.2749657332893,0.047514084726572,0.173842814624597,0.10310801636616684,0.0,Fedha,1701.5725722523307,0.047514084726572,proxy,medium,s_max_1000=0.179 (-1.19); frac_wet_500=0.799 (+0.88); dist_strong_m=1.33e+03 (-0.65),"hazard source: proxy; annual flood probability 0% (top 63% of portfolio); insured value KES 580,000 (top 98%); informal_iron_sheet vulnerability cap 95%"
NBO-0030,-1.281853,36.761267,informal_iron_sheet,755000.0,0.0,0.0,0.0,0.0,0.0,0.0,0.0,0.0,63889.6899257244,0.12821531191194943,447.2278294800708,0.0005923547410332064,0.004,38.2,low,390,7.363788970862663e-07,0.0,0.0,0.27254447097286083,0.07818485403983684,0.07627401376105303,Kawangware,1134.333059225753,0.03205382797798736,known_hotspot,medium,frac_wet_500=0.0624 (-0.57); s_max_1000=0.355 (-0.36); frac_wet_150=0.0248 (+0.35),"hazard source: known_hotspot; annual flood probability 0% (top 63% of portfolio); insured value KES 755,000 (top 93%); informal_iron_sheet vulnerability cap 95%"
NBO-0032,-1.315429,36.938988,informal_iron_sheet,670000.0,0.0,0.0,0.0,0.0,0.0,0.0,0.0,0.0,62279.596880078185,0.140840336680412,435.9571781605473,0.0006506823554635034,0.004,38.5,low,391,7.178213091164765e-07,435.9571781605473,0.035210084170103,0.1917471835398378,0.1264473942699909,0.0,Fedha,4501.48654768633,0.035210084170103,proxy,medium,s_max_1000=0.206 (-1.06); frac_wet_500=0.847 (+0.98); dist_strong_m=1.43e+03 (-0.81),"hazard source: proxy; annual flood probability 0% (top 63% of portfolio); insured value KES 670,000 (top 96%); informal_iron_sheet vulnerability cap 95%"
NBO-0470,-1.317417,36.911355,semi_permanent,3905000.0,0.0,0.0,0.0,0.0,0.0,0.0,0.0,0.0,53941.15492870824,0.026161658969031658,377.5880845009577,9.669349154954102e-05,0.004,34.8,low,392,6.217142111683402e-07,0.0,0.0,0.09197398357332973,0.05767672610520227,0.015563310703375705,Fedha,1442.712551536934,0.0065404147422579145,known_hotspot,medium,s_max_1000=0.165 (-1.25); dist_strong_m=1.7e+03 (-1.23); s_point=0 (+0.33),"hazard source: known_hotspot; annual flood probability 0% (top 63% of portfolio); insured value KES 3,905,000 (top 59%); semi_permanent vulnerability cap 90%"
NBO-0366,-1.294328,36.79296,informal_iron_sheet,805000.0,0.0,0.0,0.0,0.0,0.0,0.0,0.0,0.0,46187.95912340281,0.086933858692646,323.3157138638197,0.0004016344271600245,0.004,37.0,low,393,5.323525350881766e-07,323.3157138638197,0.0217334646731615,0.11814540484772969,0.0777920847524783,0.0,Kibera,1941.456823311545,0.0217334646731615,proxy,medium,dist_strong_m=1.32e+03 (-0.63); dist_wet_m=0 (+0.35); frac_wet_150=0.628 (-0.29),"hazard source: proxy; annual flood probability 0% (top 63% of portfolio); insured value KES 805,000 (top 92%); informal_iron_sheet vulnerability cap 95%"
NBO-0583,-1.318733,36.827757,informal_iron_sheet,815000.0,0.0,0.0,0.0,0.0,0.0,0.0,0.0,0.0,43918.39485338726,0.08164788037439535,307.42876397371083,0.0003772132073297065,0.004,36.7,low,394,5.06194022878094e-07,0.0,0.0,0.41010183511685916,0.1030921965703379,0.04857151192296121,Nairobi West,1229.7800808209063,0.02041197009359884,known_hotspot,medium,frac_wet_500=0.184 (-0.33); s_point=0 (+0.33); dist_wet_m=30.7 (+0.30),"hazard source: known_hotspot; annual flood probability 0% (top 63% of portfolio); insured value KES 815,000 (top 92%); informal_iron_sheet vulnerability cap 95%"
NBO-0479,-1.319025,36.818722,informal_iron_sheet,790000.0,0.0,0.0,0.0,0.0,0.0,0.0,0.0,0.0,39158.93133229859,0.07510343562005867,274.11251932609014,0.00034697787256467107,0.004,36.5,low,395,4.5133746460623363e-07,0.0,0.0,0.3816184244697248,0.11466633467742036,0.044678286833016195,Nairobi West,1246.649038132882,0.018775858905014667,known_hotspot,medium,frac_wet_500=0.145 (-0.41); frac_wet_150=0.0331 (+0.34); s_point=0 (+0.33),"hazard source: known_hotspot; annual flood probability 0% (top 63% of portfolio); insured value KES 790,000 (top 93%); informal_iron_sheet vulnerability cap 95%"
NBO-0497,-1.285034,36.742151,informal_iron_sheet,855000.0,0.0,0.0,0.0,0.0,0.0,0.0,0.0,0.0,35176.470405215536,0.06233647068087106,246.23529283650876,0.0002879944945456243,0.004,35.8,low,396,4.0543647199562785e-07,0.0,0.0,0.2899247241822438,0.09722128811769651,0.03708334637748608,Kawangware,1283.4693792318392,0.015584117670217765,known_hotspot,medium,frac_wet_500=0.022 (-0.65); frac_wet_150=0 (+0.38); dist_wet_m=486 (-0.37),"hazard source: known_hotspot; annual flood probability 0% (top 63% of portfolio); insured value KES 855,000 (top 91%); informal_iron_sheet vulnerability cap 95%"
NBO-0299,-1.298429,36.785526,semi_permanent,2280000.0,0.0,0.0,0.0,0.0,0.0,0.0,0.0,0.0,24448.674456900626,0.02030890687873856,171.1407211983044,7.506171982381772e-05,0.004,34.2,low,397,2.817901910734548e-07,0.0,0.0,0.14164180466676352,0.05147505839614439,0.012081566699339609,Kibera,1485.946567214148,0.00507722671968464,known_hotspot,medium,frac_wet_500=0.0285 (-0.64); dist_strong_m=1.16e+03 (-0.38); frac_wet_150=0 (+0.38),"hazard source: known_hotspot; annual flood probability 0% (top 63% of portfolio); insured value KES 2,280,000 (top 70%); semi_permanent vulnerability cap 90%"
NBO-0447,-1.232566,36.780822,informal_iron_sheet,885000.0,0.0,0.0,0.0,0.0,0.0,0.0,0.0,0.0,20289.45219383985,0.034736264670158966,142.02616535687895,0.0001604815427761344,0.004,35.5,low,398,2.3385188512190003e-07,0.0,0.0,0.16793611047753876,0.06251505726694069,0.020664258347542645,Kitisuru,1392.7221045431145,0.008684066167539741,known_hotspot,medium,frac_wet_500=0.0725 (-0.55); s_max_1000=0.315 (-0.55); s_point=0 (+0.33),"hazard source: known_hotspot; annual flood probability 0% (top 63% of portfolio); insured value KES 885,000 (top 90%); informal_iron_sheet vulnerability cap 95%"
NBO-0025,-1.346206,36.904539,semi_permanent,3935000.0,0.0,0.0,0.0,0.0,0.0,0.0,0.0,0.0,0.0,0.0,0.0,0.0,0.0,0.0,negligible,399,0.0,0.0,0.0,0.490576147353565,0.10201066538119516,0.0,Fedha,3461.335080061211,0.0,none,medium,frac_wet_500=0.526 (+0.34); s_point=0 (+0.33); dist_wet_m=86.9 (+0.22),"no modelled flood hazard at this location (proxy, ML and hotspot evidence all zero)"
NBO-0565,-1.343686,36.759716,informal_iron_sheet,410000.0,0.0,0.0,0.0,0.0,0.0,0.0,0.0,0.0,0.0,0.0,0.0,0.0,0.0,0.0,negligible,399,0.0,0.0,0.0,0.08335428970164446,0.036332309853557246,0.0,Lang'ata,4344.748540691449,0.0,none,medium,s_max_1000=0.232 (-0.94); frac_wet_500=0.000918 (-0.70); dist_wet_m=633 (-0.59),"no modelled flood hazard at this location (proxy, ML and hotspot evidence all zero)"
NBO-0566,-1.263318,36.733818,semi_permanent,5305000.0,0.0,0.0,0.0,0.0,0.0,0.0,0.0,0.0,0.0,0.0,0.0,0.0,0.0,0.0,negligible,399,0.0,0.0,0.0,0.3172705591411652,0.11273384036062704,0.0,Kangemi,2119.3694641617485,0.0,none,medium,frac_wet_500=0 (-0.70); dist_wet_m=622 (-0.57); s_max_500=0 (+0.42),"no modelled flood hazard at this location (proxy, ML and hotspot evidence all zero)"
NBO-0567,-1.182158,36.710157,informal_iron_sheet,2375000.0,0.0,0.0,0.0,0.0,0.0,0.0,0.0,0.0,0.0,0.0,0.0,0.0,0.0,0.0,negligible,399,0.0,0.0,0.0,4.8003633586931294e-05,0.00027895982326351434,0.0,Kitisuru,9365.171720953482,0.0,none,medium,dist_strong_m=5.22e+03 (-6.77); s_max_1000=0.0308 (-1.88); dist_wet_m=760 (-0.78),"no modelled flood hazard at this location (proxy, ML and hotspot evidence all zero)"
NBO-0570,-1.301884,36.762107,permanent_masonry,59055000.0,0.0,0.0,0.0,0.0,0.0,0.0,0.0,0.0,0.0,0.0,0.0,0.0,0.0,0.0,negligible,399,0.0,0.0,0.0,0.3750124849815691,0.11575195911464398,0.0,Kawangware,2852.270903708422,0.0,none,medium,frac_wet_500=0.00459 (-0.69); s_max_500=0.0268 (+0.38); frac_wet_150=0 (+0.38),"no modelled flood hazard at this location (proxy, ML and hotspot evidence all zero)"
NBO-0574,-1.328134,36.729186,semi_permanent,6125000.0,0.0,0.0,0.0,0.0,0.0,0.0,0.0,0.0,0.0,0.0,0.0,0.0,0.0,0.0,negligible,399,0.0,0.0,0.0,0.01258714505793947,0.007835491684287625,0.0,Kawangware,6061.14786355201,0.0,none,medium,dist_strong_m=2.07e+03 (-1.81); dist_wet_m=964 (-1.08); s_max_1000=0.229 (-0.95),"no modelled flood hazard at this location (proxy, ML and hotspot evidence all zero)"
NBO-0041,-1.347614,36.723077,concrete_rcc,263095000.0,0.0,0.0,0.0,0.0,0.0,0.0,0.0,0.0,0.0,0.0,0.0,0.0,0.0,0.0,negligible,399,0.0,0.0,0.0,0.0025454067751920478,0.004293682533524385,0.0,Lang'ata,8090.775884416234,0.0,none,medium,dist_wet_m=1.62e+03 (-2.04); s_max_1000=0 (-2.03); dist_strong_m=1.8e+03 (-1.39),"no modelled flood hazard at this location (proxy, ML and hotspot evidence all zero)"
NBO-0044,-1.266109,36.723283,semi_permanent,3690000.0,0.0,0.0,0.0,0.0,0.0,0.0,0.0,0.0,0.0,0.0,0.0,0.0,0.0,0.0,negligible,399,0.0,0.0,0.0,0.3984844184127737,0.12377941928816577,0.0,Kangemi,3232.2759046332912,0.0,none,medium,frac_wet_500=0.00184 (-0.69); dist_wet_m=577 (-0.51); s_max_1000=0.519 (+0.41),"no modelled flood hazard at this location (proxy, ML and hotspot evidence all zero)"
NBO-0048,-1.255831,36.744796,permanent_masonry,43405000.0,0.0,0.0,0.0,0.0,0.0,0.0,0.0,0.0,0.0,0.0,0.0,0.0,0.0,0.0,negligible,399,0.0,0.0,0.0,0.0103431321892681,0.007635682392707464,0.0,Kangemi,1590.1029865688356,0.0,none,medium,s_max_1000=0.138 (-1.38); dist_strong_m=1.78e+03 (-1.35); dist_wet_m=1.12e+03 (-1.31),"no modelled flood hazard at this location (proxy, ML and hotspot evidence all zero)"
NBO-0320,-1.348242,36.720226,semi_permanent,4105000.0,0.0,0.0,0.0,0.0,0.0,0.0,0.0,0.0,0.0,0.0,0.0,0.0,0.0,0.0,negligible,399,0.0,0.0,0.0,0.005331665589691122,0.006874267845502807,0.0,Lang'ata,8409.81138002941,0.0,none,medium,s_max_1000=0 (-2.03); dist_wet_m=1.38e+03 (-1.68); dist_strong_m=1.55e+03 (-1.00),"no modelled flood hazard at this location (proxy, ML and hotspot evidence all zero)"
NBO-0321,-1.214463,36.819394,semi_permanent,3110000.0,0.0,0.0,0.0,0.0,0.0,0.0,0.0,0.0,0.0,0.0,0.0,0.0,0.0,0.0,negligible,399,0.0,0.0,0.0,0.452163794504986,0.13910278620116046,0.0,Westlands,5141.192723274846,0.0,none,medium,frac_wet_500=0.022 (-0.65); frac_wet_150=0.00826 (+0.37); s_max_500=0.0488 (+0.35),"no modelled flood hazard at this location (proxy, ML and hotspot evidence all zero)"
NBO-0007,-1.29008,36.791035,informal_iron_sheet,660000.0,0.0,0.0,0.0,0.0,0.0,0.0,0.0,0.0,0.0,0.0,0.0,0.0,0.0,0.0,negligible,399,0.0,0.0,0.0,0.35967362787844587,0.10142248284144587,0.0,Kileleshwa,1524.3743949370382,0.0,none,medium,frac_wet_500=0.0826 (-0.53); frac_wet_150=0 (+0.38); s_point=0 (+0.33),"no modelled flood hazard at this location (proxy, ML and hotspot evidence all zero)"
NBO-0009,-1.337945,36.756131,permanent_masonry,42965000.0,0.0,0.0,0.0,0.0,0.0,0.0,0.0,0.0,0.0,0.0,0.0,0.0,0.0,0.0,negligible,399,0.0,0.0,0.0,0.004585902317345632,0.005777141276468233,0.0,Lang'ata,4314.358238171936,0.0,none,medium,s_max_1000=0 (-2.03); dist_wet_m=1.37e+03 (-1.68); dist_strong_m=1.65e+03 (-1.16),"no modelled flood hazard at this location (proxy, ML and hotspot evidence all zero)"
NBO-0013,-1.191036,36.707701,informal_iron_sheet,520000.0,0.0,0.0,0.0,0.0,0.0,0.0,0.0,0.0,0.0,0.0,0.0,0.0,0.0,0.0,negligible,399,0.0,0.0,0.0,5.0283658534140535e-05,0.00031461529509869344,0.0,Kitisuru,8925.745466407812,0.0,none,medium,dist_strong_m=5.33e+03 (-6.94); s_max_1000=0.0548 (-1.77); frac_wet_500=0 (-0.70),"no modelled flood hazard at this location (proxy, ML and hotspot evidence all zero)"
NBO-0015,-1.332391,36.843408,permanent_masonry,35180000.0,0.0,0.0,0.0,0.0,0.0,0.0,0.0,0.0,0.0,0.0,0.0,0.0,0.0,0.0,negligible,399,0.0,0.0,0.0,0.09594539696443412,0.05466151923658058,0.0,Nairobi West,3469.3112166899705,0.0,none,medium,s_max_1000=0.143 (-1.36); dist_strong_m=1.29e+03 (-0.58); frac_wet_500=0.102 (-0.50),"no modelled flood hazard at this location (proxy, ML and hotspot evidence all zero)"
NBO-0017,-1.224443,36.78867,semi_permanent,5185000.0,0.0,0.0,0.0,0.0,0.0,0.0,0.0,0.0,0.0,0.0,0.0,0.0,0.0,0.0,negligible,399,0.0,0.0,0.0,0.4524325582194302,0.1282952535716271,0.0,Westlands,2472.6258304294997,0.0,none,medium,s_max_1000=0.587 (+0.73); dist_strong_m=591 (+0.52); frac_wet_500=0.146 (-0.41),"no modelled flood hazard at this location (proxy, ML and hotspot evidence all zero)"
NBO-0580,-1.184273,36.742328,informal_iron_sheet,1260000.0,0.0,0.0,0.0,0.0,0.0,0.0,0.0,0.0,0.0,0.0,0.0,0.0,0.0,0.0,negligible,399,0.0,0.0,0.0,0.023917093602986737,0.013431174167875681,0.0,Kitisuru,7007.297078521232,0.0,none,medium,dist_strong_m=1.84e+03 (-1.45); s_max_1000=0.124 (-1.44); frac_wet_500=0.0174 (-0.66),"no modelled flood hazard at this location (proxy, ML and hotspot evidence all zero)"
NBO-0581,-1.223779,36.773558,informal_iron_sheet,855000.0,0.0,0.0,0.0,0.0,0.0,0.0,0.0,0.0,0.0,0.0,0.0,0.0,0.0,0.0,negligible,399,0.0,0.0,0.0,0.10000794851846011,0.04331487098116012,0.0,Kitisuru,1867.0746368024727,0.0,none,medium,s_max_1000=0.232 (-0.94); frac_wet_500=0.0358 (-0.63); dist_strong_m=1.29e+03 (-0.59),"no modelled flood hazard at this location (proxy, ML and hotspot evidence all zero)"
NBO-0584,-1.337643,36.82649,informal_iron_sheet,1585000.0,0.0,0.0,0.0,0.0,0.0,0.0,0.0,0.0,0.0,0.0,0.0,0.0,0.0,0.0,negligible,399,0.0,0.0,0.0,0.044992825539371076,0.024557172308783362,0.0,Nairobi West,3240.0927545873124,0.0,none,medium,s_max_1000=0.128 (-1.42); dist_strong_m=1.41e+03 (-0.77); frac_wet_500=0.00184 (-0.69),"no modelled flood hazard at this location (proxy, ML and hotspot evidence all zero)"
NBO-0022,-1.30153,36.713801,permanent_masonry,48815000.0,0.0,0.0,0.0,0.0,0.0,0.0,0.0,0.0,0.0,0.0,0.0,0.0,0.0,0.0,negligible,399,0.0,0.0,0.0,0.3169372552235441,0.14085439481965328,0.0,Kawangware,4927.04335701127,0.0,none,medium,dist_strong_m=481 (+0.69); frac_wet_500=0.067 (-0.57); frac_wet_150=0 (+0.38),"no modelled flood hazard at this location (proxy, ML and hotspot evidence all zero)"
NBO-0415,-1.182905,36.723088,informal_iron_sheet,635000.0,0.0,0.0,0.0,0.0,0.0,0.0,0.0,0.0,0.0,0.0,0.0,0.0,0.0,0.0,negligible,399,0.0,0.0,0.0,0.0010528354147961718,0.002220302840663129,0.0,Kitisuru,8321.537133080186,0.0,none,medium,dist_strong_m=3.81e+03 (-4.55); s_max_1000=0.0647 (-1.72); frac_wet_500=0.000918 (-0.70),"no modelled flood hazard at this location (proxy, ML and hotspot evidence all zero)"
NBO-0387,-1.229012,36.757269,semi_permanent,2525000.0,0.0,0.0,0.0,0.0,0.0,0.0,0.0,0.0,0.0,0.0,0.0,0.0,0.0,0.0,negligible,399,0.0,0.0,0.0,0.060417472151971276,0.03557291853558759,0.0,Kitisuru,1984.3826338046451,0.0,none,medium,s_max_1000=0.221 (-0.99); dist_strong_m=1.51e+03 (-0.93); frac_wet_500=0.0275 (-0.64),"no modelled flood hazard at this location (proxy, ML and hotspot evidence all zero)"
NBO-0393,-1.333316,36.714996,semi_permanent,3390000.0,0.0,0.0,0.0,0.0,0.0,0.0,0.0,0.0,0.0,0.0,0.0,0.0,0.0,0.0,negligible,399,0.0,0.0,0.0,0.002400409360212549,0.004364652548387999,0.0,Kawangware,7334.774744691345,0.0,none,medium,dist_wet_m=1.67e+03 (-2.12); s_max_1000=0 (-2.03); dist_strong_m=1.79e+03 (-1.36),"no modelled flood hazard at this location (proxy, ML and hotspot evidence all zero)"
NBO-0394,-1.223109,36.877667,informal_iron_sheet,1385000.0,0.0,0.0,0.0,0.0,0.0,0.0,0.0,0.0,0.0,0.0,0.0,0.0,0.0,0.0,negligible,399,0.0,0.0,0.0,0.3765775058558609,0.08752637402671211,0.0,Dandora,3981.562532172317,0.0,none,medium,s_point=0 (+0.33); dist_wet_m=30.7 (+0.30); s_mean_1000=0.0231 (+0.21),"no modelled flood hazard at this location (proxy, ML and hotspot evidence all zero)"
NBO-0397,-1.334262,36.797507,concrete_rcc,950380000.0,0.0,0.0,0.0,0.0,0.0,0.0,0.0,0.0,0.0,0.0,0.0,0.0,0.0,0.0,negligible,399,0.0,0.0,0.0,0.26094290322257446,0.09548328900335051,0.0,Lang'ata,1896.6058452380537,0.0,none,medium,frac_wet_500=0.00918 (-0.68); s_max_1000=0.344 (-0.41); frac_wet_150=0.00826 (+0.37),"no modelled flood hazard at this location (proxy, ML and hotspot evidence all zero)"
NBO-0400,-1.183815,36.732616,permanent_masonry,59920000.0,0.0,0.0,0.0,0.0,0.0,0.0,0.0,0.0,0.0,0.0,0.0,0.0,0.0,0.0,negligible,399,0.0,0.0,0.0,0.0024969058580201764,0.002425855683922287,0.0,Kitisuru,7602.372926232189,0.0,none,medium,dist_strong_m=2.8e+03 (-2.97); s_max_1000=0.0647 (-1.72); dist_wet_m=763 (-0.78),"no modelled flood hazard at this location (proxy, ML and hotspot evidence all zero)"
NBO-0401,-1.225953,36.743443,informal_iron_sheet,885000.0,0.0,0.0,0.0,0.0,0.0,0.0,0.0,0.0,0.0,0.0,0.0,0.0,0.0,0.0,negligible,399,0.0,0.0,0.0,0.01773107185580475,0.015717877162236837,0.0,Kitisuru,3460.9872416616377,0.0,none,medium,dist_strong_m=2.24e+03 (-2.08); s_max_1000=0.15 (-1.32); frac_wet_500=0.0147 (-0.67),"no modelled flood hazard at this location (proxy, ML and hotspot evidence all zero)"
NBO-0202,-1.318579,36.742962,permanent_masonry,31350000.0,0.0,0.0,0.0,0.0,0.0,0.0,0.0,0.0,0.0,0.0,0.0,0.0,0.0,0.0,negligible,399,0.0,0.0,0.0,0.45584283717566537,0.15079867419304754,0.0,Kawangware,4563.879901459195,0.0,none,medium,dist_strong_m=469 (+0.71); frac_wet_500=0.15 (-0.40); frac_wet_150=0.0413 (+0.33),"no modelled flood hazard at this location (proxy, ML and hotspot evidence all zero)"
NBO-0207,-1.319881,36.761287,permanent_masonry,32605000.0,0.0,0.0,0.0,0.0,0.0,0.0,0.0,0.0,0.0,0.0,0.0,0.0,0.0,0.0,negligible,399,0.0,0.0,0.0,0.47662014531309027,0.1549125614411903,0.0,Lang'ata,3190.9137070450115,0.0,none,medium,dist_strong_m=86.9 (+1.31); s_max_150=0.456 (-0.53); s_point=0 (+0.33),"no modelled flood hazard at this location (proxy, ML and hotspot evidence all zero)"
NBO-0214,-1.285278,36.707129,informal_iron_sheet,695000.0,0.0,0.0,0.0,0.0,0.0,0.0,0.0,0.0,0.0,0.0,0.0,0.0,0.0,0.0,negligible,399,0.0,0.0,0.0,0.4504846349966073,0.14474416902573414,0.0,Kawangware,5006.177123547138,0.0,none,medium,dist_strong_m=303 (+0.97); frac_wet_500=0.0927 (-0.51); frac_wet_150=0.00826 (+0.37),"no modelled flood hazard at this location (proxy, ML and hotspot evidence all zero)"
NBO-0182,-1.319569,36.720591,informal_iron_sheet,1360000.0,0.0,0.0,0.0,0.0,0.0,0.0,0.0,0.0,0.0,0.0,0.0,0.0,0.0,0.0,negligible,399,0.0,0.0,0.0,0.01061667907409155,0.010529957509291065,0.0,Kawangware,5727.808283105934,0.0,none,medium,s_max_1000=0 (-2.03); dist_wet_m=1.11e+03 (-1.29); dist_strong_m=1.36e+03 (-0.70),"no modelled flood hazard at this location (proxy, ML and hotspot evidence all zero)"
NBO-0184,-1.221434,36.878747,permanent_masonry,36975000.0,0.0,0.0,0.0,0.0,0.0,0.0,0.0,0.0,0.0,0.0,0.0,0.0,0.0,0.0,negligible,399,0.0,0.0,0.0,0.49444602744499133,0.08853499985791297,0.0,Dandora,4005.79710272575,0.0,none,medium,s_point=0 (+0.33); dist_wet_m=43.4 (+0.28); s_max_1000=0.475 (+0.21),"no modelled flood hazard at this location (proxy, ML and hotspot evidence all zero)"
NBO-0185,-1.28124,36.722067,semi_permanent,4485000.0,0.0,0.0,0.0,0.0,0.0,0.0,0.0,0.0,0.0,0.0,0.0,0.0,0.0,0.0,negligible,399,0.0,0.0,0.0,0.3643583542729904,0.12299037836908715,0.0,Kawangware,3302.3480850743526,0.0,none,medium,frac_wet_500=0.00826 (-0.68); dist_wet_m=553 (-0.47); dist_strong_m=626 (+0.46),"no modelled flood hazard at this location (proxy, ML and hotspot evidence all zero)"
NBO-0186,-1.311268,36.710595,concrete_rcc,993560000.0,0.0,0.0,0.0,0.0,0.0,0.0,0.0,0.0,0.0,0.0,0.0,0.0,0.0,0.0,negligible,399,0.0,0.0,0.0,0.2150178730701556,0.10226860762366476,0.0,Kawangware,5841.956781541986,0.0,none,medium,frac_wet_500=0.0184 (-0.66); dist_wet_m=565 (-0.49); dist_strong_m=641 (+0.44),"no modelled flood hazard at this location (proxy, ML and hotspot evidence all zero)"
NBO-0187,-1.330025,36.762867,informal_iron_sheet,805000.0,0.0,0.0,0.0,0.0,0.0,0.0,0.0,0.0,0.0,0.0,0.0,0.0,0.0,0.0,negligible,399,0.0,0.0,0.0,0.1030311378664077,0.045908687641358914,0.0,Lang'ata,3255.229010616949,0.0,none,medium,dist_wet_m=785 (-0.81); frac_wet_500=0 (-0.70); s_max_1000=0.312 (-0.56),"no modelled flood hazard at this location (proxy, ML and hotspot evidence all zero)"
NBO-0188,-1.301215,36.744807,semi_permanent,3595000.0,0.0,0.0,0.0,0.0,0.0,0.0,0.0,0.0,0.0,0.0,0.0,0.0,0.0,0.0,negligible,399,0.0,0.0,0.0,0.15066547140164446,0.058171322041086757,0.0,Kawangware,2641.566884773645,0.0,none,medium,frac_wet_500=0.0854 (-0.53); s_max_1000=0.319 (-0.53); frac_wet_150=0 (+0.38),"no modelled flood hazard at this location (proxy, ML and hotspot evidence all zero)"
NBO-0190,-1.20887,36.81776,concrete_rcc,464040000.0,0.0,0.0,0.0,0.0,0.0,0.0,0.0,0.0,0.0,0.0,0.0,0.0,0.0,0.0,negligible,399,0.0,0.0,0.0,0.04990270928856754,0.025523811285984434,0.0,Westlands,5471.822922856242,0.0,none,medium,s_max_1000=0.14 (-1.37); dist_strong_m=1.4e+03 (-0.75); frac_wet_500=0.0211 (-0.66),"no modelled flood hazard at this location (proxy, ML and hotspot evidence all zero)"
NBO-0192,-1.329844,36.771296,semi_permanent,4215000.0,0.0,0.0,0.0,0.0,0.0,0.0,0.0,0.0,0.0,0.0,0.0,0.0,0.0,0.0,negligible,399,0.0,0.0,0.0,0.013378364051541976,0.012136900940015485,0.0,Lang'ata,2403.7044539938906,0.0,none,medium,s_max_1000=0.0581 (-1.76); dist_wet_m=1.14e+03 (-1.34); frac_wet_500=0 (-0.70),"no modelled flood hazard at this location (proxy, ML and hotspot evidence all zero)"
NBO-0194,-1.264517,36.725531,concrete_rcc,395825000.0,0.0,0.0,0.0,0.0,0.0,0.0,0.0,0.0,0.0,0.0,0.0,0.0,0.0,0.0,negligible,399,0.0,0.0,0.0,0.33495746199760396,0.11271389347069087,0.0,Kangemi,3000.676393222696,0.0,none,medium,frac_wet_500=0.0312 (-0.64); s_max_1000=0.519 (+0.41); frac_wet_150=0 (+0.38),"no modelled flood hazard at this location (proxy, ML and hotspot evidence all zero)"
NBO-0405,-1.182548,36.704197,permanent_masonry,86580000.0,0.0,0.0,0.0,0.0,0.0,0.0,0.0,0.0,0.0,0.0,0.0,0.0,0.0,0.0,negligible,399,0.0,0.0,0.0,6.826736196339851e-06,8.14116929982666e-05,0.0,Kitisuru,9826.160945007934,0.0,none,medium,dist_strong_m=5.83e+03 (-7.73); s_max_1000=0 (-2.03); dist_wet_m=1.33e+03 (-1.62),"no modelled flood hazard at this location (proxy, ML and hotspot evidence all zero)"
NBO-0407,-1.253995,36.750024,semi_permanent,3505000.0,0.0,0.0,0.0,0.0,0.0,0.0,0.0,0.0,0.0,0.0,0.0,0.0,0.0,0.0,negligible,399,0.0,0.0,0.0,0.08963986212373644,0.03736266865930244,0.0,Kangemi,1578.4461985971132,0.0,none,medium,dist_wet_m=740 (-0.74); frac_wet_500=0 (-0.70); dist_strong_m=1.32e+03 (-0.64),"no modelled flood hazard at this location (proxy, ML and hotspot evidence all zero)"
NBO-0408,-1.334527,36.762454,semi_permanent,3650000.0,0.0,0.0,0.0,0.0,0.0,0.0,0.0,0.0,0.0,0.0,0.0,0.0,0.0,0.0,negligible,399,0.0,0.0,0.0,0.00785951300010887,0.00856124322062354,0.0,Lang'ata,3515.4112409472937,0.0,none,medium,s_max_1000=0 (-2.03); dist_wet_m=1.22e+03 (-1.45); dist_strong_m=1.46e+03 (-0.84),"no modelled flood hazard at this location (proxy, ML and hotspot evidence all zero)"
NBO-0410,-1.247716,36.748189,permanent_masonry,67745000.0,0.0,0.0,0.0,0.0,0.0,0.0,0.0,0.0,0.0,0.0,0.0,0.0,0.0,0.0,negligible,399,0.0,0.0,0.0,0.32915302711850597,0.09392763081549495,0.0,Kangemi,2302.0333690720827,0.0,none,medium,frac_wet_500=0.0386 (-0.62); frac_wet_150=0 (+0.38); s_point=0 (+0.33),"no modelled flood hazard at this location (proxy, ML and hotspot evidence all zero)"
NBO-0412,-1.323981,36.709497,permanent_masonry,64635000.0,0.0,0.0,0.0,0.0,0.0,0.0,0.0,0.0,0.0,0.0,0.0,0.0,0.0,0.0,negligible,399,0.0,0.0,0.0,0.0019774856628977638,0.004028577590006373,0.0,Kawangware,6896.997823333391,0.0,none,medium,dist_wet_m=1.76e+03 (-2.25); s_max_1000=0 (-2.03); dist_strong_m=1.83e+03 (-1.43),"no modelled flood hazard at this location (proxy, ML and hotspot evidence all zero)"
NBO-0413,-1.29912,36.707958,semi_permanent,6125000.0,0.0,0.0,0.0,0.0,0.0,0.0,0.0,0.0,0.0,0.0,0.0,0.0,0.0,0.0,negligible,399,0.0,0.0,0.0,0.185766552266066,0.10572024776101183,0.0,Kawangware,5372.132116737849,0.0,none,medium,frac_wet_500=0.0156 (-0.67); dist_wet_m=590 (-0.52); dist_strong_m=652 (+0.42),"no modelled flood hazard at this location (proxy, ML and hotspot evidence all zero)"
NBO-0414,-1.222829,36.772325,concrete_rcc,268000000.0,0.0,0.0,0.0,0.0,0.0,0.0,0.0,0.0,0.0,0.0,0.0,0.0,0.0,0.0,negligible,399,0.0,0.0,0.0,0.09209417991261988,0.03826426377058693,0.0,Kitisuru,1956.740760318007,0.0,none,medium,s_max_1000=0.232 (-0.94); frac_wet_500=0.0376 (-0.62); dist_strong_m=1.25e+03 (-0.52),"no modelled flood hazard at this location (proxy, ML and hotspot evidence all zero)"
NBO-0215,-1.235394,36.793707,informal_iron_sheet,925000.0,0.0,0.0,0.0,0.0,0.0,0.0,0.0,0.0,0.0,0.0,0.0,0.0,0.0,0.0,negligible,399,0.0,0.0,0.0,0.0762338301618669,0.034798202562116375,0.0,Westlands,1500.82077557566,0.0,none,medium,dist_strong_m=1.51e+03 (-0.92); s_max_1000=0.276 (-0.73); frac_wet_500=0.0716 (-0.56),"no modelled flood hazard at this location (proxy, ML and hotspot evidence all zero)"
NBO-0219,-1.307356,36.740224,informal_iron_sheet,1245000.0,0.0,0.0,0.0,0.0,0.0,0.0,0.0,0.0,0.0,0.0,0.0,0.0,0.0,0.0,negligible,399,0.0,0.0,0.0,0.301174551808621,0.14454004016667543,0.0,Kawangware,3454.4361521580245,0.0,none,medium,dist_strong_m=508 (+0.65); frac_wet_500=0.0459 (-0.61); frac_wet_150=0 (+0.38),"no modelled flood hazard at this location (proxy, ML and hotspot evidence all zero)"
NBO-0225,-1.285168,36.767894,permanent_masonry,49225000.0,0.0,0.0,0.0,0.0,0.0,0.0,0.0,0.0,0.0,0.0,0.0,0.0,0.0,0.0,negligible,399,0.0,0.0,0.0,0.45738170567386016,0.14357408765990423,0.0,Lavington,1543.2359003847052,0.0,none,medium,dist_strong_m=111 (+1.27); s_point=0 (+0.33); s_max_1000=0.363 (-0.32),"no modelled flood hazard at this location (proxy, ML and hotspot evidence all zero)"
NBO-0373,-1.333748,36.718557,permanent_masonry,104225000.0,0.0,0.0,0.0,0.0,0.0,0.0,0.0,0.0,0.0,0.0,0.0,0.0,0.0,0.0,negligible,399,0.0,0.0,0.0,0.0009103183899530682,0.0025224037723611675,0.0,Kawangware,7163.693538038147,0.0,none,medium,dist_wet_m=1.99e+03 (-2.59); s_max_1000=0 (-2.03); dist_strong_m=2.1e+03 (-1.86),"no modelled flood hazard at this location (proxy, ML and hotspot evidence all zero)"
NBO-0374,-1.306874,36.704134,informal_iron_sheet,1175000.0,0.0,0.0,0.0,0.0,0.0,0.0,0.0,0.0,0.0,0.0,0.0,0.0,0.0,0.0,negligible,399,0.0,0.0,0.0,0.44282443307108443,0.14471324309348108,0.0,Kawangware,6154.150065284269,0.0,none,medium,dist_strong_m=283 (+1.00); frac_wet_500=0.105 (-0.49); frac_wet_150=0 (+0.38),"no modelled flood hazard at this location (proxy, ML and hotspot evidence all zero)"
NBO-0381,-1.305364,36.729212,permanent_masonry,49750000.0,0.0,0.0,0.0,0.0,0.0,0.0,0.0,0.0,0.0,0.0,0.0,0.0,0.0,0.0,negligible,399,0.0,0.0,0.0,0.4596865633889593,0.12065397056419913,0.0,Kawangware,3894.287645632073,0.0,none,medium,dist_strong_m=454 (+0.73); frac_wet_150=0 (+0.38); frac_wet_500=0.173 (-0.36),"no modelled flood hazard at this location (proxy, ML and hotspot evidence all zero)"
NBO-0383,-1.306754,36.710739,concrete_rcc,941095000.0,0.0,0.0,0.0,0.0,0.0,0.0,0.0,0.0,0.0,0.0,0.0,0.0,0.0,0.0,negligible,399,0.0,0.0,0.0,0.38218768572768785,0.1300415853128758,0.0,Kawangware,5529.262937423362,0.0,none,medium,dist_strong_m=165 (+1.19); frac_wet_500=0.149 (-0.40); s_max_150=0.362 (-0.38),"no modelled flood hazard at this location (proxy, ML and hotspot evidence all zero)"
NBO-0385,-1.20217,36.825202,informal_iron_sheet,590000.0,0.0,0.0,0.0,0.0,0.0,0.0,0.0,0.0,0.0,0.0,0.0,0.0,0.0,0.0,negligible,399,0.0,0.0,0.0,0.09065018131454915,0.03975208295586523,0.0,Westlands,6576.3068672274585,0.0,none,medium,s_max_1000=0.203 (-1.08); frac_wet_500=0.022 (-0.65); dist_strong_m=1.28e+03 (-0.56),"no modelled flood hazard at this location (proxy, ML and hotspot evidence all zero)"
NBO-0227,-1.26086,36.717133,permanent_masonry,68610000.0,0.0,0.0,0.0,0.0,0.0,0.0,0.0,0.0,0.0,0.0,0.0,0.0,0.0,0.0,negligible,399,0.0,0.0,0.0,0.1804022672412847,0.08017343395446418,0.0,Kangemi,3989.0326682947825,0.0,none,medium,dist_wet_m=880 (-0.95); frac_wet_500=0 (-0.70); s_max_500=0 (+0.42),"no modelled flood hazard at this location (proxy, ML and hotspot evidence all zero)"
NBO-0230,-1.332177,36.762032,informal_iron_sheet,1055000.0,0.0,0.0,0.0,0.0,0.0,0.0,0.0,0.0,0.0,0.0,0.0,0.0,0.0,0.0,negligible,399,0.0,0.0,0.0,0.0709773930933144,0.03688879247432663,0.0,Lang'ata,3436.691522609869,0.0,none,medium,dist_wet_m=942 (-1.04); frac_wet_500=0 (-0.70); s_max_1000=0.312 (-0.56),"no modelled flood hazard at this location (proxy, ML and hotspot evidence all zero)"
NBO-0173,-1.230335,36.759392,permanent_masonry,53255000.0,0.0,0.0,0.0,0.0,0.0,0.0,0.0,0.0,0.0,0.0,0.0,0.0,0.0,0.0,negligible,399,0.0,0.0,0.0,0.0677255229652451,0.036716949605533455,0.0,Kitisuru,1709.1351056676835,0.0,none,medium,s_max_1000=0.221 (-0.99); dist_strong_m=1.4e+03 (-0.76); frac_wet_500=0.0285 (-0.64),"no modelled flood hazard at this location (proxy, ML and hotspot evidence all zero)"
NBO-0175,-1.341161,36.791211,concrete_rcc,457070000.0,0.0,0.0,0.0,0.0,0.0,0.0,0.0,0.0,0.0,0.0,0.0,0.0,0.0,0.0,negligible,399,0.0,0.0,0.0,0.02867627594885297,0.013941420678822043,0.0,Lang'ata,2472.79546900977,0.0,none,medium,dist_strong_m=1.8e+03 (-1.38); s_max_1000=0.173 (-1.22); frac_wet_500=0.00275 (-0.69),"no modelled flood hazard at this location (proxy, ML and hotspot evidence all zero)"
NBO-0176,-1.212321,36.722038,informal_iron_sheet,1370000.0,0.0,0.0,0.0,0.0,0.0,0.0,0.0,0.0,0.0,0.0,0.0,0.0,0.0,0.0,negligible,399,0.0,0.0,0.0,0.0008555970267328925,0.0016483718125827,0.0,Kitisuru,6276.706016124367,0.0,none,medium,dist_strong_m=3.86e+03 (-4.63); s_max_1000=0.102 (-1.55); frac_wet_500=0.00184 (-0.69),"no modelled flood hazard at this location (proxy, ML and hotspot evidence all zero)"
NBO-0177,-1.182082,36.738428,permanent_masonry,102100000.0,0.0,0.0,0.0,0.0,0.0,0.0,0.0,0.0,0.0,0.0,0.0,0.0,0.0,0.0,negligible,399,0.0,0.0,0.0,0.0072427297668969486,0.004808858571331609,0.0,Kitisuru,7426.722894249958,0.0,none,medium,dist_strong_m=2.34e+03 (-2.23); s_max_1000=0.124 (-1.44); dist_wet_m=728 (-0.73),"no modelled flood hazard at this location (proxy, ML and hotspot evidence all zero)"
NBO-0419,-1.322424,36.883627,concrete_rcc,452325000.0,0.0,0.0,0.0,0.0,0.0,0.0,0.0,0.0,0.0,0.0,0.0,0.0,0.0,0.0,negligible,399,0.0,0.0,0.0,0.2913591693836706,0.09620313705639028,0.0,Fedha,1815.4746962778001,0.0,none,medium,dist_strong_m=1.22e+03 (-0.47); s_point=0 (+0.33); dist_wet_m=68.7 (+0.24),"no modelled flood hazard at this location (proxy, ML and hotspot evidence all zero)"
NBO-0420,-1.339096,36.702452,informal_iron_sheet,1360000.0,0.0,0.0,0.0,0.0,0.0,0.0,0.0,0.0,0.0,0.0,0.0,0.0,0.0,0.0,negligible,399,0.0,0.0,0.0,0.47251555285724534,0.15390682488649135,0.0,Kawangware,8680.927786567578,0.0,none,medium,dist_strong_m=264 (+1.03); frac_wet_500=0.137 (-0.43); frac_wet_150=0 (+0.38),"no modelled flood hazard at this location (proxy, ML and hotspot evidence all zero)"
NBO-0425,-1.348616,36.782807,permanent_masonry,81015000.0,0.0,0.0,0.0,0.0,0.0,0.0,0.0,0.0,0.0,0.0,0.0,0.0,0.0,0.0,negligible,399,0.0,0.0,0.0,0.02711732838004344,0.021095772792744796,0.0,Lang'ata,3392.872678901605,0.0,none,medium,dist_strong_m=1.87e+03 (-1.50); s_max_1000=0.173 (-1.22); frac_wet_500=0.0312 (-0.64),"no modelled flood hazard at this location (proxy, ML and hotspot evidence all zero)"
NBO-0430,-1.323625,36.725838,permanent_masonry,45600000.0,0.0,0.0,0.0,0.0,0.0,0.0,0.0,0.0,0.0,0.0,0.0,0.0,0.0,0.0,negligible,399,0.0,0.0,0.0,0.00687682475154261,0.006564341243702674,0.0,Kawangware,5783.367649025931,0.0,none,medium,s_max_1000=0 (-2.03); dist_wet_m=1.12e+03 (-1.30); dist_strong_m=1.63e+03 (-1.12),"no modelled flood hazard at this location (proxy, ML and hotspot evidence all zero)"
NBO-0432,-1.211213,36.717387,permanent_masonry,45590000.0,0.0,0.0,0.0,0.0,0.0,0.0,0.0,0.0,0.0,0.0,0.0,0.0,0.0,0.0,negligible,399,0.0,0.0,0.0,0.0003912804727969433,0.0010798824923572944,0.0,Kitisuru,6788.259069241842,0.0,none,medium,dist_strong_m=4.33e+03 (-5.37); s_max_1000=0.102 (-1.55); frac_wet_500=0.00367 (-0.69),"no modelled flood hazard at this location (proxy, ML and hotspot evidence all zero)"
NBO-0180,-1.333631,36.756666,semi_permanent,5520000.0,0.0,0.0,0.0,0.0,0.0,0.0,0.0,0.0,0.0,0.0,0.0,0.0,0.0,0.0,negligible,399,0.0,0.0,0.0,0.021053732443264424,0.0181794308961476,0.0,Lang'ata,4046.5036839396666,0.0,none,medium,s_max_1000=0.0956 (-1.58); dist_wet_m=1.12e+03 (-1.30); frac_wet_500=0 (-0.70),"no modelled flood hazard at this location (proxy, ML and hotspot evidence all zero)"
NBO-0162,-1.207852,36.738724,permanent_masonry,33235000.0,0.0,0.0,0.0,0.0,0.0,0.0,0.0,0.0,0.0,0.0,0.0,0.0,0.0,0.0,negligible,399,0.0,0.0,0.0,0.02199034432340677,0.012769741574912162,0.0,Kitisuru,5097.032196504573,0.0,none,medium,dist_strong_m=1.95e+03 (-1.63); s_max_1000=0.155 (-1.30); frac_wet_500=0.022 (-0.65),"no modelled flood hazard at this location (proxy, ML and hotspot evidence all zero)"
NBO-0435,-1.314949,36.71617,semi_permanent,5220000.0,0.0,0.0,0.0,0.0,0.0,0.0,0.0,0.0,0.0,0.0,0.0,0.0,0.0,0.0,negligible,399,0.0,0.0,0.0,0.1561645107104151,0.058931620684205765,0.0,Kawangware,5657.746234180815,0.0,none,medium,frac_wet_500=0 (-0.70); dist_wet_m=633 (-0.59); s_max_500=0 (+0.42),"no modelled flood hazard at this location (proxy, ML and hotspot evidence all zero)"
NBO-0438,-1.276598,36.716169,semi_permanent,6225000.0,0.0,0.0,0.0,0.0,0.0,0.0,0.0,0.0,0.0,0.0,0.0,0.0,0.0,0.0,negligible,399,0.0,0.0,0.0,0.49995784407157234,0.14192103070850365,0.0,Kawangware,3948.9978396805404,0.0,none,medium,dist_strong_m=179 (+1.17); s_max_150=0.376 (-0.40); s_point=0 (+0.33),"no modelled flood hazard at this location (proxy, ML and hotspot evidence all zero)"
NBO-0440,-1.18851,36.783672,semi_permanent,3105000.0,0.0,0.0,0.0,0.0,0.0,0.0,0.0,0.0,0.0,0.0,0.0,0.0,0.0,0.0,negligible,399,0.0,0.0,0.0,0.31433670269560976,0.09360279709468376,0.0,Kitisuru,5936.299639193692,0.0,none,medium,frac_wet_500=0.0147 (-0.67); frac_wet_150=0 (+0.38); s_point=0 (+0.33),"no modelled flood hazard at this location (proxy, ML and hotspot evidence all zero)"
NBO-0441,-1.185484,36.849843,informal_iron_sheet,740000.0,0.0,0.0,0.0,0.0,0.0,0.0,0.0,0.0,0.0,0.0,0.0,0.0,0.0,0.0,negligible,399,0.0,0.0,0.0,0.3603813770097094,0.0930983081465567,0.0,Mathare,8452.022500766896,0.0,none,medium,dist_strong_m=447 (+0.74); frac_wet_500=0.0771 (-0.55); s_point=0 (+0.33),"no modelled flood hazard at this location (proxy, ML and hotspot evidence all zero)"
NBO-0442,-1.33239,36.866631,informal_iron_sheet,1470000.0,0.0,0.0,0.0,0.0,0.0,0.0,0.0,0.0,0.0,0.0,0.0,0.0,0.0,0.0,negligible,399,0.0,0.0,0.0,0.2617699930280528,0.09827184815694379,0.0,Fedha,4000.4841785236986,0.0,none,medium,frac_wet_500=0.121 (-0.46); s_max_1000=0.348 (-0.39); s_point=0 (+0.33),"no modelled flood hazard at this location (proxy, ML and hotspot evidence all zero)"
NBO-0448,-1.294373,36.783096,semi_permanent,3375000.0,0.0,0.0,0.0,0.0,0.0,0.0,0.0,0.0,0.0,0.0,0.0,0.0,0.0,0.0,negligible,399,0.0,0.0,0.0,0.2840686369992242,0.11004668563927993,0.0,Kibera,1996.835383160897,0.0,none,medium,frac_wet_500=0.0422 (-0.61); dist_strong_m=652 (+0.42); frac_wet_150=0 (+0.38),"no modelled flood hazard at this location (proxy, ML and hotspot evidence all zero)"
NBO-0163,-1.342246,36.823872,informal_iron_sheet,900000.0,0.0,0.0,0.0,0.0,0.0,0.0,0.0,0.0,0.0,0.0,0.0,0.0,0.0,0.0,negligible,399,0.0,0.0,0.0,0.480609051232946,0.11519089636820308,0.0,Nairobi West,3730.8939430463624,0.0,none,medium,s_point=0 (+0.33); dist_wet_m=43.4 (+0.28); frac_wet_150=0.124 (+0.24),"no modelled flood hazard at this location (proxy, ML and hotspot evidence all zero)"
NBO-0170,-1.292702,36.875973,informal_iron_sheet,1245000.0,0.0,0.0,0.0,0.0,0.0,0.0,0.0,0.0,0.0,0.0,0.0,0.0,0.0,0.0,negligible,399,0.0,0.0,0.0,0.16502890780061485,0.07052291332936769,0.0,Donholm,1588.8179529195575,0.0,none,medium,dist_strong_m=1.35e+03 (-0.68); s_max_1000=0.29 (-0.66); s_point=0 (+0.33),"no modelled flood hazard at this location (proxy, ML and hotspot evidence all zero)"
NBO-0231,-1.33616,36.789645,concrete_rcc,1455240000.0,0.0,0.0,0.0,0.0,0.0,0.0,0.0,0.0,0.0,0.0,0.0,0.0,0.0,0.0,negligible,399,0.0,0.0,0.0,0.015428666639303864,0.009082194855735996,0.0,Lang'ata,1913.251943763131,0.0,none,medium,s_max_1000=0.0782 (-1.66); dist_strong_m=1.86e+03 (-1.48); frac_wet_500=0 (-0.70),"no modelled flood hazard at this location (proxy, ML and hotspot evidence all zero)"
NBO-0234,-1.226429,36.738966,semi_permanent,7695000.0,0.0,0.0,0.0,0.0,0.0,0.0,0.0,0.0,0.0,0.0,0.0,0.0,0.0,0.0,negligible,399,0.0,0.0,0.0,0.010387317327482812,0.010112877086188155,0.0,Kitisuru,3887.4004983936366,0.0,none,medium,dist_strong_m=2.5e+03 (-2.49); s_max_1000=0.15 (-1.32); frac_wet_500=0.0211 (-0.66),"no modelled flood hazard at this location (proxy, ML and hotspot evidence all zero)"
NBO-0236,-1.187621,36.72315,semi_permanent,9120000.0,0.0,0.0,0.0,0.0,0.0,0.0,0.0,0.0,0.0,0.0,0.0,0.0,0.0,0.0,negligible,399,0.0,0.0,0.0,0.0008578802541732187,0.0014984996505824856,0.0,Kitisuru,7921.294394308745,0.0,none,medium,dist_strong_m=3.67e+03 (-4.33); s_max_1000=0.0647 (-1.72); frac_wet_500=0.00275 (-0.69),"no modelled flood hazard at this location (proxy, ML and hotspot evidence all zero)"
NBO-0237,-1.199153,36.70927,concrete_rcc,697740000.0,0.0,0.0,0.0,0.0,0.0,0.0,0.0,0.0,0.0,0.0,0.0,0.0,0.0,0.0,negligible,399,0.0,0.0,0.0,5.0776675592966177e-05,0.00027589544901381345,0.0,Kitisuru,8255.523027420164,0.0,none,medium,dist_strong_m=5.11e+03 (-6.60); s_max_1000=0.0548 (-1.77); dist_wet_m=912 (-1.00),"no modelled flood hazard at this location (proxy, ML and hotspot evidence all zero)"
NBO-0239,-1.188579,36.716339,permanent_masonry,37440000.0,0.0,0.0,0.0,0.0,0.0,0.0,0.0,0.0,0.0,0.0,0.0,0.0,0.0,0.0,negligible,399,0.0,0.0,0.0,0.00027306329644746747,0.0008364756625144935,0.0,Kitisuru,8375.104512397069,0.0,none,medium,dist_strong_m=4.41e+03 (-5.50); s_max_1000=0.0548 (-1.77); frac_wet_500=0.00275 (-0.69),"no modelled flood hazard at this location (proxy, ML and hotspot evidence all zero)"
NBO-0355,-1.347451,36.709257,informal_iron_sheet,1065000.0,0.0,0.0,0.0,0.0,0.0,0.0,0.0,0.0,0.0,0.0,0.0,0.0,0.0,0.0,negligible,399,0.0,0.0,0.0,0.19130836288621064,0.07941089832177431,0.0,Kawangware,9002.642234962701,0.0,none,medium,dist_wet_m=785 (-0.81); frac_wet_500=0 (-0.70); s_max_500=0 (+0.42),"no modelled flood hazard at this location (proxy, ML and hotspot evidence all zero)"
NBO-0357,-1.347865,36.718488,permanent_masonry,48595000.0,0.0,0.0,0.0,0.0,0.0,0.0,0.0,0.0,0.0,0.0,0.0,0.0,0.0,0.0,negligible,399,0.0,0.0,0.0,0.006516281752070474,0.008030585810075472,0.0,Kawangware,8552.111828871935,0.0,none,medium,s_max_1000=0 (-2.03); dist_wet_m=1.32e+03 (-1.60); dist_strong_m=1.47e+03 (-0.87),"no modelled flood hazard at this location (proxy, ML and hotspot evidence all zero)"
NBO-0369,-1.304822,36.734471,semi_permanent,5615000.0,0.0,0.0,0.0,0.0,0.0,0.0,0.0,0.0,0.0,0.0,0.0,0.0,0.0,0.0,negligible,399,0.0,0.0,0.0,0.28221531386312687,0.10449505226346954,0.0,Kawangware,3497.8172835685423,0.0,none,medium,frac_wet_500=0.0285 (-0.64); dist_strong_m=663 (+0.40); frac_wet_150=0 (+0.38),"no modelled flood hazard at this location (proxy, ML and hotspot evidence all zero)"
NBO-0248,-1.303397,36.719771,permanent_masonry,67115000.0,0.0,0.0,0.0,0.0,0.0,0.0,0.0,0.0,0.0,0.0,0.0,0.0,0.0,0.0,negligible,399,0.0,0.0,0.0,0.21042446092216618,0.07508592648937867,0.0,Kawangware,4498.94198602884,0.0,none,medium,frac_wet_500=0.00643 (-0.69); frac_wet_150=0 (+0.38); s_point=0 (+0.33),"no modelled flood hazard at this location (proxy, ML and hotspot evidence all zero)"
NBO-0251,-1.310908,36.74482,semi_permanent,3695000.0,0.0,0.0,0.0,0.0,0.0,0.0,0.0,0.0,0.0,0.0,0.0,0.0,0.0,0.0,negligible,399,0.0,0.0,0.0,0.40447102112807026,0.1198555549729505,0.0,Kawangware,3686.579038027137,0.0,none,medium,dist_strong_m=418 (+0.79); frac_wet_500=0.0983 (-0.50); frac_wet_150=0 (+0.38),"no modelled flood hazard at this location (proxy, ML and hotspot evidence all zero)"
NBO-0143,-1.227186,36.774168,informal_iron_sheet,1100000.0,0.0,0.0,0.0,0.0,0.0,0.0,0.0,0.0,0.0,0.0,0.0,0.0,0.0,0.0,negligible,399,0.0,0.0,0.0,0.05486072842800128,0.030677625853041526,0.0,Kitisuru,1507.8696745102436,0.0,none,medium,dist_strong_m=1.63e+03 (-1.11); s_max_1000=0.252 (-0.84); frac_wet_500=0.0569 (-0.59),"no modelled flood hazard at this location (proxy, ML and hotspot evidence all zero)"
NBO-0455,-1.33227,36.874249,concrete_rcc,381775000.0,0.0,0.0,0.0,0.0,0.0,0.0,0.0,0.0,0.0,0.0,0.0,0.0,0.0,0.0,negligible,399,0.0,0.0,0.0,0.17203177140628823,0.07777130104609184,0.0,Fedha,3266.8247424994925,0.0,none,medium,s_max_1000=0.257 (-0.82); dist_strong_m=1.27e+03 (-0.55); frac_wet_500=0.106 (-0.49),"no modelled flood hazard at this location (proxy, ML and hotspot evidence all zero)"
NBO-0460,-1.33452,36.837781,semi_permanent,3150000.0,0.0,0.0,0.0,0.0,0.0,0.0,0.0,0.0,0.0,0.0,0.0,0.0,0.0,0.0,negligible,399,0.0,0.0,0.0,0.04713733382085628,0.02826658081863774,0.0,Nairobi West,3302.41307612791,0.0,none,medium,s_max_1000=0.11 (-1.51); dist_strong_m=1.54e+03 (-0.97); frac_wet_500=0.0165 (-0.67),"no modelled flood hazard at this location (proxy, ML and hotspot evidence all zero)"
NBO-0461,-1.332897,36.781192,informal_iron_sheet,1080000.0,0.0,0.0,0.0,0.0,0.0,0.0,0.0,0.0,0.0,0.0,0.0,0.0,0.0,0.0,negligible,399,0.0,0.0,0.0,0.016155953243916624,0.009774115349071294,0.0,Lang'ata,1832.0152870179932,0.0,none,medium,s_max_1000=0.0581 (-1.76); dist_strong_m=1.7e+03 (-1.23); frac_wet_500=0 (-0.70),"no modelled flood hazard at this location (proxy, ML and hotspot evidence all zero)"
NBO-0148,-1.221177,36.725933,informal_iron_sheet,925000.0,0.0,0.0,0.0,0.0,0.0,0.0,0.0,0.0,0.0,0.0,0.0,0.0,0.0,0.0,negligible,399,0.0,0.0,0.0,0.0012179164291206798,0.002315837538437121,0.0,Kitisuru,5449.125925061516,0.0,none,medium,dist_strong_m=3.74e+03 (-4.45); s_max_1000=0.113 (-1.50); frac_wet_500=0.00459 (-0.69),"no modelled flood hazard at this location (proxy, ML and hotspot evidence all zero)"
NBO-0152,-1.184332,36.749384,informal_iron_sheet,1110000.0,0.0,0.0,0.0,0.0,0.0,0.0,0.0,0.0,0.0,0.0,0.0,0.0,0.0,0.0,negligible,399,0.0,0.0,0.0,0.06769860311807684,0.029326944734584498,0.0,Kitisuru,6680.559459222254,0.0,none,medium,s_max_1000=0.201 (-1.08); frac_wet_500=0.0101 (-0.68); dist_strong_m=1.31e+03 (-0.62),"no modelled flood hazard at this location (proxy, ML and hotspot evidence all zero)"
NBO-0153,-1.245369,36.735718,permanent_masonry,64995000.0,0.0,0.0,0.0,0.0,0.0,0.0,0.0,0.0,0.0,0.0,0.0,0.0,0.0,0.0,negligible,399,0.0,0.0,0.0,0.01967377381252584,0.01694105708214196,0.0,Kangemi,3119.826079660719,0.0,none,medium,dist_strong_m=2.11e+03 (-1.87); s_max_1000=0.154 (-1.30); frac_wet_500=0.0404 (-0.62),"no modelled flood hazard at this location (proxy, ML and hotspot evidence all zero)"
NBO-0154,-1.324387,36.883553,permanent_masonry,40495000.0,0.0,0.0,0.0,0.0,0.0,0.0,0.0,0.0,0.0,0.0,0.0,0.0,0.0,0.0,negligible,399,0.0,0.0,0.0,0.14055168201168927,0.06845388830172706,0.0,Fedha,1923.2083022740371,0.0,none,medium,dist_strong_m=1.43e+03 (-0.80); s_max_1000=0.272 (-0.75); frac_wet_500=0.162 (-0.38),"no modelled flood hazard at this location (proxy, ML and hotspot evidence all zero)"
NBO-0157,-1.209491,36.725,permanent_masonry,36455000.0,0.0,0.0,0.0,0.0,0.0,0.0,0.0,0.0,0.0,0.0,0.0,0.0,0.0,0.0,negligible,399,0.0,0.0,0.0,0.0024004458362474656,0.0039672414619155655,0.0,Kitisuru,6162.890499537243,0.0,none,medium,dist_strong_m=3.45e+03 (-3.98); s_max_1000=0.102 (-1.55); frac_wet_500=0.00826 (-0.68),"no modelled flood hazard at this location (proxy, ML and hotspot evidence all zero)"
NBO-0124,-1.181446,36.767437,informal_iron_sheet,930000.0,0.0,0.0,0.0,0.0,0.0,0.0,0.0,0.0,0.0,0.0,0.0,0.0,0.0,0.0,negligible,399,0.0,0.0,0.0,0.3659644793000544,0.116879148057461,0.0,Kitisuru,6565.179567169179,0.0,none,medium,frac_wet_500=0.0165 (-0.67); dist_wet_m=515 (-0.41); s_max_1000=0.514 (+0.39),"no modelled flood hazard at this location (proxy, ML and hotspot evidence all zero)"
NBO-0125,-1.183533,36.792047,informal_iron_sheet,900000.0,0.0,0.0,0.0,0.0,0.0,0.0,0.0,0.0,0.0,0.0,0.0,0.0,0.0,0.0,negligible,399,0.0,0.0,0.0,0.09965233876925406,0.0433316202785814,0.0,Kitisuru,6738.954060452482,0.0,none,medium,s_max_1000=0.259 (-0.81); frac_wet_500=0.022 (-0.65); dist_strong_m=1.3e+03 (-0.60),"no modelled flood hazard at this location (proxy, ML and hotspot evidence all zero)"
NBO-0128,-1.321205,36.719321,informal_iron_sheet,910000.0,0.0,0.0,0.0,0.0,0.0,0.0,0.0,0.0,0.0,0.0,0.0,0.0,0.0,0.0,negligible,399,0.0,0.0,0.0,0.0056082231108103495,0.006464267554504395,0.0,Kawangware,5958.060396528381,0.0,none,medium,s_max_1000=0 (-2.03); dist_wet_m=1.29e+03 (-1.56); dist_strong_m=1.6e+03 (-1.07),"no modelled flood hazard at this location (proxy, ML and hotspot evidence all zero)"
NBO-0467,-1.198678,36.731266,concrete_rcc,1592010000.0,0.0,0.0,0.0,0.0,0.0,0.0,0.0,0.0,0.0,0.0,0.0,0.0,0.0,0.0,negligible,399,0.0,0.0,0.0,0.0036440862585974503,0.003289560089250885,0.0,Kitisuru,6406.4180659509775,0.0,none,medium,dist_strong_m=2.7e+03 (-2.80); s_max_1000=0.0605 (-1.74); frac_wet_500=0 (-0.70),"no modelled flood hazard at this location (proxy, ML and hotspot evidence all zero)"
NBO-0469,-1.32826,36.885924,semi_permanent,8010000.0,0.0,0.0,0.0,0.0,0.0,0.0,0.0,0.0,0.0,0.0,0.0,0.0,0.0,0.0,negligible,399,0.0,0.0,0.0,0.0825229583562562,0.041678598893262774,0.0,Fedha,1978.1188187382122,0.0,none,medium,s_max_1000=0.21 (-1.04); dist_strong_m=1.54e+03 (-0.98); frac_wet_500=0.124 (-0.45),"no modelled flood hazard at this location (proxy, ML and hotspot evidence all zero)"
NBO-0472,-1.280935,36.89564,semi_permanent,5280000.0,0.0,0.0,0.0,0.0,0.0,0.0,0.0,0.0,0.0,0.0,0.0,0.0,0.0,0.0,negligible,399,0.0,0.0,0.0,0.2937539214363988,0.1208956011740409,0.0,Komarock,1629.7384625570141,0.0,none,medium,s_max_1000=0.342 (-0.42); s_point=0 (+0.33); dist_wet_m=92.1 (+0.21),"no modelled flood hazard at this location (proxy, ML and hotspot evidence all zero)"
NBO-0476,-1.239714,36.739798,informal_iron_sheet,560000.0,0.0,0.0,0.0,0.0,0.0,0.0,0.0,0.0,0.0,0.0,0.0,0.0,0.0,0.0,negligible,399,0.0,0.0,0.0,0.04381949475963709,0.023900545489274026,0.0,Kangemi,3439.234136396442,0.0,none,medium,s_max_1000=0.154 (-1.30); dist_strong_m=1.67e+03 (-1.18); frac_wet_500=0.0386 (-0.62),"no modelled flood hazard at this location (proxy, ML and hotspot evidence all zero)"
NBO-0480,-1.313874,36.93348,semi_permanent,5855000.0,0.0,0.0,0.0,0.0,0.0,0.0,0.0,0.0,0.0,0.0,0.0,0.0,0.0,0.0,negligible,399,0.0,0.0,0.0,0.33226482859065265,0.14854130545843888,0.0,Fedha,3894.2293398407005,0.0,none,medium,frac_wet_500=0.871 (+1.03); dist_strong_m=1.38e+03 (-0.72); s_max_1000=0.298 (-0.63),"no modelled flood hazard at this location (proxy, ML and hotspot evidence all zero)"
NBO-0482,-1.211464,36.717203,permanent_masonry,35925000.0,0.0,0.0,0.0,0.0,0.0,0.0,0.0,0.0,0.0,0.0,0.0,0.0,0.0,0.0,negligible,399,0.0,0.0,0.0,0.000346216853920827,0.000978518542602373,0.0,Kitisuru,6792.981276161287,0.0,none,medium,dist_strong_m=4.37e+03 (-5.43); s_max_1000=0.102 (-1.55); frac_wet_500=0.00367 (-0.69),"no modelled flood hazard at this location (proxy, ML and hotspot evidence all zero)"
NBO-0134,-1.313321,36.705669,permanent_masonry,53635000.0,0.0,0.0,0.0,0.0,0.0,0.0,0.0,0.0,0.0,0.0,0.0,0.0,0.0,0.0,negligible,399,0.0,0.0,0.0,0.17310490334105394,0.07512182491884763,0.0,Kawangware,6414.319375498539,0.0,none,medium,dist_wet_m=797 (-0.83); frac_wet_500=0 (-0.70); s_max_500=0 (+0.42),"no modelled flood hazard at this location (proxy, ML and hotspot evidence all zero)"
NBO-0139,-1.33467,36.848323,permanent_masonry,67680000.0,0.0,0.0,0.0,0.0,0.0,0.0,0.0,0.0,0.0,0.0,0.0,0.0,0.0,0.0,negligible,399,0.0,0.0,0.0,0.298874780525084,0.10257596869950052,0.0,Nairobi West,4025.0627211302663,0.0,none,medium,dist_strong_m=1.19e+03 (-0.43); frac_wet_500=0.163 (-0.37); s_point=0 (+0.33),"no modelled flood hazard at this location (proxy, ML and hotspot evidence all zero)"
NBO-0140,-1.324226,36.772249,permanent_masonry,49900000.0,0.0,0.0,0.0,0.0,0.0,0.0,0.0,0.0,0.0,0.0,0.0,0.0,0.0,0.0,negligible,399,0.0,0.0,0.0,0.4220355100846752,0.144427106562328,0.0,Lang'ata,2055.9139388887406,0.0,none,medium,s_max_1000=0.609 (+0.83); dist_wet_m=717 (-0.71); frac_wet_500=0 (-0.70),"no modelled flood hazard at this location (proxy, ML and hotspot evidence all zero)"
NBO-0253,-1.197507,36.82492,semi_permanent,5710000.0,0.0,0.0,0.0,0.0,0.0,0.0,0.0,0.0,0.0,0.0,0.0,0.0,0.0,0.0,negligible,399,0.0,0.0,0.0,0.25426395010958236,0.09254737784857112,0.0,Westlands,6954.125724789004,0.0,none,medium,frac_wet_500=0.0147 (-0.67); s_max_1000=0.323 (-0.51); frac_wet_150=0.00826 (+0.37),"no modelled flood hazard at this location (proxy, ML and hotspot evidence all zero)"
NBO-0254,-1.225363,36.713396,informal_iron_sheet,1930000.0,0.0,0.0,0.0,0.0,0.0,0.0,0.0,0.0,0.0,0.0,0.0,0.0,0.0,0.0,negligible,399,0.0,0.0,0.0,0.00016058025613904914,0.0005109026620798728,0.0,Kangemi,6417.668538403889,0.0,none,medium,dist_strong_m=4.4e+03 (-5.47); s_max_1000=0.102 (-1.55); dist_wet_m=1.04e+03 (-1.19),"no modelled flood hazard at this location (proxy, ML and hotspot evidence all zero)"
NBO-0256,-1.32265,36.834249,semi_permanent,3650000.0,0.0,0.0,0.0,0.0,0.0,0.0,0.0,0.0,0.0,0.0,0.0,0.0,0.0,0.0,negligible,399,0.0,0.0,0.0,0.4335756627058733,0.08522006274194528,0.0,Nairobi West,1985.4803564050028,0.0,none,medium,dist_strong_m=690 (+0.36); s_point=0 (+0.33); frac_wet_500=0.214 (-0.27),"no modelled flood hazard at this location (proxy, ML and hotspot evidence all zero)"
NBO-0351,-1.241881,36.815722,informal_iron_sheet,1350000.0,0.0,0.0,0.0,0.0,0.0,0.0,0.0,0.0,0.0,0.0,0.0,0.0,0.0,0.0,negligible,399,0.0,0.0,0.0,0.49721165796228145,0.10732852366883018,0.0,Parklands,2422.2790936822844,0.0,none,medium,frac_wet_500=0.0964 (-0.51); dist_strong_m=645 (+0.43); frac_wet_150=0 (+0.38),"no modelled flood hazard at this location (proxy, ML and hotspot evidence all zero)"
NBO-0353,-1.331766,36.81104,concrete_rcc,393455000.0,0.0,0.0,0.0,0.0,0.0,0.0,0.0,0.0,0.0,0.0,0.0,0.0,0.0,0.0,negligible,399,0.0,0.0,0.0,0.4037851359489272,0.11507122507883584,0.0,Lang'ata,2740.712770695309,0.0,none,medium,dist_strong_m=652 (+0.42); s_max_1000=0.347 (-0.40); s_point=0 (+0.33),"no modelled flood hazard at this location (proxy, ML and hotspot evidence all zero)"
NBO-0260,-1.328899,36.747618,semi_permanent,10010000.0,0.0,0.0,0.0,0.0,0.0,0.0,0.0,0.0,0.0,0.0,0.0,0.0,0.0,0.0,negligible,399,0.0,0.0,0.0,0.2491301410371159,0.09063634981672344,0.0,Lang'ata,4836.804344271821,0.0,none,medium,frac_wet_500=0.0156 (-0.67); s_max_1000=0.329 (-0.48); dist_strong_m=674 (+0.39),"no modelled flood hazard at this location (proxy, ML and hotspot evidence all zero)"
NBO-0264,-1.194188,36.709318,concrete_rcc,850565000.0,0.0,0.0,0.0,0.0,0.0,0.0,0.0,0.0,0.0,0.0,0.0,0.0,0.0,0.0,negligible,399,0.0,0.0,0.0,7.80923621236049e-05,0.00042889813445541993,0.0,Kitisuru,8570.116069378419,0.0,none,medium,dist_strong_m=5.13e+03 (-6.63); s_max_1000=0.0548 (-1.77); frac_wet_500=0.000918 (-0.70),"no modelled flood hazard at this location (proxy, ML and hotspot evidence all zero)"
NBO-0269,-1.230379,36.705483,semi_permanent,3310000.0,0.0,0.0,0.0,0.0,0.0,0.0,0.0,0.0,0.0,0.0,0.0,0.0,0.0,0.0,negligible,399,0.0,0.0,0.0,0.00010870786741375232,0.00045352339753067694,0.0,Kangemi,6677.5867506302575,0.0,none,medium,dist_strong_m=3.55e+03 (-4.14); dist_wet_m=1.89e+03 (-2.44); s_max_1000=0 (-2.03),"no modelled flood hazard at this location (proxy, ML and hotspot evidence all zero)"
NBO-0270,-1.22036,36.726497,permanent_masonry,106590000.0,0.0,0.0,0.0,0.0,0.0,0.0,0.0,0.0,0.0,0.0,0.0,0.0,0.0,0.0,negligible,399,0.0,0.0,0.0,0.0016421689926224689,0.003035039910609108,0.0,Kitisuru,5428.114534382582,0.0,none,medium,dist_strong_m=3.65e+03 (-4.30); s_max_1000=0.113 (-1.50); frac_wet_500=0.00459 (-0.69),"no modelled flood hazard at this location (proxy, ML and hotspot evidence all zero)"
NBO-0271,-1.238975,36.704695,semi_permanent,3125000.0,0.0,0.0,0.0,0.0,0.0,0.0,0.0,0.0,0.0,0.0,0.0,0.0,0.0,0.0,negligible,399,0.0,0.0,0.0,0.00021471587650150035,0.001179809967496735,0.0,Kangemi,6198.757998639992,0.0,none,medium,dist_wet_m=2.42e+03 (-3.22); dist_strong_m=2.62e+03 (-2.67); s_max_1000=0 (-2.03),"no modelled flood hazard at this location (proxy, ML and hotspot evidence all zero)"
NBO-0272,-1.268976,36.707647,permanent_masonry,84745000.0,0.0,0.0,0.0,0.0,0.0,0.0,0.0,0.0,0.0,0.0,0.0,0.0,0.0,0.0,negligible,399,0.0,0.0,0.0,0.4707893373873312,0.14738214441419528,0.0,Kangemi,4964.760907698314,0.0,none,medium,dist_strong_m=197 (+1.14); s_max_150=0.37 (-0.39); s_point=0 (+0.33),"no modelled flood hazard at this location (proxy, ML and hotspot evidence all zero)"
NBO-0273,-1.224272,36.70066,semi_permanent,3775000.0,0.0,0.0,0.0,0.0,0.0,0.0,0.0,0.0,0.0,0.0,0.0,0.0,0.0,0.0,negligible,399,0.0,0.0,0.0,0.00011327947904536049,0.00038594374363430976,0.0,Kangemi,7523.430772559971,0.0,none,medium,dist_strong_m=3.95e+03 (-4.78); s_max_1000=0 (-2.03); dist_wet_m=1.43e+03 (-1.76),"no modelled flood hazard at this location (proxy, ML and hotspot evidence all zero)"
NBO-0109,-1.207673,36.712984,informal_iron_sheet,1090000.0,0.0,0.0,0.0,0.0,0.0,0.0,0.0,0.0,0.0,0.0,0.0,0.0,0.0,0.0,negligible,399,0.0,0.0,0.0,0.00022599209496522568,0.0010401236136964075,0.0,Kitisuru,7407.170845493614,0.0,none,medium,dist_strong_m=4.74e+03 (-6.02); s_max_1000=0.06 (-1.75); frac_wet_500=0.000918 (-0.70),"no modelled flood hazard at this location (proxy, ML and hotspot evidence all zero)"
NBO-0111,-1.334044,36.793712,informal_iron_sheet,1090000.0,0.0,0.0,0.0,0.0,0.0,0.0,0.0,0.0,0.0,0.0,0.0,0.0,0.0,0.0,negligible,399,0.0,0.0,0.0,0.07322167344910052,0.03948665925300725,0.0,Lang'ata,1728.2444849177643,0.0,none,medium,s_max_1000=0.164 (-1.26); dist_strong_m=1.42e+03 (-0.80); frac_wet_500=0.00275 (-0.69),"no modelled flood hazard at this location (proxy, ML and hotspot evidence all zero)"
NBO-0485,-1.233919,36.806192,informal_iron_sheet,715000.0,0.0,0.0,0.0,0.0,0.0,0.0,0.0,0.0,0.0,0.0,0.0,0.0,0.0,0.0,negligible,399,0.0,0.0,0.0,0.48594246832523885,0.1300361366009943,0.0,Westlands,2639.4624065741227,0.0,none,medium,frac_wet_500=0.0404 (-0.62); s_max_1000=0.553 (+0.57); frac_wet_150=0.00826 (+0.37),"no modelled flood hazard at this location (proxy, ML and hotspot evidence all zero)"
NBO-0488,-1.289708,36.796945,semi_permanent,5085000.0,0.0,0.0,0.0,0.0,0.0,0.0,0.0,0.0,0.0,0.0,0.0,0.0,0.0,0.0,negligible,399,0.0,0.0,0.0,0.3201353959957779,0.09557812052662246,0.0,Kileleshwa,1758.4308619192818,0.0,none,medium,frac_wet_500=0.0165 (-0.67); frac_wet_150=0 (+0.38); dist_wet_m=465 (-0.34),"no modelled flood hazard at this location (proxy, ML and hotspot evidence all zero)"
NBO-0489,-1.244082,36.757179,permanent_masonry,33945000.0,0.0,0.0,0.0,0.0,0.0,0.0,0.0,0.0,0.0,0.0,0.0,0.0,0.0,0.0,negligible,399,0.0,0.0,0.0,0.4580309952088512,0.1602298200036618,0.0,Kitisuru,1593.910385642431,0.0,none,medium,dist_strong_m=86.9 (+1.31); s_max_150=0.462 (-0.54); frac_wet_500=0.174 (-0.35),"no modelled flood hazard at this location (proxy, ML and hotspot evidence all zero)"
NBO-0490,-1.317731,36.92187,permanent_masonry,72865000.0,0.0,0.0,0.0,0.0,0.0,0.0,0.0,0.0,0.0,0.0,0.0,0.0,0.0,0.0,negligible,399,0.0,0.0,0.0,0.1733407314910968,0.14084428801868304,0.0,Fedha,2608.5641468720282,0.0,none,medium,s_max_1000=0.191 (-1.13); dist_strong_m=1.32e+03 (-0.63); s_point=0 (+0.33),"no modelled flood hazard at this location (proxy, ML and hotspot evidence all zero)"
NBO-0493,-1.28459,36.726722,concrete_rcc,935855000.0,0.0,0.0,0.0,0.0,0.0,0.0,0.0,0.0,0.0,0.0,0.0,0.0,0.0,0.0,negligible,399,0.0,0.0,0.0,0.40991037722472595,0.10098446916669865,0.0,Kawangware,2852.93440241056,0.0,none,medium,s_max_1000=0.52 (+0.42); frac_wet_500=0.157 (-0.39); frac_wet_150=0 (+0.38),"no modelled flood hazard at this location (proxy, ML and hotspot evidence all zero)"
NBO-0495,-1.328919,36.874954,semi_permanent,6580000.0,0.0,0.0,0.0,0.0,0.0,0.0,0.0,0.0,0.0,0.0,0.0,0.0,0.0,0.0,negligible,399,0.0,0.0,0.0,0.05128822997995146,0.0330827692409406,0.0,Fedha,3003.173506793608,0.0,none,medium,s_max_1000=0.115 (-1.49); dist_strong_m=1.63e+03 (-1.12); frac_wet_500=0.119 (-0.46),"no modelled flood hazard at this location (proxy, ML and hotspot evidence all zero)"
NBO-0496,-1.212958,36.816976,informal_iron_sheet,1650000.0,0.0,0.0,0.0,0.0,0.0,0.0,0.0,0.0,0.0,0.0,0.0,0.0,0.0,0.0,negligible,399,0.0,0.0,0.0,0.45098902778789496,0.14552651314919637,0.0,Westlands,5072.88753939138,0.0,none,medium,frac_wet_500=0.0156 (-0.67); frac_wet_150=0.00826 (+0.37); s_point=0 (+0.33),"no modelled flood hazard at this location (proxy, ML and hotspot evidence all zero)"
NBO-0498,-1.185994,36.786739,informal_iron_sheet,935000.0,0.0,0.0,0.0,0.0,0.0,0.0,0.0,0.0,0.0,0.0,0.0,0.0,0.0,0.0,negligible,399,0.0,0.0,0.0,0.2358654013360375,0.07834844967807038,0.0,Kitisuru,6294.416305522858,0.0,none,medium,frac_wet_500=0.0165 (-0.67); frac_wet_150=0 (+0.38); s_point=0 (+0.33),"no modelled flood hazard at this location (proxy, ML and hotspot evidence all zero)"
NBO-0115,-1.340624,36.784613,semi_permanent,5820000.0,0.0,0.0,0.0,0.0,0.0,0.0,0.0,0.0,0.0,0.0,0.0,0.0,0.0,0.0,negligible,399,0.0,0.0,0.0,0.013482710689090332,0.012100662237530467,0.0,Lang'ata,2481.9462788589617,0.0,none,medium,dist_strong_m=2.49e+03 (-2.47); s_max_1000=0.173 (-1.22); frac_wet_500=0.00918 (-0.68),"no modelled flood hazard at this location (proxy, ML and hotspot evidence all zero)"
NBO-0116,-1.335686,36.707985,informal_iron_sheet,970000.0,0.0,0.0,0.0,0.0,0.0,0.0,0.0,0.0,0.0,0.0,0.0,0.0,0.0,0.0,negligible,399,0.0,0.0,0.0,0.13225317808584813,0.06100983455369176,0.0,Kawangware,8002.550877423298,0.0,none,medium,dist_wet_m=856 (-0.92); frac_wet_500=0 (-0.70); s_max_500=0 (+0.42),"no modelled flood hazard at this location (proxy, ML and hotspot evidence all zero)"
NBO-0118,-1.228914,36.724864,semi_permanent,6680000.0,0.0,0.0,0.0,0.0,0.0,0.0,0.0,0.0,0.0,0.0,0.0,0.0,0.0,0.0,negligible,399,0.0,0.0,0.0,0.001275776044950714,0.0020891923829455643,0.0,Kitisuru,5288.191987216122,0.0,none,medium,dist_strong_m=3.63e+03 (-4.26); s_max_1000=0.113 (-1.50); frac_wet_500=0.00367 (-0.69),"no modelled flood hazard at this location (proxy, ML and hotspot evidence all zero)"
NBO-0527,-1.210956,36.822111,informal_iron_sheet,1120000.0,0.0,0.0,0.0,0.0,0.0,0.0,0.0,0.0,0.0,0.0,0.0,0.0,0.0,0.0,negligible,399,0.0,0.0,0.0,0.06828860650720799,0.03444503144920202,0.0,Westlands,5629.698843817825,0.0,none,medium,s_max_1000=0.14 (-1.37); frac_wet_500=0.00735 (-0.68); dist_strong_m=1.27e+03 (-0.54),"no modelled flood hazard at this location (proxy, ML and hotspot evidence all zero)"
NBO-0528,-1.183892,36.727219,informal_iron_sheet,1655000.0,0.0,0.0,0.0,0.0,0.0,0.0,0.0,0.0,0.0,0.0,0.0,0.0,0.0,0.0,negligible,399,0.0,0.0,0.0,0.0014994242919184769,0.0020876309287457522,0.0,Kitisuru,7948.136750833941,0.0,none,medium,dist_strong_m=3.36e+03 (-3.85); s_max_1000=0.0647 (-1.72); frac_wet_500=0.000918 (-0.70),"no modelled flood hazard at this location (proxy, ML and hotspot evidence all zero)"
NBO-0500,-1.25312,36.710253,informal_iron_sheet,1275000.0,0.0,0.0,0.0,0.0,0.0,0.0,0.0,0.0,0.0,0.0,0.0,0.0,0.0,0.0,negligible,399,0.0,0.0,0.0,0.007734550592205869,0.007958927487002653,0.0,Kangemi,4958.396738079119,0.0,none,medium,s_max_1000=0 (-2.03); dist_wet_m=1.17e+03 (-1.38); dist_strong_m=1.51e+03 (-0.92),"no modelled flood hazard at this location (proxy, ML and hotspot evidence all zero)"
NBO-0501,-1.295026,36.712918,concrete_rcc,476605000.0,0.0,0.0,0.0,0.0,0.0,0.0,0.0,0.0,0.0,0.0,0.0,0.0,0.0,0.0,negligible,399,0.0,0.0,0.0,0.20636175397254644,0.06437929279578938,0.0,Kawangware,4682.348317749096,0.0,none,medium,frac_wet_500=0.0937 (-0.51); dist_strong_m=1.14e+03 (-0.35); frac_wet_150=0.0248 (+0.35),"no modelled flood hazard at this location (proxy, ML and hotspot evidence all zero)"
NBO-0504,-1.305311,36.854259,concrete_rcc,871025000.0,0.0,0.0,0.0,0.0,0.0,0.0,0.0,0.0,0.0,0.0,0.0,0.0,0.0,0.0,negligible,399,0.0,0.0,0.0,0.4537528775002508,0.13037196375680554,0.0,Kiambiu,2756.0204317483426,0.0,none,medium,frac_wet_500=0.129 (-0.44); s_point=0 (+0.33); dist_wet_m=30.7 (+0.30),"no modelled flood hazard at this location (proxy, ML and hotspot evidence all zero)"
NBO-0506,-1.182312,36.828437,informal_iron_sheet,720000.0,0.0,0.0,0.0,0.0,0.0,0.0,0.0,0.0,0.0,0.0,0.0,0.0,0.0,0.0,negligible,399,0.0,0.0,0.0,0.1710540187470108,0.07264844269334031,0.0,Westlands,8553.603549258498,0.0,none,medium,frac_wet_500=0.0542 (-0.59); s_max_1000=0.314 (-0.55); frac_wet_150=0 (+0.38),"no modelled flood hazard at this location (proxy, ML and hotspot evidence all zero)"
NBO-0510,-1.336823,36.70879,informal_iron_sheet,890000.0,0.0,0.0,0.0,0.0,0.0,0.0,0.0,0.0,0.0,0.0,0.0,0.0,0.0,0.0,negligible,399,0.0,0.0,0.0,0.11963970621885936,0.058543700699426944,0.0,Kawangware,8050.16022158216,0.0,none,medium,dist_wet_m=910 (-1.00); frac_wet_500=0 (-0.70); s_max_500=0 (+0.42),"no modelled flood hazard at this location (proxy, ML and hotspot evidence all zero)"
NBO-0511,-1.184776,36.797872,informal_iron_sheet,720000.0,0.0,0.0,0.0,0.0,0.0,0.0,0.0,0.0,0.0,0.0,0.0,0.0,0.0,0.0,negligible,399,0.0,0.0,0.0,0.02542866195738499,0.013713099651399854,0.0,Kitisuru,6865.177382135657,0.0,none,medium,dist_strong_m=1.97e+03 (-1.65); s_max_1000=0.179 (-1.19); frac_wet_500=0.000918 (-0.70),"no modelled flood hazard at this location (proxy, ML and hotspot evidence all zero)"
NBO-0512,-1.188377,36.790529,informal_iron_sheet,1020000.0,0.0,0.0,0.0,0.0,0.0,0.0,0.0,0.0,0.0,0.0,0.0,0.0,0.0,0.0,negligible,399,0.0,0.0,0.0,0.05852479114287201,0.026316423624892057,0.0,Kitisuru,6175.291120177791,0.0,none,medium,s_max_1000=0.18 (-1.18); dist_strong_m=1.4e+03 (-0.75); frac_wet_500=0.00184 (-0.69),"no modelled flood hazard at this location (proxy, ML and hotspot evidence all zero)"
NBO-0513,-1.290784,36.727271,concrete_rcc,451570000.0,0.0,0.0,0.0,0.0,0.0,0.0,0.0,0.0,0.0,0.0,0.0,0.0,0.0,0.0,negligible,399,0.0,0.0,0.0,0.07161174096450423,0.039991797711333085,0.0,Kawangware,3036.0499733292922,0.0,none,medium,dist_strong_m=1.66e+03 (-1.17); s_max_1000=0.246 (-0.87); frac_wet_500=0.158 (-0.39),"no modelled flood hazard at this location (proxy, ML and hotspot evidence all zero)"
NBO-0103,-1.306432,36.73854,semi_permanent,2925000.0,0.0,0.0,0.0,0.0,0.0,0.0,0.0,0.0,0.0,0.0,0.0,0.0,0.0,0.0,negligible,399,0.0,0.0,0.0,0.3121650312146827,0.12512646744492775,0.0,Kawangware,3434.214627194022,0.0,none,medium,frac_wet_500=0.0257 (-0.65); dist_strong_m=525 (+0.62); frac_wet_150=0 (+0.38),"no modelled flood hazard at this location (proxy, ML and hotspot evidence all zero)"
NBO-0105,-1.23934,36.801209,permanent_masonry,43850000.0,0.0,0.0,0.0,0.0,0.0,0.0,0.0,0.0,0.0,0.0,0.0,0.0,0.0,0.0,negligible,399,0.0,0.0,0.0,0.06843059957986865,0.03518859396880359,0.0,Westlands,1862.54569634764,0.0,none,medium,dist_strong_m=1.54e+03 (-0.98); s_max_1000=0.276 (-0.73); frac_wet_500=0.0588 (-0.58),"no modelled flood hazard at this location (proxy, ML and hotspot evidence all zero)"
NBO-0107,-1.213736,36.721958,permanent_masonry,55225000.0,0.0,0.0,0.0,0.0,0.0,0.0,0.0,0.0,0.0,0.0,0.0,0.0,0.0,0.0,negligible,399,0.0,0.0,0.0,0.0007406019269593149,0.0015528481815348615,0.0,Kitisuru,6207.814986164059,0.0,none,medium,dist_strong_m=3.91e+03 (-4.70); s_max_1000=0.102 (-1.55); frac_wet_500=0.00275 (-0.69),"no modelled flood hazard at this location (proxy, ML and hotspot evidence all zero)"
NBO-0108,-1.295765,36.805226,semi_permanent,4520000.0,0.0,0.0,0.0,0.0,0.0,0.0,0.0,0.0,0.0,0.0,0.0,0.0,0.0,0.0,negligible,399,0.0,0.0,0.0,0.3112908491768503,0.1005339305757571,0.0,Madaraka,1714.0811568230095,0.0,none,medium,s_max_1000=0.327 (-0.49); frac_wet_500=0.152 (-0.40); frac_wet_150=0 (+0.38),"no modelled flood hazard at this location (proxy, ML and hotspot evidence all zero)"
NBO-0328,-1.341179,36.819429,semi_permanent,5435000.0,0.0,0.0,0.0,0.0,0.0,0.0,0.0,0.0,0.0,0.0,0.0,0.0,0.0,0.0,negligible,399,0.0,0.0,0.0,0.44379228322016095,0.11270571751012913,0.0,Nairobi West,3634.208871802168,0.0,none,medium,s_point=0 (+0.33); dist_wet_m=30.7 (+0.30); s_max_500=0.0977 (+0.27),"no modelled flood hazard at this location (proxy, ML and hotspot evidence all zero)"
NBO-0331,-1.299253,36.714793,semi_permanent,3410000.0,0.0,0.0,0.0,0.0,0.0,0.0,0.0,0.0,0.0,0.0,0.0,0.0,0.0,0.0,negligible,399,0.0,0.0,0.0,0.23436208079432003,0.08396105554824591,0.0,Kawangware,4703.762802311559,0.0,none,medium,frac_wet_500=0.0165 (-0.67); dist_wet_m=515 (-0.41); frac_wet_150=0 (+0.38),"no modelled flood hazard at this location (proxy, ML and hotspot evidence all zero)"
NBO-0337,-1.182634,36.829649,semi_permanent,7645000.0,0.0,0.0,0.0,0.0,0.0,0.0,0.0,0.0,0.0,0.0,0.0,0.0,0.0,0.0,negligible,399,0.0,0.0,0.0,0.1804706296180766,0.08201049095854394,0.0,Westlands,8598.911384537092,0.0,none,medium,frac_wet_500=0.0468 (-0.61); s_max_1000=0.314 (-0.55); frac_wet_150=0 (+0.38),"no modelled flood hazard at this location (proxy, ML and hotspot evidence all zero)"
NBO-0276,-1.341675,36.788527,informal_iron_sheet,2025000.0,0.0,0.0,0.0,0.0,0.0,0.0,0.0,0.0,0.0,0.0,0.0,0.0,0.0,0.0,negligible,399,0.0,0.0,0.0,0.020212347492843095,0.01197255736834949,0.0,Lang'ata,2531.2699096124243,0.0,none,medium,dist_strong_m=2.11e+03 (-1.87); s_max_1000=0.173 (-1.22); frac_wet_500=0.00643 (-0.69),"no modelled flood hazard at this location (proxy, ML and hotspot evidence all zero)"
NBO-0281,-1.187574,36.830611,permanent_masonry,24840000.0,0.0,0.0,0.0,0.0,0.0,0.0,0.0,0.0,0.0,0.0,0.0,0.0,0.0,0.0,negligible,399,0.0,0.0,0.0,0.4772815425542254,0.11908375073010831,0.0,Westlands,8214.939470984209,0.0,none,medium,dist_strong_m=217 (+1.11); frac_wet_500=0.116 (-0.47); s_point=0 (+0.33),"no modelled flood hazard at this location (proxy, ML and hotspot evidence all zero)"
NBO-0282,-1.338431,36.714023,permanent_masonry,46565000.0,0.0,0.0,0.0,0.0,0.0,0.0,0.0,0.0,0.0,0.0,0.0,0.0,0.0,0.0,negligible,399,0.0,0.0,0.0,0.006766070228547596,0.008487178101008503,0.0,Kawangware,7871.057862800062,0.0,none,medium,s_max_1000=0 (-2.03); dist_wet_m=1.33e+03 (-1.62); dist_strong_m=1.44e+03 (-0.83),"no modelled flood hazard at this location (proxy, ML and hotspot evidence all zero)"
NBO-0283,-1.295195,36.729934,informal_iron_sheet,850000.0,0.0,0.0,0.0,0.0,0.0,0.0,0.0,0.0,0.0,0.0,0.0,0.0,0.0,0.0,negligible,399,0.0,0.0,0.0,0.08981159828164322,0.04428903257379217,0.0,Kawangware,3047.2268600623916,0.0,none,medium,dist_strong_m=1.56e+03 (-1.01); s_max_1000=0.288 (-0.68); frac_wet_500=0.104 (-0.49),"no modelled flood hazard at this location (proxy, ML and hotspot evidence all zero)"
NBO-0285,-1.308304,36.733992,semi_permanent,3770000.0,0.0,0.0,0.0,0.0,0.0,0.0,0.0,0.0,0.0,0.0,0.0,0.0,0.0,0.0,negligible,399,0.0,0.0,0.0,0.44114557116505754,0.13246398456994718,0.0,Kawangware,3854.918782627119,0.0,none,medium,dist_strong_m=350 (+0.90); frac_wet_500=0.0946 (-0.51); frac_wet_150=0 (+0.38),"no modelled flood hazard at this location (proxy, ML and hotspot evidence all zero)"
NBO-0287,-1.305027,36.717376,informal_iron_sheet,700000.0,0.0,0.0,0.0,0.0,0.0,0.0,0.0,0.0,0.0,0.0,0.0,0.0,0.0,0.0,negligible,399,0.0,0.0,0.0,0.3870183120691367,0.10811995088634213,0.0,Kawangware,4820.362668002032,0.0,none,medium,dist_strong_m=556 (+0.57); frac_wet_500=0.101 (-0.50); frac_wet_150=0.00826 (+0.37),"no modelled flood hazard at this location (proxy, ML and hotspot evidence all zero)"
NBO-0289,-1.185153,36.790811,semi_permanent,3625000.0,0.0,0.0,0.0,0.0,0.0,0.0,0.0,0.0,0.0,0.0,0.0,0.0,0.0,0.0,negligible,399,0.0,0.0,0.0,0.09342398361695198,0.03812956783540545,0.0,Kitisuru,6522.689646609971,0.0,none,medium,s_max_1000=0.229 (-0.95); frac_wet_500=0.022 (-0.65); dist_strong_m=1.22e+03 (-0.48),"no modelled flood hazard at this location (proxy, ML and hotspot evidence all zero)"
NBO-0092,-1.333203,36.716242,semi_permanent,4880000.0,0.0,0.0,0.0,0.0,0.0,0.0,0.0,0.0,0.0,0.0,0.0,0.0,0.0,0.0,negligible,399,0.0,0.0,0.0,0.0015810350579657116,0.0034420101443953157,0.0,Kawangware,7248.200587755606,0.0,none,medium,dist_wet_m=1.81e+03 (-2.33); s_max_1000=0 (-2.03); dist_strong_m=1.92e+03 (-1.57),"no modelled flood hazard at this location (proxy, ML and hotspot evidence all zero)"
NBO-0093,-1.299334,36.855565,informal_iron_sheet,1040000.0,0.0,0.0,0.0,0.0,0.0,0.0,0.0,0.0,0.0,0.0,0.0,0.0,0.0,0.0,negligible,399,0.0,0.0,0.0,0.3798144607683111,0.11685335955788033,0.0,Kiambiu,2087.672677132121,0.0,none,medium,frac_wet_500=0.167 (-0.37); s_point=0 (+0.33); s_max_500=0.0707 (+0.31),"no modelled flood hazard at this location (proxy, ML and hotspot evidence all zero)"
NBO-0096,-1.201989,36.740738,informal_iron_sheet,1010000.0,0.0,0.0,0.0,0.0,0.0,0.0,0.0,0.0,0.0,0.0,0.0,0.0,0.0,0.0,negligible,399,0.0,0.0,0.0,0.03584491169132114,0.01811857217914306,0.0,Kitisuru,5437.144840087126,0.0,none,medium,s_max_1000=0.145 (-1.35); dist_strong_m=1.63e+03 (-1.12); frac_wet_500=0.0147 (-0.67),"no modelled flood hazard at this location (proxy, ML and hotspot evidence all zero)"
NBO-0515,-1.325057,36.886173,informal_iron_sheet,625000.0,0.0,0.0,0.0,0.0,0.0,0.0,0.0,0.0,0.0,0.0,0.0,0.0,0.0,0.0,negligible,399,0.0,0.0,0.0,0.07813494524833625,0.05540596858361857,0.0,Fedha,1722.197811073418,0.0,none,medium,s_max_1000=0.135 (-1.39); dist_strong_m=1.51e+03 (-0.92); frac_wet_500=0.153 (-0.39),"no modelled flood hazard at this location (proxy, ML and hotspot evidence all zero)"
NBO-0516,-1.249747,36.737112,permanent_masonry,43265000.0,0.0,0.0,0.0,0.0,0.0,0.0,0.0,0.0,0.0,0.0,0.0,0.0,0.0,0.0,negligible,399,0.0,0.0,0.0,0.01724475739839995,0.011930461416292483,0.0,Kangemi,2640.497533224792,0.0,none,medium,dist_strong_m=2.08e+03 (-1.83); s_max_1000=0.154 (-1.30); frac_wet_500=0.0202 (-0.66),"no modelled flood hazard at this location (proxy, ML and hotspot evidence all zero)"
NBO-0518,-1.207065,36.750001,permanent_masonry,58300000.0,0.0,0.0,0.0,0.0,0.0,0.0,0.0,0.0,0.0,0.0,0.0,0.0,0.0,0.0,negligible,399,0.0,0.0,0.0,0.44821262503921566,0.12867972986923906,0.0,Kitisuru,4380.317685063124,0.0,none,medium,frac_wet_500=0.0652 (-0.57); s_max_1000=0.506 (+0.35); s_point=0 (+0.33),"no modelled flood hazard at this location (proxy, ML and hotspot evidence all zero)"
NBO-0520,-1.193567,36.704825,informal_iron_sheet,610000.0,0.0,0.0,0.0,0.0,0.0,0.0,0.0,0.0,0.0,0.0,0.0,0.0,0.0,0.0,negligible,399,0.0,0.0,0.0,1.9398523979845498e-05,0.00016653992538929658,0.0,Kitisuru,9014.651582105402,0.0,none,medium,dist_strong_m=5.62e+03 (-7.41); s_max_1000=0.0476 (-1.80); dist_wet_m=995 (-1.12),"no modelled flood hazard at this location (proxy, ML and hotspot evidence all zero)"
NBO-0523,-1.345307,36.773551,informal_iron_sheet,1165000.0,0.0,0.0,0.0,0.0,0.0,0.0,0.0,0.0,0.0,0.0,0.0,0.0,0.0,0.0,negligible,399,0.0,0.0,0.0,0.0524034060212618,0.022606434722806608,0.0,Lang'ata,3452.369567288827,0.0,none,medium,s_max_1000=0.236 (-0.92); dist_strong_m=1.43e+03 (-0.80); frac_wet_500=0 (-0.70),"no modelled flood hazard at this location (proxy, ML and hotspot evidence all zero)"
NBO-0072,-1.203775,36.813551,concrete_rcc,1196260000.0,0.0,0.0,0.0,0.0,0.0,0.0,0.0,0.0,0.0,0.0,0.0,0.0,0.0,0.0,negligible,399,0.0,0.0,0.0,0.0173132863698468,0.009913806303497297,0.0,Westlands,5650.588270244395,0.0,none,medium,s_max_1000=0.0953 (-1.58); dist_strong_m=1.87e+03 (-1.50); frac_wet_500=0.00184 (-0.69),"no modelled flood hazard at this location (proxy, ML and hotspot evidence all zero)"
NBO-0078,-1.297084,36.756761,permanent_masonry,71955000.0,0.0,0.0,0.0,0.0,0.0,0.0,0.0,0.0,0.0,0.0,0.0,0.0,0.0,0.0,negligible,399,0.0,0.0,0.0,0.4697302190238303,0.1383671398476014,0.0,Kawangware,2147.29642660653,0.0,none,medium,dist_strong_m=404 (+0.81); frac_wet_150=0 (+0.38); s_point=0 (+0.33),"no modelled flood hazard at this location (proxy, ML and hotspot evidence all zero)"
NBO-0534,-1.214277,36.717458,concrete_rcc,1036940000.0,0.0,0.0,0.0,0.0,0.0,0.0,0.0,0.0,0.0,0.0,0.0,0.0,0.0,0.0,negligible,399,0.0,0.0,0.0,0.00044830210294492524,0.0014431472373654288,0.0,Kitisuru,6625.147495139371,0.0,none,medium,dist_strong_m=4.42e+03 (-5.51); s_max_1000=0.102 (-1.55); frac_wet_500=0.00367 (-0.69),"no modelled flood hazard at this location (proxy, ML and hotspot evidence all zero)"
NBO-0535,-1.295993,36.743629,semi_permanent,2675000.0,0.0,0.0,0.0,0.0,0.0,0.0,0.0,0.0,0.0,0.0,0.0,0.0,0.0,0.0,negligible,399,0.0,0.0,0.0,0.24815099181780761,0.08230778079450304,0.0,Kawangware,2143.1770812366485,0.0,none,medium,s_max_1000=0.308 (-0.58); s_point=0 (+0.33); s_mean_1000=0.0167 (+0.25),"no modelled flood hazard at this location (proxy, ML and hotspot evidence all zero)"
NBO-0540,-1.324529,36.76911,semi_permanent,7295000.0,0.0,0.0,0.0,0.0,0.0,0.0,0.0,0.0,0.0,0.0,0.0,0.0,0.0,0.0,negligible,399,0.0,0.0,0.0,0.4617222634624869,0.15121657969857025,0.0,Lang'ata,2400.932812925804,0.0,none,medium,s_max_1000=0.609 (+0.83); frac_wet_500=0 (-0.70); dist_wet_m=679 (-0.65),"no modelled flood hazard at this location (proxy, ML and hotspot evidence all zero)"
NBO-0541,-1.212603,36.730007,informal_iron_sheet,980000.0,0.0,0.0,0.0,0.0,0.0,0.0,0.0,0.0,0.0,0.0,0.0,0.0,0.0,0.0,negligible,399,0.0,0.0,0.0,0.0049060994099602295,0.007270188485305133,0.0,Kitisuru,5507.915824807305,0.0,none,medium,dist_strong_m=3.02e+03 (-3.32); s_max_1000=0.155 (-1.30); frac_wet_500=0.011 (-0.68),"no modelled flood hazard at this location (proxy, ML and hotspot evidence all zero)"
NBO-0545,-1.242225,36.740313,permanent_masonry,39810000.0,0.0,0.0,0.0,0.0,0.0,0.0,0.0,0.0,0.0,0.0,0.0,0.0,0.0,0.0,negligible,399,0.0,0.0,0.0,0.04769195726943263,0.026496284098176396,0.0,Kangemi,3161.2714877445796,0.0,none,medium,s_max_1000=0.154 (-1.30); dist_strong_m=1.57e+03 (-1.02); frac_wet_500=0.0331 (-0.63),"no modelled flood hazard at this location (proxy, ML and hotspot evidence all zero)"
NBO-0546,-1.330179,36.854297,informal_iron_sheet,925000.0,0.0,0.0,0.0,0.0,0.0,0.0,0.0,0.0,0.0,0.0,0.0,0.0,0.0,0.0,negligible,399,0.0,0.0,0.0,0.18119497488295813,0.09116177738506648,0.0,Nairobi West,4210.964651085495,0.0,none,medium,s_max_1000=0.272 (-0.75); dist_strong_m=1.29e+03 (-0.58); frac_wet_500=0.136 (-0.43),"no modelled flood hazard at this location (proxy, ML and hotspot evidence all zero)"
NBO-0083,-1.334989,36.72296,semi_permanent,3375000.0,0.0,0.0,0.0,0.0,0.0,0.0,0.0,0.0,0.0,0.0,0.0,0.0,0.0,0.0,negligible,399,0.0,0.0,0.0,0.0005018599749097458,0.0014286389621417043,0.0,Kawangware,7047.920005655717,0.0,none,medium,dist_wet_m=1.97e+03 (-2.55); dist_strong_m=2.5e+03 (-2.50); s_max_1000=0 (-2.03),"no modelled flood hazard at this location (proxy, ML and hotspot evidence all zero)"
NBO-0085,-1.273428,36.851099,concrete_rcc,491280000.0,0.0,0.0,0.0,0.0,0.0,0.0,0.0,0.0,0.0,0.0,0.0,0.0,0.0,0.0,negligible,399,0.0,0.0,0.0,0.3522773218369387,0.12769587727207685,0.0,Kiambiu,1685.516197852692,0.0,none,medium,frac_wet_500=0.0836 (-0.53); frac_wet_150=0.00826 (+0.37); s_point=0 (+0.33),"no modelled flood hazard at this location (proxy, ML and hotspot evidence all zero)"
NBO-0086,-1.232924,36.726327,informal_iron_sheet,1010000.0,0.0,0.0,0.0,0.0,0.0,0.0,0.0,0.0,0.0,0.0,0.0,0.0,0.0,0.0,negligible,399,0.0,0.0,0.0,0.0031434477913934184,0.005324723436082269,0.0,Kangemi,4853.167321265365,0.0,none,medium,dist_strong_m=3.32e+03 (-3.78); s_max_1000=0.0951 (-1.58); frac_wet_500=0.00918 (-0.68),"no modelled flood hazard at this location (proxy, ML and hotspot evidence all zero)"
NBO-0549,-1.237462,36.709771,semi_permanent,5080000.0,0.0,0.0,0.0,0.0,0.0,0.0,0.0,0.0,0.0,0.0,0.0,0.0,0.0,0.0,negligible,399,0.0,0.0,0.0,0.00027368274222887865,0.0007975795994094569,0.0,Kangemi,5821.112911395707,0.0,none,medium,dist_strong_m=3.04e+03 (-3.33); dist_wet_m=1.81e+03 (-2.32); s_max_1000=0 (-2.03),"no modelled flood hazard at this location (proxy, ML and hotspot evidence all zero)"
NBO-0552,-1.250584,36.731432,informal_iron_sheet,1455000.0,0.0,0.0,0.0,0.0,0.0,0.0,0.0,0.0,0.0,0.0,0.0,0.0,0.0,0.0,negligible,399,0.0,0.0,0.0,0.020770768919983435,0.0125845479247679,0.0,Kangemi,3022.155885265069,0.0,none,medium,dist_strong_m=2.03e+03 (-1.74); s_max_1000=0.154 (-1.30); frac_wet_500=0.0202 (-0.66),"no modelled flood hazard at this location (proxy, ML and hotspot evidence all zero)"
NBO-0555,-1.234729,36.732582,permanent_masonry,28945000.0,0.0,0.0,0.0,0.0,0.0,0.0,0.0,0.0,0.0,0.0,0.0,0.0,0.0,0.0,negligible,399,0.0,0.0,0.0,0.010072650319974367,0.011668504119173724,0.0,Kangemi,4300.707736217114,0.0,none,medium,dist_strong_m=2.58e+03 (-2.62); s_max_1000=0.127 (-1.43); frac_wet_500=0.0138 (-0.67),"no modelled flood hazard at this location (proxy, ML and hotspot evidence all zero)"
NBO-0556,-1.196393,36.809098,concrete_rcc,521240000.0,0.0,0.0,0.0,0.0,0.0,0.0,0.0,0.0,0.0,0.0,0.0,0.0,0.0,0.0,negligible,399,0.0,0.0,0.0,0.007739057985822021,0.005481445155460438,0.0,Westlands,6134.196361001149,0.0,none,medium,dist_strong_m=2.32e+03 (-2.21); s_max_1000=0.0858 (-1.62); frac_wet_500=0.00735 (-0.68),"no modelled flood hazard at this location (proxy, ML and hotspot evidence all zero)"
NBO-0560,-1.255496,36.743072,semi_permanent,5635000.0,0.0,0.0,0.0,0.0,0.0,0.0,0.0,0.0,0.0,0.0,0.0,0.0,0.0,0.0,negligible,399,0.0,0.0,0.0,0.008570595934002927,0.006953448232418022,0.0,Kangemi,1728.3018995411671,0.0,none,medium,dist_strong_m=1.87e+03 (-1.50); dist_wet_m=1.2e+03 (-1.43); s_max_1000=0.154 (-1.30),"no modelled flood hazard at this location (proxy, ML and hotspot evidence all zero)"
NBO-0562,-1.315337,36.709384,informal_iron_sheet,520000.0,0.0,0.0,0.0,0.0,0.0,0.0,0.0,0.0,0.0,0.0,0.0,0.0,0.0,0.0,negligible,399,0.0,0.0,0.0,0.07097103586384518,0.041950910232168945,0.0,Kawangware,6235.440998765684,0.0,none,medium,dist_wet_m=1.01e+03 (-1.15); frac_wet_500=0 (-0.70); s_max_1000=0.293 (-0.65),"no modelled flood hazard at this location (proxy, ML and hotspot evidence all zero)"
NBO-0054,-1.345737,36.708724,informal_iron_sheet,1860000.0,0.0,0.0,0.0,0.0,0.0,0.0,0.0,0.0,0.0,0.0,0.0,0.0,0.0,0.0,negligible,399,0.0,0.0,0.0,0.24099148354047226,0.09214568639853536,0.0,Kawangware,8872.52749645943,0.0,none,medium,frac_wet_500=0 (-0.70); dist_wet_m=690 (-0.67); s_max_500=0 (+0.42),"no modelled flood hazard at this location (proxy, ML and hotspot evidence all zero)"
NBO-0059,-1.242227,36.738945,permanent_masonry,31905000.0,0.0,0.0,0.0,0.0,0.0,0.0,0.0,0.0,0.0,0.0,0.0,0.0,0.0,0.0,negligible,399,0.0,0.0,0.0,0.035400316581336515,0.024173730134887727,0.0,Kangemi,3228.1087177262857,0.0,none,medium,s_max_1000=0.154 (-1.30); dist_strong_m=1.72e+03 (-1.26); frac_wet_500=0.0285 (-0.64),"no modelled flood hazard at this location (proxy, ML and hotspot evidence all zero)"
NBO-0061,-1.290067,36.706319,semi_permanent,5495000.0,0.0,0.0,0.0,0.0,0.0,0.0,0.0,0.0,0.0,0.0,0.0,0.0,0.0,0.0,negligible,399,0.0,0.0,0.0,0.2565585809112713,0.08912564019567883,0.0,Kawangware,5201.122386205056,0.0,none,medium,frac_wet_500=0.000918 (-0.70); s_max_500=0.0153 (+0.40); frac_wet_150=0 (+0.38),"no modelled flood hazard at this location (proxy, ML and hotspot evidence all zero)"
NBO-0062,-1.278869,36.715366,semi_permanent,6215000.0,0.0,0.0,0.0,0.0,0.0,0.0,0.0,0.0,0.0,0.0,0.0,0.0,0.0,0.0,negligible,399,0.0,0.0,0.0,0.49855263288562857,0.1436385104497038,0.0,Kawangware,4033.0664382079385,0.0,none,medium,dist_strong_m=92.1 (+1.30); s_max_150=0.376 (-0.40); frac_wet_500=0.152 (-0.40),"no modelled flood hazard at this location (proxy, ML and hotspot evidence all zero)"
NBO-0063,-1.194166,36.733674,semi_permanent,2720000.0,0.0,0.0,0.0,0.0,0.0,0.0,0.0,0.0,0.0,0.0,0.0,0.0,0.0,0.0,negligible,399,0.0,0.0,0.0,0.008495456467683241,0.006937121015518223,0.0,Kitisuru,6606.938795347718,0.0,none,medium,dist_strong_m=2.43e+03 (-2.37); s_max_1000=0.0858 (-1.62); frac_wet_500=0.00459 (-0.69),"no modelled flood hazard at this location (proxy, ML and hotspot evidence all zero)"
NBO-0068,-1.339728,36.77344,informal_iron_sheet,1240000.0,0.0,0.0,0.0,0.0,0.0,0.0,0.0,0.0,0.0,0.0,0.0,0.0,0.0,0.0,negligible,399,0.0,0.0,0.0,0.014201682609880808,0.009034632111365805,0.0,Lang'ata,2951.8863315151343,0.0,none,medium,s_max_1000=0.0581 (-1.76); dist_strong_m=1.9e+03 (-1.55); frac_wet_500=0.000918 (-0.70),"no modelled flood hazard at this location (proxy, ML and hotspot evidence all zero)"
NBO-0295,-1.33716,36.794091,permanent_masonry,62920000.0,0.0,0.0,0.0,0.0,0.0,0.0,0.0,0.0,0.0,0.0,0.0,0.0,0.0,0.0,negligible,399,0.0,0.0,0.0,0.0719400735146425,0.03497459307860244,0.0,Lang'ata,2075.1324327825105,0.0,none,medium,s_max_1000=0.179 (-1.19); dist_strong_m=1.39e+03 (-0.74); frac_wet_500=0.00275 (-0.69),"no modelled flood hazard at this location (proxy, ML and hotspot evidence all zero)"
NBO-0297,-1.213308,36.732977,semi_permanent,4370000.0,0.0,0.0,0.0,0.0,0.0,0.0,0.0,0.0,0.0,0.0,0.0,0.0,0.0,0.0,negligible,399,0.0,0.0,0.0,0.007666855868836697,0.0074434719862643715,0.0,Kitisuru,5191.969366377278,0.0,none,medium,dist_strong_m=2.74e+03 (-2.86); s_max_1000=0.155 (-1.30); frac_wet_500=0.0138 (-0.67),"no modelled flood hazard at this location (proxy, ML and hotspot evidence all zero)"
NBO-0303,-1.326648,36.769993,concrete_rcc,305250000.0,0.0,0.0,0.0,0.0,0.0,0.0,0.0,0.0,0.0,0.0,0.0,0.0,0.0,0.0,negligible,399,0.0,0.0,0.0,0.22154995096778105,0.09753771948495372,0.0,Lang'ata,2380.383125468155,0.0,none,medium,dist_wet_m=904 (-0.99); frac_wet_500=0 (-0.70); s_max_500=0 (+0.42),"no modelled flood hazard at this location (proxy, ML and hotspot evidence all zero)"
NBO-0309,-1.230274,36.759232,semi_permanent,6120000.0,0.0,0.0,0.0,0.0,0.0,0.0,0.0,0.0,0.0,0.0,0.0,0.0,0.0,0.0,negligible,399,0.0,0.0,0.0,0.06601281312567112,0.03672925279034786,0.0,Kitisuru,1727.0439737567729,0.0,none,medium,s_max_1000=0.221 (-0.99); dist_strong_m=1.43e+03 (-0.80); frac_wet_500=0.0285 (-0.64),"no modelled flood hazard at this location (proxy, ML and hotspot evidence all zero)"
NBO-0310,-1.193935,36.823109,permanent_masonry,37675000.0,0.0,0.0,0.0,0.0,0.0,0.0,0.0,0.0,0.0,0.0,0.0,0.0,0.0,0.0,negligible,399,0.0,0.0,0.0,0.26666942576507735,0.09593060307668429,0.0,Westlands,7151.8849916026675,0.0,none,medium,frac_wet_500=0.0523 (-0.59); s_max_1000=0.323 (-0.51); frac_wet_150=0.00826 (+0.37),"no modelled flood hazard at this location (proxy, ML and hotspot evidence all zero)"
NBO-0313,-1.204866,36.703881,permanent_masonry,49505000.0,0.0,0.0,0.0,0.0,0.0,0.0,0.0,0.0,0.0,0.0,0.0,0.0,0.0,0.0,negligible,399,0.0,0.0,0.0,3.247220421114138e-05,0.0002893830537231651,0.0,Kitisuru,8445.023786448975,0.0,none,medium,dist_strong_m=5.72e+03 (-7.56); s_max_1000=0.0366 (-1.86); frac_wet_500=0.000918 (-0.70),"no modelled flood hazard at this location (proxy, ML and hotspot evidence all zero)"
NBO-0314,-1.182174,36.721902,permanent_masonry,114670000.0,0.0,0.0,0.0,0.0,0.0,0.0,0.0,0.0,0.0,0.0,0.0,0.0,0.0,0.0,negligible,399,0.0,0.0,0.0,0.0007521009422793809,0.0017626179622125954,0.0,Kitisuru,8468.549506197114,0.0,none,medium,dist_strong_m=3.98e+03 (-4.83); s_max_1000=0.0647 (-1.72); frac_wet_500=0.000918 (-0.70),"no modelled flood hazard at this location (proxy, ML and hotspot evidence all zero)"
NBO-0315,-1.181293,36.796118,semi_permanent,3770000.0,0.0,0.0,0.0,0.0,0.0,0.0,0.0,0.0,0.0,0.0,0.0,0.0,0.0,0.0,negligible,399,0.0,0.0,0.0,0.04058719510998407,0.01790148067377903,0.0,Kitisuru,7137.507478330553,0.0,none,medium,dist_strong_m=1.72e+03 (-1.26); s_max_1000=0.259 (-0.81); frac_wet_500=0 (-0.70),"no modelled flood hazard at this location (proxy, ML and hotspot evidence all zero)"
NBO-0317,-1.245344,36.806905,informal_iron_sheet,2150000.0,0.0,0.0,0.0,0.0,0.0,0.0,0.0,0.0,0.0,0.0,0.0,0.0,0.0,0.0,negligible,399,0.0,0.0,0.0,0.19798764541028555,0.07978070648038373,0.0,Parklands,2013.1300001093882,0.0,none,medium,frac_wet_500=0.0468 (-0.61); frac_wet_150=0 (+0.38); s_point=0 (+0.33),"no modelled flood hazard at this location (proxy, ML and hotspot evidence all zero)"
NBO-0318,-1.332425,36.855886,informal_iron_sheet,1335000.0,0.0,0.0,0.0,0.0,0.0,0.0,0.0,0.0,0.0,0.0,0.0,0.0,0.0,0.0,negligible,399,0.0,0.0,0.0,0.34915150684232826,0.09790030265497719,0.0,Nairobi West,4499.3237128617375,0.0,none,medium,s_max_1000=0.348 (-0.39); s_point=0 (+0.33); s_max_500=0.0744 (+0.31),"no modelled flood hazard at this location (proxy, ML and hotspot evidence all zero)"
NBO-0585,-1.267538,36.730176,permanent_masonry,57585000.0,0.0,0.0,0.0,0.0,0.0,0.0,0.0,0.0,0.0,0.0,0.0,0.0,0.0,0.0,negligible,399,0.0,0.0,0.0,0.49019770807232627,0.127940676055766,0.0,Kangemi,2459.650016307849,0.0,none,medium,dist_strong_m=197 (+1.14); s_max_1000=0.52 (+0.42); frac_wet_500=0.149 (-0.40),"no modelled flood hazard at this location (proxy, ML and hotspot evidence all zero)"
NBO-0597,-1.296252,36.788082,informal_iron_sheet,780000.0,0.0,0.0,0.0,0.0,0.0,0.0,0.0,0.0,0.0,0.0,0.0,0.0,0.0,0.0,negligible,399,0.0,0.0,0.0,0.1440085926258712,0.05825246378222324,0.0,Kibera,1680.0558617047977,0.0,none,medium,s_max_1000=0.304 (-0.60); frac_wet_500=0.0872 (-0.53); dist_strong_m=1.22e+03 (-0.47),"no modelled flood hazard at this location (proxy, ML and hotspot evidence all zero)"
NBO-0587,-1.230529,36.707301,semi_permanent,3810000.0,0.0,0.0,0.0,0.0,0.0,0.0,0.0,0.0,0.0,0.0,0.0,0.0,0.0,0.0,negligible,399,0.0,0.0,0.0,0.0001100361633477345,0.0004360318567783023,0.0,Kangemi,6510.616839433253,0.0,none,medium,dist_strong_m=3.62e+03 (-4.25); dist_wet_m=1.81e+03 (-2.32); s_max_1000=0 (-2.03),"no modelled flood hazard at this location (proxy, ML and hotspot evidence all zero)"
NBO-0599,-1.298736,36.871765,concrete_rcc,704215000.0,0.0,0.0,0.0,0.0,0.0,0.0,0.0,0.0,0.0,0.0,0.0,0.0,0.0,0.0,negligible,399,0.0,0.0,0.0,0.11263786116090264,0.059325563835589804,0.0,Donholm,1882.1439656742007,0.0,none,medium,s_max_1000=0.169 (-1.24); dist_strong_m=1.31e+03 (-0.61); s_point=0 (+0.33),"no modelled flood hazard at this location (proxy, ML and hotspot evidence all zero)"
NBO-0589,-1.303936,36.77295,concrete_rcc,767380000.0,0.0,0.0,0.0,0.0,0.0,0.0,0.0,0.0,0.0,0.0,0.0,0.0,0.0,0.0,negligible,399,0.0,0.0,0.0,0.4739099354693274,0.1495250063973521,0.0,Kibera,1964.692338465947,0.0,none,medium,dist_strong_m=486 (+0.68); frac_wet_500=0.0422 (-0.61); s_max_1000=0.516 (+0.40),"no modelled flood hazard at this location (proxy, ML and hotspot evidence all zero)"
NBO-0590,-1.284527,36.892554,permanent_masonry,50695000.0,0.0,0.0,0.0,0.0,0.0,0.0,0.0,0.0,0.0,0.0,0.0,0.0,0.0,0.0,negligible,399,0.0,0.0,0.0,0.39692008479305313,0.11397505378809582,0.0,Donholm,1689.925626590997,0.0,none,medium,s_point=0 (+0.33); dist_wet_m=68.7 (+0.24); s_max_1000=0.479 (+0.22),"no modelled flood hazard at this location (proxy, ML and hotspot evidence all zero)"
