building_id,latitude,longitude,housing_class,scenario,return_period_years,exceedance_probability,exposure_kes,flood_probability,hazard_source,proxy_susceptibility,ml_hotspot_likelihood,ml_likelihood_std,augmented_susceptibility,hazard_severity,flood_depth_m,vulnerability_class_cap,damage_ratio,expected_loss_kes,baseline_loss_kes,risk_score,risk_class,confidence,is_synthetic
NBO-0316,-1.206311,36.910658,concrete_rcc,RP5,5,0.2,522650000.0,0.2,proxy,0.6274335384368896,0.0972197105652129,0.09392305035556024,0.6274335384368896,0.40468715808321964,1.0130664209536604,0.8,0.2869268782936199,149962332.94016045,149962332.94016045,97.0,very_high,medium,True
NBO-0452,-1.222582,36.9336,concrete_rcc,RP5,5,0.2,380470000.0,0.2,proxy,0.6099970936775208,0.12963879101529024,0.13911044127417985,0.6099970936775208,0.37682598282048996,0.9433206419161848,0.8,0.27130382378922535,103222965.83708657,103222965.83708657,96.7,very_high,medium,True
NBO-0403,-1.231914,36.931956,concrete_rcc,RP5,5,0.2,946115000.0,0.2,known_hotspot,0.1412157714366912,0.7966106540689323,0.10774658693611791,0.39572514917104035,0.034447230605350376,0.08623286389026319,0.8,0.02655972207820106,25128551.454017196,0.0,89.8,high,high,True
NBO-0218,-1.235727,36.901794,permanent_masonry,RP5,5,0.2,58185000.0,0.2,proxy,0.5980092883110046,0.16826179091483573,0.14509080708870067,0.5980092883110046,0.3576710260078326,0.8953694204501204,0.85,0.3465182145440385,20162162.313244883,20162162.313244883,98.2,very_high,medium,True
NBO-0149,-1.201048,36.932221,permanent_masonry,RP5,5,0.2,43470000.0,0.2,proxy,0.6828710436820984,0.08567422561875514,0.11483622356014887,0.6828710436820984,0.4932690950021744,1.2348164419344954,0.85,0.4504449325803486,19580841.219267756,19580841.219267756,99.0,very_high,medium,True
NBO-0491,-1.22655,36.947095,permanent_masonry,RP5,5,0.2,43385000.0,0.2,proxy,0.6811106204986572,0.07820292774748604,0.12084315206545727,0.6811106204986572,0.49045616727939007,1.2277747492007307,0.85,0.44833242476021923,19450902.248222113,19450902.248222113,98.8,very_high,medium,True
NBO-0492,-1.20285,36.871324,permanent_masonry,RP5,5,0.2,36180000.0,0.2,proxy,0.6854886412620544,0.09927832007907018,0.1580188590410488,0.6854886412620544,0.49745167613892055,1.2452868322543196,0.85,0.4535860496762959,16410743.277288385,16410743.277288385,99.3,very_high,medium,True
NBO-0308,-1.253911,36.823871,permanent_masonry,RP5,5,0.2,56055000.0,0.2,proxy,0.5121504068374634,0.07757964839573314,0.13716731486103922,0.5121504068374634,0.2204796789408835,0.5519338945559553,0.85,0.2366188462579057,13263669.426986903,13263669.426986903,96.8,very_high,medium,True
NBO-0209,-1.241941,36.938785,permanent_masonry,RP5,5,0.2,24420000.0,0.2,proxy,0.6831744313240051,0.10150246349263495,0.12664169200465475,0.6831744313240051,0.49375386907053304,1.2360299925021223,0.85,0.4508089977506367,11008755.72507055,11008755.72507055,99.2,very_high,medium,True
NBO-0075,-1.242933,36.931356,concrete_rcc,RP5,5,0.2,161250000.0,0.2,proxy,0.402626633644104,0.40769906587643107,0.24263992400818346,0.402626633644104,0.04547490689662626,0.11383880178251782,0.8,0.03506235094901549,5653804.090528748,5653804.090528748,90.3,very_high,medium,True
NBO-0569,-1.227372,36.910585,permanent_masonry,RP5,5,0.2,51120000.0,0.2,proxy,0.4277280867099762,0.5056637330141459,0.19346374223766552,0.4277280867099762,0.08558377042178221,0.2142446140460066,0.85,0.0942676301802429,4818961.254814017,4818961.254814017,96.0,very_high,high,True
NBO-0588,-1.194468,36.887787,permanent_masonry,RP5,5,0.2,92395000.0,0.2,proxy,0.3935819566249847,0.47960883407310356,0.1923351520177114,0.3935819566249847,0.03102268712922986,0.07766009370604054,0.85,0.03417044123065784,3157177.9175066315,3157177.9175066315,94.0,very_high,medium,True
NBO-0141,-1.249756,36.907099,permanent_masonry,RP5,5,0.2,46335000.0,0.2,proxy,0.4042948782444,0.3356100661622457,0.14109192181763228,0.4042948782444,0.048140545209446634,0.1205117801837019,0.85,0.053025183280828836,2456921.867317204,2456921.867317204,94.3,very_high,medium,True
NBO-0222,-1.24835,36.946666,semi_permanent,RP5,5,0.2,6000000.0,0.2,proxy,0.5876656770706177,0.16287887683428243,0.15993918485366443,0.5876656770706177,0.3411432779723213,0.8539949754885725,0.9,0.38743819117588607,2324629.1470553163,2324629.1470553163,98.7,very_high,medium,True
NBO-0091,-1.308021,36.816316,permanent_masonry,RP5,5,0.2,37840000.0,0.2,known_hotspot,0.0110014136880636,0.678829756695947,0.0777518814887044,0.4065433110090325,0.05173324889339172,0.12950551124223186,0.85,0.05698242494658202,2156214.9599786634,0.0,94.8,very_high,high,True
NBO-0544,-1.257331,36.882131,permanent_masonry,RP5,5,0.2,76430000.0,0.2,known_hotspot,0.0716006457805633,0.7407412194677412,0.12962856458109645,0.38870407301490284,0.023228462328978454,0.05814855926571316,0.85,0.025585366076913793,1955489.5292585213,0.0,93.8,very_high,high,True
NBO-0203,-1.344032,36.870461,permanent_masonry,RP5,5,0.2,70840000.0,0.2,proxy,0.3885695338249206,0.28943480110868625,0.16209438375019833,0.3885695338249206,0.023013486168211115,0.0576104025057842,0.85,0.025348577102545046,1795693.2019442911,1795693.2019442911,93.7,very_high,medium,True
NBO-0293,-1.204167,36.891005,semi_permanent,RP5,5,0.2,2185000.0,0.2,proxy,0.6318746209144592,0.11213308921218412,0.11933244339150105,0.6318746209144592,0.4117834313758196,1.0308307508639387,0.9,0.4510990703110179,985651.4686295742,985651.4686295742,99.8,very_high,medium,True
NBO-0079,-1.240748,36.917596,semi_permanent,RP5,5,0.2,3200000.0,0.2,proxy,0.5309082269668579,0.19747964282514532,0.18467691823603166,0.5309082269668579,0.25045224051430914,0.6269651750735334,0.9,0.30075462722823687,962414.807130358,962414.807130358,97.8,very_high,medium,True
NBO-0005,-1.202301,36.930681,informal_iron_sheet,RP5,5,0.2,1570000.0,0.2,proxy,0.6697713136672974,0.08751901638409292,0.11201319309629518,0.6697713136672974,0.4723374269429099,1.1824175218752913,0.95,0.5901977822188461,926610.5180835885,926610.5180835885,100.0,very_high,medium,True
NBO-0279,-1.242356,36.946982,semi_permanent,RP5,5,0.2,3240000.0,0.2,proxy,0.4855479598045349,0.3114974046097574,0.20236257976363584,0.4855479598045349,0.17797242190365653,0.44552410642424145,0.9,0.23108125686690872,748703.2722487843,748703.2722487843,97.2,very_high,medium,True
NBO-0002,-1.257597,36.896201,semi_permanent,RP5,5,0.2,3300000.0,0.2,proxy,0.4584057033061981,0.22612470795584633,0.10637135544871128,0.4584057033061981,0.13460261941454552,0.3369550804308943,0.9,0.1779122824675122,587110.5321427903,587110.5321427903,96.5,very_high,medium,True
NBO-0033,-1.237085,36.896404,informal_iron_sheet,RP5,5,0.2,1165000.0,0.2,proxy,0.5524764060974121,0.17296050054528472,0.13766260244100043,0.5524764060974121,0.28491539095278584,0.7132378915957502,0.95,0.40095705121808756,467114.964669072,467114.964669072,99.5,very_high,medium,True
NBO-0547,-1.200929,36.924815,informal_iron_sheet,RP5,5,0.2,1475000.0,0.2,proxy,0.4697235226631164,0.25271074131250937,0.16886768819872303,0.4697235226631164,0.15268702555620367,0.3822263578585674,0.95,0.24346865177211235,359116.26136386575,359116.26136386575,97.7,very_high,medium,True
NBO-0356,-1.203566,36.90393,informal_iron_sheet,RP5,5,0.2,1125000.0,0.2,proxy,0.4824559688568115,0.23632336718608085,0.1410298914628268,0.4824559688568115,0.17303182174725099,0.4331561426333479,0.95,0.267914948464007,301404.31702200783,301404.31702200783,98.0,very_high,medium,True
NBO-0123,-1.275351,36.872473,informal_iron_sheet,RP5,5,0.2,720000.0,0.2,proxy,0.5531253814697266,0.13097093312056093,0.11412955888525213,0.5531253814697266,0.2859523693528426,0.715833793085008,0.95,0.4021252068882536,289530.14895954257,289530.14895954257,99.7,very_high,medium,True
NBO-0244,-1.227495,36.945525,informal_iron_sheet,RP5,5,0.2,865000.0,0.2,proxy,0.5118399262428284,0.17969813129865692,0.16958692040077547,0.5118399262428284,0.21998357125481666,0.5506919721774153,0.95,0.3243321466451593,280547.3068480628,280547.3068480628,98.5,very_high,medium,True
NBO-0268,-1.277204,36.92012,informal_iron_sheet,RP5,5,0.2,875000.0,0.2,proxy,0.4987740814685821,0.36026909959042375,0.1868187540405755,0.4987740814685821,0.19910604741124205,0.4984285930804302,0.95,0.2992457246786065,261840.00909378068,261840.00909378068,98.3,very_high,medium,True
NBO-0404,-1.297077,36.90215,semi_permanent,RP5,5,0.2,4480000.0,0.2,proxy,0.3978939950466156,0.3760252596085075,0.19578562857438234,0.3978939950466156,0.03791276477192882,0.0949082473925642,0.9,0.05011155462327389,224499.76471226703,224499.76471226703,95.7,very_high,medium,True
NBO-0242,-1.219856,36.921451,semi_permanent,RP5,5,0.2,5850000.0,0.2,proxy,0.3921989500522613,0.3040299749390692,0.14454632263660286,0.3921989500522613,0.02881282215710305,0.07212806741514699,0.9,0.03808361959519761,222789.17463190603,222789.17463190603,95.3,very_high,medium,True
NBO-0071,-1.220708,36.937779,semi_permanent,RP5,5,0.2,3840000.0,0.2,proxy,0.3993943929672241,0.28167273319536035,0.194945682499234,0.3993943929672241,0.040310205879150386,0.10090983907499829,0.9,0.05328039503159909,204596.71692134053,204596.71692134053,95.8,very_high,medium,True
NBO-0453,-1.329951,36.944419,informal_iron_sheet,RP5,5,0.2,935000.0,0.2,proxy,0.447554349899292,0.23540981508797532,0.13813862798182103,0.447554349899292,0.11726356530804927,0.29354966680326977,0.95,0.19374278009015805,181149.4993842978,181149.4993842978,97.3,very_high,medium,True
NBO-0292,-1.248732,36.879753,informal_iron_sheet,RP5,5,0.2,865000.0,0.2,proxy,0.4501494169235229,0.3126046933372746,0.15188779601254568,0.4501494169235229,0.12141014554148696,0.3039299349001934,0.95,0.20059375703412763,173513.5998345204,173513.5998345204,97.5,very_high,medium,True
NBO-0370,-1.259124,36.882024,informal_iron_sheet,RP5,5,0.2,1300000.0,0.2,known_hotspot,0.1853253692388534,0.5935998608149397,0.12481857194905963,0.42010949982592083,0.07341025756636209,0.18377026650978512,0.95,0.12128837589645818,157674.8886653956,0.0,96.3,very_high,high,True
NBO-0433,-1.247364,36.787692,semi_permanent,RP5,5,0.2,4320000.0,0.2,known_hotspot,0.0,0.5186346610841481,0.1884444405665223,0.38722498160505164,0.020865066260102677,0.052232193626308376,0.9,0.02757859823469082,119139.54437386435,0.0,95.2,very_high,high,True
NBO-0259,-1.194012,36.894882,permanent_masonry,RP5,5,0.2,30340000.0,0.2,proxy,0.3750833570957184,0.3607925819487969,0.14760256587135595,0.3750833570957184,0.001464326424820352,0.0036656955889753373,0.85,0.0016129060591491484,48935.56983458516,48935.56983458516,93.0,very_high,medium,True
NBO-0596,-1.268638,36.924316,informal_iron_sheet,RP5,5,0.2,640000.0,0.2,proxy,0.3933278918266296,0.37780763719730254,0.191158398078818,0.3933278918266296,0.030616724562161354,0.07664383451262013,0.95,0.05058493077832929,32374.355698130745,32374.355698130745,96.2,very_high,medium,True
NBO-0087,-1.210741,36.884764,semi_permanent,RP5,5,0.2,3110000.0,0.2,ml_model,0.0,0.8915681522094728,0.06396254348885758,0.3746777017806168,0.0008161418902850286,0.0020430743285690944,0.9,0.0010787432454844818,3354.8914934567383,0.0,94.2,very_high,low,True
NBO-0000,-1.314897,36.935883,semi_permanent,RP5,5,0.2,5170000.0,0.004,proxy,0.0232857968658208,0.18181914144990097,0.13915352873937112,0.0232857968658208,0.0,0.0,0.9,0.0,0.0,0.0,36.3,low,medium,True
NBO-0001,-1.219963,36.789855,informal_iron_sheet,RP5,5,0.2,625000.0,0.04,ml_model,0.0,0.6119282766904172,0.16590945537249976,0.257160240410955,0.0,0.0,0.95,0.0,0.0,0.0,74.2,medium,low,True
NBO-0003,-1.194103,36.84782,semi_permanent,RP5,5,0.2,7945000.0,0.01,proxy,0.1139633804559707,0.40495941600144536,0.16879223941119292,0.1139633804559707,0.0,0.0,0.9,0.0,0.0,0.0,42.5,low,medium,True
NBO-0004,-1.263191,36.773582,semi_permanent,RP5,5,0.2,12400000.0,0.01,proxy,0.1406206041574478,0.4276917923277679,0.15111415169590986,0.1406206041574478,0.0,0.0,0.9,0.0,0.0,0.0,43.5,low,medium,True
NBO-0006,-1.297331,36.917333,informal_iron_sheet,RP5,5,0.2,625000.0,0.04,ml_model,0.1324349194765091,0.6200445198002321,0.13136275586042223,0.26057105685604903,0.0,0.0,0.95,0.0,0.0,0.0,75.0,high,low,True
NBO-0007,-1.29008,36.791035,informal_iron_sheet,RP5,5,0.2,660000.0,0.0,none,0.0,0.35967362787844587,0.10142248284144587,0.0,0.0,0.0,0.95,0.0,0.0,0.0,0.0,negligible,medium,True
NBO-0008,-1.255438,36.943294,semi_permanent,RP5,5,0.2,4620000.0,0.04,ml_model,0.2259266525506973,0.5441601387106764,0.22345214629542992,0.22868097034138501,0.0,0.0,0.9,0.0,0.0,0.0,55.3,medium,low,True
NBO-0009,-1.337945,36.756131,permanent_masonry,RP5,5,0.2,42965000.0,0.0,none,0.0,0.004585902317345632,0.005777141276468233,0.0,0.0,0.0,0.85,0.0,0.0,0.0,0.0,negligible,medium,True
NBO-0010,-1.275674,36.901374,semi_permanent,RP5,5,0.2,3960000.0,0.01,known_hotspot,0.0,0.3317637066189998,0.13269581742486816,0.1233221926313701,0.0,0.0,0.9,0.0,0.0,0.0,43.2,low,medium,True
NBO-0011,-1.198387,36.870224,informal_iron_sheet,RP5,5,0.2,1405000.0,0.1,ml_model,0.0079745389521121,0.8694181957809899,0.09684336983613413,0.3653692773504731,0.0,0.0,0.95,0.0,0.0,0.0,95.5,very_high,low,True
NBO-0012,-1.238124,36.817765,permanent_masonry,RP5,5,0.2,35135000.0,0.01,proxy,0.1145584806799888,0.32075294068716675,0.1585809605981732,0.1145584806799888,0.0,0.0,0.85,0.0,0.0,0.0,42.0,low,medium,True
NBO-0013,-1.191036,36.707701,informal_iron_sheet,RP5,5,0.2,520000.0,0.0,none,0.0,5.0283658534140535e-05,0.00031461529509869344,0.0,0.0,0.0,0.95,0.0,0.0,0.0,0.0,negligible,medium,True
NBO-0014,-1.193437,36.9237,semi_permanent,RP5,5,0.2,5425000.0,0.1,proxy,0.3153730928897857,0.5127791808236406,0.13753611435788143,0.3153730928897857,0.0,0.0,0.9,0.0,0.0,0.0,87.7,high,high,True
NBO-0015,-1.332391,36.843408,permanent_masonry,RP5,5,0.2,35180000.0,0.0,none,0.0,0.09594539696443412,0.05466151923658058,0.0,0.0,0.0,0.85,0.0,0.0,0.0,0.0,negligible,medium,True
NBO-0016,-1.306308,36.797577,semi_permanent,RP5,5,0.2,5030000.0,0.04,ml_model,0.0,0.5241462284584545,0.12208441775590834,0.22027021017867318,0.0,0.0,0.9,0.0,0.0,0.0,52.5,medium,low,True
NBO-0017,-1.224443,36.78867,semi_permanent,RP5,5,0.2,5185000.0,0.0,none,0.0,0.4524325582194302,0.1282952535716271,0.0,0.0,0.0,0.9,0.0,0.0,0.0,0.0,negligible,medium,True
NBO-0018,-1.274224,36.862993,informal_iron_sheet,RP5,5,0.2,715000.0,0.04,ml_model,0.0046982602216303,0.6536639572790751,0.12739856543627157,0.2746994816304352,0.0,0.0,0.95,0.0,0.0,0.0,78.7,high,low,True
NBO-0019,-1.215378,36.786757,semi_permanent,RP5,5,0.2,2160000.0,0.04,ml_model,0.0,0.553601922227134,0.18692653375042353,0.23264883947162432,0.0,0.0,0.9,0.0,0.0,0.0,57.0,medium,low,True
NBO-0020,-1.268428,36.826895,concrete_rcc,RP5,5,0.2,579255000.0,0.04,ml_model,0.0410050489008426,0.6032597355864004,0.15958734567668836,0.2535173230965636,0.0,0.0,0.8,0.0,0.0,0.0,48.5,low,low,True
NBO-0021,-1.31688,36.792734,semi_permanent,RP5,5,0.2,4265000.0,0.1,known_hotspot,0.0192247051745653,0.7164752506734561,0.1544095299072848,0.31300303401575674,0.0,0.0,0.9,0.0,0.0,0.0,86.3,high,high,True
NBO-0022,-1.30153,36.713801,permanent_masonry,RP5,5,0.2,48815000.0,0.0,none,0.0,0.3169372552235441,0.14085439481965328,0.0,0.0,0.0,0.85,0.0,0.0,0.0,0.0,negligible,medium,True
NBO-0023,-1.255021,36.762602,informal_iron_sheet,RP5,5,0.2,885000.0,0.04,ml_model,0.0,0.6389301341899891,0.1776390761019914,0.26850765550948164,0.0,0.0,0.95,0.0,0.0,0.0,78.0,high,low,True
NBO-0024,-1.198924,36.910241,concrete_rcc,RP5,5,0.2,229970000.0,0.1,proxy,0.3686547875404358,0.30894820163912323,0.18421715464025115,0.3686547875404358,0.0,0.0,0.8,0.0,0.0,0.0,84.5,high,medium,True
NBO-0025,-1.346206,36.904539,semi_permanent,RP5,5,0.2,3935000.0,0.0,none,0.0,0.490576147353565,0.10201066538119516,0.0,0.0,0.0,0.9,0.0,0.0,0.0,0.0,negligible,medium,True
NBO-0026,-1.263277,36.866831,permanent_masonry,RP5,5,0.2,44030000.0,0.1,ml_model,0.0,0.7421631624995281,0.12520860608566423,0.3118908940190867,0.0,0.0,0.85,0.0,0.0,0.0,81.2,high,low,True
NBO-0027,-1.255159,36.817647,concrete_rcc,RP5,5,0.2,239875000.0,0.1,ml_model,0.0,0.7335975477190672,0.13064608833446315,0.3082912310518443,0.0,0.0,0.8,0.0,0.0,0.0,67.5,medium,low,True
NBO-0028,-1.194738,36.942461,semi_permanent,RP5,5,0.2,3275000.0,0.1,proxy,0.2913669347763061,0.539292996733186,0.1282935175883969,0.2913669347763061,0.0,0.0,0.9,0.0,0.0,0.0,78.5,high,high,True
NBO-0029,-1.341011,36.910065,concrete_rcc,RP5,5,0.2,398200000.0,0.04,ml_model,0.0905699282884597,0.5642934268773273,0.12608406302085665,0.2371418985619293,0.0,0.0,0.8,0.0,0.0,0.0,46.0,low,low,True
NBO-0030,-1.281853,36.761267,informal_iron_sheet,RP5,5,0.2,755000.0,0.004,known_hotspot,0.0,0.27254447097286083,0.07818485403983684,0.03205382797798736,0.0,0.0,0.95,0.0,0.0,0.0,38.2,low,medium,True
NBO-0031,-1.229115,36.841887,permanent_masonry,RP5,5,0.2,23060000.0,0.04,ml_model,0.1423778533935547,0.5259687602297385,0.1214192970702918,0.22103612135864814,0.0,0.0,0.85,0.0,0.0,0.0,49.3,low,low,True
NBO-0032,-1.315429,36.938988,informal_iron_sheet,RP5,5,0.2,670000.0,0.004,proxy,0.035210084170103,0.1917471835398378,0.1264473942699909,0.035210084170103,0.0,0.0,0.95,0.0,0.0,0.0,38.5,low,medium,True
NBO-0034,-1.306502,36.792338,semi_permanent,RP5,5,0.2,5695000.0,0.04,known_hotspot,0.12514628469944,0.42043533208894657,0.12092692529973016,0.17916178715968842,0.0,0.0,0.9,0.0,0.0,0.0,44.3,low,medium,True
NBO-0035,-1.259929,36.817481,semi_permanent,RP5,5,0.2,3940000.0,0.1,ml_model,0.0,0.7406144563177521,0.10786548350137071,0.3112400568716592,0.0,0.0,0.9,0.0,0.0,0.0,85.5,high,low,True
NBO-0036,-1.256369,36.829457,permanent_masonry,RP5,5,0.2,31480000.0,0.1,proxy,0.3459735810756683,0.2405682064633302,0.1486538162439744,0.3459735810756683,0.0,0.0,0.85,0.0,0.0,0.0,89.2,high,medium,True
NBO-0037,-1.331936,36.925473,informal_iron_sheet,RP5,5,0.2,780000.0,0.1,ml_model,0.0,0.7539539589099131,0.11310413926497825,0.316845925768772,0.0,0.0,0.95,0.0,0.0,0.0,91.3,very_high,low,True
NBO-0038,-1.257297,36.878574,permanent_masonry,RP5,5,0.2,57240000.0,0.1,ml_model,0.0550626032054424,0.7349021183940724,0.12165400036602726,0.3088394712969787,0.0,0.0,0.85,0.0,0.0,0.0,80.8,high,high,True
NBO-0039,-1.265985,36.799534,informal_iron_sheet,RP5,5,0.2,1500000.0,0.04,ml_model,0.0,0.6562749118255679,0.09652636112291851,0.27579672410876876,0.0,0.0,0.95,0.0,0.0,0.0,79.3,high,low,True
NBO-0040,-1.313586,36.81551,concrete_rcc,RP5,5,0.2,341070000.0,0.01,known_hotspot,0.1382979452610016,0.4843046623768014,0.11627422504465829,0.16320461456798263,0.0,0.0,0.8,0.0,0.0,0.0,43.0,low,medium,True
NBO-0041,-1.347614,36.723077,concrete_rcc,RP5,5,0.2,263095000.0,0.0,none,0.0,0.0025454067751920478,0.004293682533524385,0.0,0.0,0.0,0.8,0.0,0.0,0.0,0.0,negligible,medium,True
NBO-0042,-1.216402,36.823009,semi_permanent,RP5,5,0.2,3535000.0,0.04,ml_model,0.0,0.6325488913137273,0.1610409732655462,0.2658259654900966,0.0,0.0,0.9,0.0,0.0,0.0,69.3,medium,low,True
NBO-0043,-1.272502,36.757256,semi_permanent,RP5,5,0.2,3605000.0,0.04,ml_model,0.0,0.5509816559179808,0.12249949681691857,0.23154768376486903,0.0,0.0,0.9,0.0,0.0,0.0,56.7,medium,low,True
NBO-0044,-1.266109,36.723283,semi_permanent,RP5,5,0.2,3690000.0,0.0,none,0.0,0.3984844184127737,0.12377941928816577,0.0,0.0,0.0,0.9,0.0,0.0,0.0,0.0,negligible,medium,True
NBO-0045,-1.286932,36.722819,concrete_rcc,RP5,5,0.2,427250000.0,0.01,proxy,0.130946010351181,0.0869349704387955,0.06004084086217655,0.130946010351181,0.0,0.0,0.8,0.0,0.0,0.0,41.8,low,medium,True
NBO-0046,-1.288172,36.753956,permanent_masonry,RP5,5,0.2,76160000.0,0.004,known_hotspot,0.0,0.34074679487663306,0.11454451313557062,0.03578829206206638,0.0,0.0,0.85,0.0,0.0,0.0,37.3,low,medium,True
NBO-0047,-1.253496,36.874782,permanent_masonry,RP5,5,0.2,34465000.0,0.04,proxy,0.2410086989402771,0.5571729747852936,0.20253547647302728,0.2410086989402771,0.0,0.0,0.85,0.0,0.0,0.0,53.8,medium,medium,True
NBO-0048,-1.255831,36.744796,permanent_masonry,RP5,5,0.2,43405000.0,0.0,none,0.0,0.0103431321892681,0.007635682392707464,0.0,0.0,0.0,0.85,0.0,0.0,0.0,0.0,negligible,medium,True
NBO-0049,-1.289351,36.842097,concrete_rcc,RP5,5,0.2,716255000.0,0.04,ml_model,0.1021496728062629,0.6039094186102759,0.12262018502920688,0.2537903496079619,0.0,0.0,0.8,0.0,0.0,0.0,48.7,low,low,True
NBO-0050,-1.251175,36.850655,informal_iron_sheet,RP5,5,0.2,795000.0,0.1,ml_model,0.0,0.8477311024978804,0.06592686480126493,0.35625536917701445,0.0,0.0,0.95,0.0,0.0,0.0,95.0,very_high,low,True
NBO-0051,-1.288834,36.941566,concrete_rcc,RP5,5,0.2,706790000.0,0.04,proxy,0.249496653676033,0.5088684281421402,0.14112591569055052,0.249496653676033,0.0,0.0,0.8,0.0,0.0,0.0,47.2,low,high,True
NBO-0052,-1.274863,36.81455,semi_permanent,RP5,5,0.2,4795000.0,0.04,ml_model,0.0522333420813083,0.6047193799483984,0.14087527556830573,0.2541307323952416,0.0,0.0,0.9,0.0,0.0,0.0,65.2,medium,low,True
NBO-0053,-1.288657,36.893632,informal_iron_sheet,RP5,5,0.2,805000.0,0.1,ml_model,0.0,0.7189170376160721,0.1413716574398448,0.30212180948521905,0.0,0.0,0.95,0.0,0.0,0.0,88.5,high,low,True
NBO-0054,-1.345737,36.708724,informal_iron_sheet,RP5,5,0.2,1860000.0,0.0,none,0.0,0.24099148354047226,0.09214568639853536,0.0,0.0,0.0,0.95,0.0,0.0,0.0,0.0,negligible,medium,True
NBO-0055,-1.338598,36.861152,informal_iron_sheet,RP5,5,0.2,695000.0,0.04,ml_model,0.1093970388174057,0.5552198745464051,0.1254464622816848,0.23332877701209478,0.0,0.0,0.95,0.0,0.0,0.0,66.3,medium,low,True
NBO-0056,-1.195179,36.945076,permanent_masonry,RP5,5,0.2,45575000.0,0.04,proxy,0.269245445728302,0.5950097673624922,0.12199894027890965,0.269245445728302,0.0,0.0,0.85,0.0,0.0,0.0,63.7,medium,high,True
NBO-0057,-1.269395,36.711846,permanent_masonry,RP5,5,0.2,88405000.0,0.04,ml_model,0.0048050079494714,0.5529667916882715,0.13244868663029516,0.23238192857979628,0.0,0.0,0.85,0.0,0.0,0.0,51.5,medium,low,True
NBO-0058,-1.326314,36.926912,semi_permanent,RP5,5,0.2,4960000.0,0.04,ml_model,0.0,0.6389520595164425,0.11275669897807071,0.26851686953412573,0.0,0.0,0.9,0.0,0.0,0.0,70.0,medium,low,True
NBO-0059,-1.242227,36.738945,permanent_masonry,RP5,5,0.2,31905000.0,0.0,none,0.0,0.035400316581336515,0.024173730134887727,0.0,0.0,0.0,0.85,0.0,0.0,0.0,0.0,negligible,medium,True
NBO-0060,-1.207116,36.868812,semi_permanent,RP5,5,0.2,6050000.0,0.1,ml_model,0.0506880469620227,0.7684668447298678,0.12816990272817216,0.3229449039475569,0.0,0.0,0.9,0.0,0.0,0.0,88.8,high,low,True
NBO-0061,-1.290067,36.706319,semi_permanent,RP5,5,0.2,5495000.0,0.0,none,0.0,0.2565585809112713,0.08912564019567883,0.0,0.0,0.0,0.9,0.0,0.0,0.0,0.0,negligible,medium,True
NBO-0062,-1.278869,36.715366,semi_permanent,RP5,5,0.2,6215000.0,0.0,none,0.0,0.49855263288562857,0.1436385104497038,0.0,0.0,0.0,0.9,0.0,0.0,0.0,0.0,negligible,medium,True
NBO-0063,-1.194166,36.733674,semi_permanent,RP5,5,0.2,2720000.0,0.0,none,0.0,0.008495456467683241,0.006937121015518223,0.0,0.0,0.0,0.9,0.0,0.0,0.0,0.0,negligible,medium,True
NBO-0064,-1.192382,36.925331,informal_iron_sheet,RP5,5,0.2,1520000.0,0.1,ml_model,0.0937099829316139,0.8418245372765837,0.08137167404117278,0.3537731604114272,0.0,0.0,0.95,0.0,0.0,0.0,94.5,very_high,low,True
NBO-0065,-1.209508,36.895722,permanent_masonry,RP5,5,0.2,107485000.0,0.1,ml_model,0.1351150274276733,0.780503397816741,0.09682919520245897,0.32800321388917364,0.0,0.0,0.85,0.0,0.0,0.0,85.0,high,low,True
NBO-0066,-1.272078,36.865447,informal_iron_sheet,RP5,5,0.2,1120000.0,0.1,ml_model,0.0418705083429813,0.7323376823200486,0.09533735616005297,0.3077617780076913,0.0,0.0,0.95,0.0,0.0,0.0,89.5,high,low,True
NBO-0067,-1.290213,36.862364,informal_iron_sheet,RP5,5,0.2,1155000.0,0.04,ml_model,0.0,0.6236234989098738,0.1414121282766606,0.26207510751577506,0.0,0.0,0.95,0.0,0.0,0.0,76.0,high,low,True
NBO-0068,-1.339728,36.77344,informal_iron_sheet,RP5,5,0.2,1240000.0,0.0,none,0.0,0.014201682609880808,0.009034632111365805,0.0,0.0,0.0,0.95,0.0,0.0,0.0,0.0,negligible,medium,True
NBO-0069,-1.22829,36.832026,semi_permanent,RP5,5,0.2,5025000.0,0.04,ml_model,0.0,0.6228036461133033,0.19373904701959824,0.2617305678853989,0.0,0.0,0.9,0.0,0.0,0.0,68.3,medium,low,True
NBO-0070,-1.316407,36.820467,permanent_masonry,RP5,5,0.2,34970000.0,0.004,known_hotspot,0.0,0.4930510812722062,0.09412850618564753,0.08160008671859882,0.0,0.0,0.85,0.0,0.0,0.0,39.8,low,medium,True
NBO-0072,-1.203775,36.813551,concrete_rcc,RP5,5,0.2,1196260000.0,0.0,none,0.0,0.0173132863698468,0.009913806303497297,0.0,0.0,0.0,0.8,0.0,0.0,0.0,0.0,negligible,medium,True
NBO-0073,-1.265598,36.886731,semi_permanent,RP5,5,0.2,3550000.0,0.1,proxy,0.3062759339809418,0.47609456891987767,0.12034812353621414,0.3062759339809418,0.0,0.0,0.9,0.0,0.0,0.0,83.7,high,medium,True
NBO-0074,-1.246897,36.789663,semi_permanent,RP5,5,0.2,3200000.0,0.1,known_hotspot,0.0,0.5410123463528012,0.17957853535820584,0.3047326061625772,0.0,0.0,0.9,0.0,0.0,0.0,83.3,high,high,True
NBO-0076,-1.305358,36.913093,informal_iron_sheet,RP5,5,0.2,995000.0,0.04,ml_model,0.0,0.5722435164396048,0.10197296932506375,0.24048288968948628,0.0,0.0,0.95,0.0,0.0,0.0,69.0,medium,low,True
NBO-0077,-1.298235,36.947971,informal_iron_sheet,RP5,5,0.2,510000.0,0.01,proxy,0.1006443053483963,0.25085333303413715,0.12517883791586792,0.1006443053483963,0.0,0.0,0.95,0.0,0.0,0.0,42.2,low,medium,True
NBO-0078,-1.297084,36.756761,permanent_masonry,RP5,5,0.2,71955000.0,0.0,none,0.0,0.4697302190238303,0.1383671398476014,0.0,0.0,0.0,0.85,0.0,0.0,0.0,0.0,negligible,medium,True
NBO-0080,-1.204947,36.819248,concrete_rcc,RP5,5,0.2,534130000.0,0.004,proxy,0.0685459449887275,0.019945752403925873,0.01480347624520731,0.0685459449887275,0.0,0.0,0.8,0.0,0.0,0.0,38.0,low,medium,True
NBO-0081,-1.223301,36.827346,informal_iron_sheet,RP5,5,0.2,1670000.0,0.04,ml_model,0.0,0.6233596263451259,0.1768605404724369,0.26196421619930343,0.0,0.0,0.95,0.0,0.0,0.0,75.7,high,low,True
NBO-0082,-1.245203,36.83545,informal_iron_sheet,RP5,5,0.2,1090000.0,0.04,ml_model,0.0,0.6353995907166355,0.11679088656218498,0.26702395971869497,0.0,0.0,0.95,0.0,0.0,0.0,77.5,high,low,True
NBO-0083,-1.334989,36.72296,semi_permanent,RP5,5,0.2,3375000.0,0.0,none,0.0,0.0005018599749097458,0.0014286389621417043,0.0,0.0,0.0,0.9,0.0,0.0,0.0,0.0,negligible,medium,True
NBO-0084,-1.286346,36.920269,permanent_masonry,RP5,5,0.2,66900000.0,0.04,ml_model,0.1707343310117721,0.6402314050501308,0.1431416172197696,0.26905450902153644,0.0,0.0,0.85,0.0,0.0,0.0,63.5,medium,low,True
NBO-0085,-1.273428,36.851099,concrete_rcc,RP5,5,0.2,491280000.0,0.0,none,0.0,0.3522773218369387,0.12769587727207685,0.0,0.0,0.0,0.8,0.0,0.0,0.0,0.0,negligible,medium,True
NBO-0086,-1.232924,36.726327,informal_iron_sheet,RP5,5,0.2,1010000.0,0.0,none,0.0,0.0031434477913934184,0.005324723436082269,0.0,0.0,0.0,0.95,0.0,0.0,0.0,0.0,negligible,medium,True
NBO-0088,-1.269745,36.728359,permanent_masonry,RP5,5,0.2,69520000.0,0.04,ml_model,0.0,0.5233575222425938,0.1024986921346111,0.21993875976559324,0.0,0.0,0.85,0.0,0.0,0.0,48.8,low,low,True
NBO-0089,-1.212553,36.795312,permanent_masonry,RP5,5,0.2,32095000.0,0.04,proxy,0.238679438829422,0.28850404968191623,0.12806048931909358,0.238679438829422,0.0,0.0,0.85,0.0,0.0,0.0,53.3,medium,medium,True
NBO-0090,-1.272165,36.867382,semi_permanent,RP5,5,0.2,3080000.0,0.1,ml_model,0.0762653052806854,0.6933777186924187,0.10375486477348116,0.29138901996638883,0.0,0.0,0.9,0.0,0.0,0.0,78.8,high,low,True
NBO-0092,-1.333203,36.716242,semi_permanent,RP5,5,0.2,4880000.0,0.0,none,0.0,0.0015810350579657116,0.0034420101443953157,0.0,0.0,0.0,0.9,0.0,0.0,0.0,0.0,negligible,medium,True
NBO-0093,-1.299334,36.855565,informal_iron_sheet,RP5,5,0.2,1040000.0,0.0,none,0.0,0.3798144607683111,0.11685335955788033,0.0,0.0,0.0,0.95,0.0,0.0,0.0,0.0,negligible,medium,True
NBO-0094,-1.271576,36.791682,informal_iron_sheet,RP5,5,0.2,695000.0,0.04,ml_model,0.1444067060947418,0.5578829556422151,0.13760614391056727,0.2344479254497782,0.0,0.0,0.95,0.0,0.0,0.0,66.7,medium,low,True
NBO-0095,-1.224116,36.795335,semi_permanent,RP5,5,0.2,4705000.0,0.01,proxy,0.158087283372879,0.34923770041897795,0.14898335310583044,0.158087283372879,0.0,0.0,0.9,0.0,0.0,0.0,44.0,low,medium,True
NBO-0096,-1.201989,36.740738,informal_iron_sheet,RP5,5,0.2,1010000.0,0.0,none,0.0,0.03584491169132114,0.01811857217914306,0.0,0.0,0.0,0.95,0.0,0.0,0.0,0.0,negligible,medium,True
NBO-0097,-1.279198,36.745978,semi_permanent,RP5,5,0.2,5565000.0,0.04,ml_model,0.0,0.506622428210786,0.16345190756633354,0.21290590809252552,0.0,0.0,0.9,0.0,0.0,0.0,50.2,medium,low,True
NBO-0098,-1.29751,36.948272,semi_permanent,RP5,5,0.2,5545000.0,0.004,proxy,0.0561462230980396,0.30788207618137436,0.1403779612965136,0.0561462230980396,0.0,0.0,0.9,0.0,0.0,0.0,39.0,low,medium,True
NBO-0099,-1.260843,36.851111,concrete_rcc,RP5,5,0.2,543755000.0,0.04,ml_model,0.1666184812784195,0.6624114384364733,0.1573627942795864,0.2783755731645496,0.0,0.0,0.8,0.0,0.0,0.0,53.0,medium,low,True
NBO-0100,-1.286345,36.846856,semi_permanent,RP5,5,0.2,7865000.0,0.04,ml_model,0.1653144210577011,0.5225756736374235,0.15591045557039732,0.2196101912340686,0.0,0.0,0.9,0.0,0.0,0.0,52.3,medium,low,True
NBO-0101,-1.30844,36.895244,informal_iron_sheet,RP5,5,0.2,1235000.0,0.1,known_hotspot,0.1572722345590591,0.6088399236938693,0.15569011864430402,0.3030995925958275,0.0,0.0,0.95,0.0,0.0,0.0,88.7,high,high,True
NBO-0102,-1.222723,36.795885,semi_permanent,RP5,5,0.2,2150000.0,0.04,ml_model,0.0230146870017051,0.5726595922715308,0.1343995413657963,0.24065774377785423,0.0,0.0,0.9,0.0,0.0,0.0,60.7,medium,low,True
NBO-0103,-1.306432,36.73854,semi_permanent,RP5,5,0.2,2925000.0,0.0,none,0.0,0.3121650312146827,0.12512646744492775,0.0,0.0,0.0,0.9,0.0,0.0,0.0,0.0,negligible,medium,True
NBO-0104,-1.226248,36.851791,permanent_masonry,RP5,5,0.2,36035000.0,0.04,ml_model,0.0,0.5641731683380858,0.12998268824276013,0.23709136042528678,0.0,0.0,0.85,0.0,0.0,0.0,52.8,medium,low,True
NBO-0105,-1.23934,36.801209,permanent_masonry,RP5,5,0.2,43850000.0,0.0,none,0.0,0.06843059957986865,0.03518859396880359,0.0,0.0,0.0,0.85,0.0,0.0,0.0,0.0,negligible,medium,True
NBO-0106,-1.296068,36.800864,semi_permanent,RP5,5,0.2,3435000.0,0.004,proxy,0.0255433842539787,0.21329058272590232,0.0869102887299219,0.0255433842539787,0.0,0.0,0.9,0.0,0.0,0.0,36.8,low,medium,True
NBO-0107,-1.213736,36.721958,permanent_masonry,RP5,5,0.2,55225000.0,0.0,none,0.0,0.0007406019269593149,0.0015528481815348615,0.0,0.0,0.0,0.85,0.0,0.0,0.0,0.0,negligible,medium,True
NBO-0108,-1.295765,36.805226,semi_permanent,RP5,5,0.2,4520000.0,0.0,none,0.0,0.3112908491768503,0.1005339305757571,0.0,0.0,0.0,0.9,0.0,0.0,0.0,0.0,negligible,medium,True
NBO-0109,-1.207673,36.712984,informal_iron_sheet,RP5,5,0.2,1090000.0,0.0,none,0.0,0.00022599209496522568,0.0010401236136964075,0.0,0.0,0.0,0.95,0.0,0.0,0.0,0.0,negligible,medium,True
NBO-0110,-1.238154,36.925489,semi_permanent,RP5,5,0.2,7450000.0,0.04,ml_model,0.2431769371032714,0.6154117691517025,0.18781091202819256,0.2586241632152072,0.0,0.0,0.9,0.0,0.0,0.0,67.0,medium,low,True
NBO-0111,-1.334044,36.793712,informal_iron_sheet,RP5,5,0.2,1090000.0,0.0,none,0.0,0.07322167344910052,0.03948665925300725,0.0,0.0,0.0,0.95,0.0,0.0,0.0,0.0,negligible,medium,True
NBO-0112,-1.271695,36.878829,permanent_masonry,RP5,5,0.2,27190000.0,0.04,ml_model,0.1458158493041992,0.5705800826149109,0.11715724670951527,0.23978383874093465,0.0,0.0,0.85,0.0,0.0,0.0,53.5,medium,low,True
NBO-0113,-1.317103,36.847082,permanent_masonry,RP5,5,0.2,78030000.0,0.04,ml_model,0.0978768467903137,0.6640036846258782,0.12629599774298308,0.27904470781391627,0.0,0.0,0.85,0.0,0.0,0.0,66.2,medium,low,True
NBO-0114,-1.268416,36.810036,permanent_masonry,RP5,5,0.2,72885000.0,0.04,ml_model,0.0,0.6624108259953618,0.0871312413197307,0.27837531578879254,0.0,0.0,0.85,0.0,0.0,0.0,65.7,medium,high,True
NBO-0115,-1.340624,36.784613,semi_permanent,RP5,5,0.2,5820000.0,0.0,none,0.0,0.013482710689090332,0.012100662237530467,0.0,0.0,0.0,0.9,0.0,0.0,0.0,0.0,negligible,medium,True
NBO-0116,-1.335686,36.707985,informal_iron_sheet,RP5,5,0.2,970000.0,0.0,none,0.0,0.13225317808584813,0.06100983455369176,0.0,0.0,0.0,0.95,0.0,0.0,0.0,0.0,negligible,medium,True
NBO-0117,-1.258956,36.863648,informal_iron_sheet,RP5,5,0.2,1470000.0,0.04,ml_model,0.1767629981040954,0.6287367304193461,0.18288853531518726,0.26422392118290033,0.0,0.0,0.95,0.0,0.0,0.0,76.7,high,low,True
NBO-0118,-1.228914,36.724864,semi_permanent,RP5,5,0.2,6680000.0,0.0,none,0.0,0.001275776044950714,0.0020891923829455643,0.0,0.0,0.0,0.9,0.0,0.0,0.0,0.0,negligible,medium,True
NBO-0119,-1.321806,36.758701,semi_permanent,RP5,5,0.2,3215000.0,0.004,proxy,0.0631742551922798,0.3532737803797209,0.10188290591151827,0.0631742551922798,0.0,0.0,0.9,0.0,0.0,0.0,39.7,low,medium,True
NBO-0120,-1.255807,36.939727,informal_iron_sheet,RP5,5,0.2,1230000.0,0.1,ml_model,0.1707080602645874,0.7588322469962361,0.12741444700006602,0.3188960054674217,0.0,0.0,0.95,0.0,0.0,0.0,92.0,very_high,low,True
NBO-0121,-1.229133,36.79396,permanent_masonry,RP5,5,0.2,38180000.0,0.04,ml_model,0.0,0.524675839830389,0.14619231586384632,0.22049277709201745,0.0,0.0,0.85,0.0,0.0,0.0,49.2,low,low,True
NBO-0122,-1.207446,36.790624,semi_permanent,RP5,5,0.2,3745000.0,0.04,ml_model,0.0,0.5118601121643865,0.18792074206676646,0.21510702236688017,0.0,0.0,0.9,0.0,0.0,0.0,50.8,medium,low,True
NBO-0124,-1.181446,36.767437,informal_iron_sheet,RP5,5,0.2,930000.0,0.0,none,0.0,0.3659644793000544,0.116879148057461,0.0,0.0,0.0,0.95,0.0,0.0,0.0,0.0,negligible,medium,True
NBO-0125,-1.183533,36.792047,informal_iron_sheet,RP5,5,0.2,900000.0,0.0,none,0.0,0.09965233876925406,0.0433316202785814,0.0,0.0,0.0,0.95,0.0,0.0,0.0,0.0,negligible,medium,True
NBO-0126,-1.210898,36.776869,informal_iron_sheet,RP5,5,0.2,925000.0,0.04,proxy,0.2796441912651062,0.16142656294927132,0.10741335780035154,0.2796441912651062,0.0,0.0,0.95,0.0,0.0,0.0,80.2,high,medium,True
NBO-0127,-1.290697,36.873831,semi_permanent,RP5,5,0.2,3180000.0,0.04,ml_model,0.0345160253345966,0.5121227462114275,0.1355522567346533,0.21521739320158395,0.0,0.0,0.9,0.0,0.0,0.0,51.0,medium,low,True
NBO-0128,-1.321205,36.719321,informal_iron_sheet,RP5,5,0.2,910000.0,0.0,none,0.0,0.0056082231108103495,0.006464267554504395,0.0,0.0,0.0,0.95,0.0,0.0,0.0,0.0,negligible,medium,True
NBO-0129,-1.316017,36.795227,informal_iron_sheet,RP5,5,0.2,1550000.0,0.1,ml_model,0.0,0.7615380348545128,0.1304778601147249,0.3200331012393295,0.0,0.0,0.95,0.0,0.0,0.0,92.5,very_high,low,True
NBO-0130,-1.194198,36.949316,concrete_rcc,RP5,5,0.2,958965000.0,0.1,proxy,0.2919898331165313,0.6194855649584395,0.14575106152186373,0.2919898331165313,0.0,0.0,0.8,0.0,0.0,0.0,59.3,medium,high,True
NBO-0131,-1.340893,36.860238,permanent_masonry,RP5,5,0.2,83420000.0,0.04,ml_model,0.1200344860553741,0.6378434104426652,0.14492293693404684,0.2680509645037423,0.0,0.0,0.85,0.0,0.0,0.0,63.0,medium,low,True
NBO-0132,-1.27855,36.818788,semi_permanent,RP5,5,0.2,5665000.0,0.04,ml_model,0.0129572013393044,0.6038716857922386,0.16652255772847985,0.2537744925526051,0.0,0.0,0.9,0.0,0.0,0.0,65.0,medium,low,True
NBO-0133,-1.207541,36.772299,permanent_masonry,RP5,5,0.2,25915000.0,0.04,ml_model,0.0,0.6518944027697072,0.17065317174746,0.27395583391814043,0.0,0.0,0.85,0.0,0.0,0.0,64.7,medium,low,True
NBO-0134,-1.313321,36.705669,permanent_masonry,RP5,5,0.2,53635000.0,0.0,none,0.0,0.17310490334105394,0.07512182491884763,0.0,0.0,0.0,0.85,0.0,0.0,0.0,0.0,negligible,medium,True
NBO-0135,-1.328732,36.927373,semi_permanent,RP5,5,0.2,4760000.0,0.04,ml_model,0.1276225000619888,0.5191583324889157,0.12245524532467172,0.2181740682360116,0.0,0.0,0.9,0.0,0.0,0.0,51.7,medium,low,True
NBO-0136,-1.308288,36.930201,informal_iron_sheet,RP5,5,0.2,1520000.0,0.04,ml_model,0.0894166082143783,0.6223578368329097,0.12090486402426125,0.261543218442514,0.0,0.0,0.95,0.0,0.0,0.0,75.5,high,low,True
NBO-0137,-1.229656,36.944629,semi_permanent,RP5,5,0.2,3300000.0,0.1,proxy,0.290000319480896,0.45135313570259117,0.16893141148578422,0.290000319480896,0.0,0.0,0.9,0.0,0.0,0.0,78.2,high,medium,True
NBO-0138,-1.243781,36.81987,semi_permanent,RP5,5,0.2,4115000.0,0.1,ml_model,0.0,0.6841737799076824,0.13682661078424196,0.2875211040671405,0.0,0.0,0.9,0.0,0.0,0.0,77.3,high,low,True
NBO-0139,-1.33467,36.848323,permanent_masonry,RP5,5,0.2,67680000.0,0.0,none,0.0,0.298874780525084,0.10257596869950052,0.0,0.0,0.0,0.85,0.0,0.0,0.0,0.0,negligible,medium,True
NBO-0140,-1.324226,36.772249,permanent_masonry,RP5,5,0.2,49900000.0,0.0,none,0.0,0.4220355100846752,0.144427106562328,0.0,0.0,0.0,0.85,0.0,0.0,0.0,0.0,negligible,medium,True
NBO-0142,-1.257697,36.845664,semi_permanent,RP5,5,0.2,4885000.0,0.1,ml_model,0.0,0.8097834362306842,0.10123007563301888,0.3403080247707616,0.0,0.0,0.9,0.0,0.0,0.0,91.8,very_high,low,True
NBO-0143,-1.227186,36.774168,informal_iron_sheet,RP5,5,0.2,1100000.0,0.0,none,0.0,0.05486072842800128,0.030677625853041526,0.0,0.0,0.0,0.95,0.0,0.0,0.0,0.0,negligible,medium,True
NBO-0144,-1.310914,36.773765,concrete_rcc,RP5,5,0.2,760755000.0,0.04,ml_model,0.0,0.5539870425585997,0.1892081523553782,0.23281068464335342,0.0,0.0,0.8,0.0,0.0,0.0,45.7,low,low,True
NBO-0145,-1.25898,36.789057,semi_permanent,RP5,5,0.2,3425000.0,0.1,ml_model,0.0,0.679411626970693,0.11591815739320153,0.2855198296681647,0.0,0.0,0.9,0.0,0.0,0.0,75.8,high,low,True
NBO-0146,-1.209838,36.867674,concrete_rcc,RP5,5,0.2,266365000.0,0.1,ml_model,0.0,0.861789658578926,0.0666063856713733,0.3621634172266744,0.0,0.0,0.8,0.0,0.0,0.0,83.2,high,low,True
NBO-0147,-1.186506,36.892392,informal_iron_sheet,RP5,5,0.2,2210000.0,0.1,ml_model,0.1754363030195236,0.7026063100673197,0.14139466183625635,0.2952672960111885,0.0,0.0,0.95,0.0,0.0,0.0,86.0,high,low,True
NBO-0148,-1.221177,36.725933,informal_iron_sheet,RP5,5,0.2,925000.0,0.0,none,0.0,0.0012179164291206798,0.002315837538437121,0.0,0.0,0.0,0.95,0.0,0.0,0.0,0.0,negligible,medium,True
NBO-0150,-1.315498,36.888282,informal_iron_sheet,RP5,5,0.2,635000.0,0.1,ml_model,0.0480966456234455,0.6729927924058854,0.12417252473523656,0.2828223419024879,0.0,0.0,0.95,0.0,0.0,0.0,81.0,high,low,True
NBO-0151,-1.26734,36.901219,concrete_rcc,RP5,5,0.2,1108710000.0,0.1,ml_model,0.0129179852083325,0.7906344535117883,0.11525401613421414,0.3322607467037149,0.0,0.0,0.8,0.0,0.0,0.0,76.2,high,low,True
NBO-0152,-1.184332,36.749384,informal_iron_sheet,RP5,5,0.2,1110000.0,0.0,none,0.0,0.06769860311807684,0.029326944734584498,0.0,0.0,0.0,0.95,0.0,0.0,0.0,0.0,negligible,medium,True
NBO-0153,-1.245369,36.735718,permanent_masonry,RP5,5,0.2,64995000.0,0.0,none,0.0,0.01967377381252584,0.01694105708214196,0.0,0.0,0.0,0.85,0.0,0.0,0.0,0.0,negligible,medium,True
NBO-0154,-1.324387,36.883553,permanent_masonry,RP5,5,0.2,40495000.0,0.0,none,0.0,0.14055168201168927,0.06845388830172706,0.0,0.0,0.0,0.85,0.0,0.0,0.0,0.0,negligible,medium,True
NBO-0155,-1.284631,36.934741,permanent_masonry,RP5,5,0.2,72965000.0,0.04,ml_model,0.1744741797447204,0.5833721264539601,0.11467420781169463,0.24515964043911573,0.0,0.0,0.85,0.0,0.0,0.0,55.0,medium,low,True
NBO-0156,-1.31803,36.786682,semi_permanent,RP5,5,0.2,4130000.0,0.1,known_hotspot,0.0292692780494689,0.6740743330662681,0.12878523279025103,0.31462171766705826,0.0,0.0,0.9,0.0,0.0,0.0,87.0,high,high,True
NBO-0157,-1.209491,36.725,permanent_masonry,RP5,5,0.2,36455000.0,0.0,none,0.0,0.0024004458362474656,0.0039672414619155655,0.0,0.0,0.0,0.85,0.0,0.0,0.0,0.0,negligible,medium,True
NBO-0158,-1.323821,36.781637,concrete_rcc,RP5,5,0.2,376910000.0,0.04,ml_model,0.0,0.5860966945811628,0.15930772058820616,0.24630462853869645,0.0,0.0,0.8,0.0,0.0,0.0,46.7,low,low,True
NBO-0159,-1.2755,36.909436,concrete_rcc,RP5,5,0.2,523215000.0,0.1,ml_model,0.0515363663434982,0.7839780105023499,0.09401027535640803,0.32946340500568616,0.0,0.0,0.8,0.0,0.0,0.0,74.8,medium,high,True
NBO-0160,-1.267116,36.905938,semi_permanent,RP5,5,0.2,5905000.0,0.04,ml_model,0.0737608298659324,0.6646256893992429,0.10849396419037599,0.2793061026589467,0.0,0.0,0.9,0.0,0.0,0.0,72.3,medium,low,True
NBO-0161,-1.264529,36.758589,informal_iron_sheet,RP5,5,0.2,1240000.0,0.04,ml_model,0.0,0.5146561676750533,0.11639516325332852,0.2162820527335341,0.0,0.0,0.95,0.0,0.0,0.0,58.2,medium,low,True
NBO-0162,-1.207852,36.738724,permanent_masonry,RP5,5,0.2,33235000.0,0.0,none,0.0,0.02199034432340677,0.012769741574912162,0.0,0.0,0.0,0.85,0.0,0.0,0.0,0.0,negligible,medium,True
NBO-0163,-1.342246,36.823872,informal_iron_sheet,RP5,5,0.2,900000.0,0.0,none,0.0,0.480609051232946,0.11519089636820308,0.0,0.0,0.0,0.95,0.0,0.0,0.0,0.0,negligible,medium,True
NBO-0164,-1.318571,36.780133,semi_permanent,RP5,5,0.2,4000000.0,0.04,ml_model,0.0,0.572817804508535,0.179096325415964,0.2407242317936132,0.0,0.0,0.9,0.0,0.0,0.0,60.8,medium,low,True
NBO-0165,-1.315888,36.912665,informal_iron_sheet,RP5,5,0.2,1320000.0,0.004,proxy,0.0557259246706962,0.12186875446355144,0.08189222081001894,0.0557259246706962,0.0,0.0,0.95,0.0,0.0,0.0,40.3,low,medium,True
NBO-0166,-1.273681,36.816244,informal_iron_sheet,RP5,5,0.2,630000.0,0.04,ml_model,0.0,0.6322840540579293,0.13155964879245166,0.2657146687663382,0.0,0.0,0.95,0.0,0.0,0.0,77.0,high,low,True
NBO-0167,-1.194379,36.756692,informal_iron_sheet,RP5,5,0.2,1245000.0,0.004,proxy,0.0631651803851127,0.4029223920217416,0.13348905897229668,0.0631651803851127,0.0,0.0,0.95,0.0,0.0,0.0,40.5,low,medium,True
NBO-0168,-1.226041,36.807618,permanent_masonry,RP5,5,0.2,56855000.0,0.04,ml_model,0.0,0.6327615139831927,0.09906724613338844,0.2659153192573261,0.0,0.0,0.85,0.0,0.0,0.0,62.0,medium,low,True
NBO-0169,-1.274509,36.755653,semi_permanent,RP5,5,0.2,3735000.0,0.04,ml_model,0.0,0.5447928983874328,0.1226075705199948,0.22894688488855566,0.0,0.0,0.9,0.0,0.0,0.0,55.5,medium,low,True
NBO-0170,-1.292702,36.875973,informal_iron_sheet,RP5,5,0.2,1245000.0,0.0,none,0.0,0.16502890780061485,0.07052291332936769,0.0,0.0,0.0,0.95,0.0,0.0,0.0,0.0,negligible,medium,True
NBO-0171,-1.212602,36.943006,permanent_masonry,RP5,5,0.2,136925000.0,0.04,ml_model,0.2369648814201355,0.6402087197909057,0.14100792632727624,0.2690449756383961,0.0,0.0,0.85,0.0,0.0,0.0,63.3,medium,low,True
NBO-0172,-1.240316,36.852111,permanent_masonry,RP5,5,0.2,93240000.0,0.04,ml_model,0.0,0.5868000690716118,0.1261750199091788,0.2466002186592267,0.0,0.0,0.85,0.0,0.0,0.0,55.8,medium,low,True
NBO-0173,-1.230335,36.759392,permanent_masonry,RP5,5,0.2,53255000.0,0.0,none,0.0,0.0677255229652451,0.036716949605533455,0.0,0.0,0.0,0.85,0.0,0.0,0.0,0.0,negligible,medium,True
NBO-0174,-1.198222,36.903014,semi_permanent,RP5,5,0.2,4610000.0,0.1,ml_model,0.1815550923347473,0.6697508059360318,0.16713762533200752,0.2814599109579568,0.0,0.0,0.9,0.0,0.0,0.0,73.2,medium,low,True
NBO-0175,-1.341161,36.791211,concrete_rcc,RP5,5,0.2,457070000.0,0.0,none,0.0,0.02867627594885297,0.013941420678822043,0.0,0.0,0.0,0.8,0.0,0.0,0.0,0.0,negligible,medium,True
NBO-0176,-1.212321,36.722038,informal_iron_sheet,RP5,5,0.2,1370000.0,0.0,none,0.0,0.0008555970267328925,0.0016483718125827,0.0,0.0,0.0,0.95,0.0,0.0,0.0,0.0,negligible,medium,True
NBO-0177,-1.182082,36.738428,permanent_masonry,RP5,5,0.2,102100000.0,0.0,none,0.0,0.0072427297668969486,0.004808858571331609,0.0,0.0,0.0,0.85,0.0,0.0,0.0,0.0,negligible,medium,True
NBO-0178,-1.265205,36.79272,permanent_masonry,RP5,5,0.2,19485000.0,0.1,ml_model,0.0,0.6685519668217924,0.11008250620562961,0.2809561039489079,0.0,0.0,0.85,0.0,0.0,0.0,66.8,medium,low,True
NBO-0179,-1.337228,36.908714,semi_permanent,RP5,5,0.2,4500000.0,0.04,ml_model,0.1453894227743148,0.5886480392689482,0.15590688999855037,0.24737682022892296,0.0,0.0,0.9,0.0,0.0,0.0,63.2,medium,low,True
NBO-0180,-1.333631,36.756666,semi_permanent,RP5,5,0.2,5520000.0,0.0,none,0.0,0.021053732443264424,0.0181794308961476,0.0,0.0,0.0,0.9,0.0,0.0,0.0,0.0,negligible,medium,True
NBO-0181,-1.195501,36.89562,informal_iron_sheet,RP5,5,0.2,865000.0,0.04,ml_model,0.1580795347690582,0.6373139219914957,0.14907683699054086,0.2678284492473237,0.0,0.0,0.95,0.0,0.0,0.0,77.7,high,low,True
NBO-0182,-1.319569,36.720591,informal_iron_sheet,RP5,5,0.2,1360000.0,0.0,none,0.0,0.01061667907409155,0.010529957509291065,0.0,0.0,0.0,0.95,0.0,0.0,0.0,0.0,negligible,medium,True
NBO-0183,-1.218746,36.909908,semi_permanent,RP5,5,0.2,4535000.0,0.04,ml_model,0.1909132599830627,0.5556518370769921,0.1545168704852614,0.2335103074176107,0.0,0.0,0.9,0.0,0.0,0.0,57.5,medium,low,True
NBO-0184,-1.221434,36.878747,permanent_masonry,RP5,5,0.2,36975000.0,0.0,none,0.0,0.49444602744499133,0.08853499985791297,0.0,0.0,0.0,0.85,0.0,0.0,0.0,0.0,negligible,medium,True
NBO-0185,-1.28124,36.722067,semi_permanent,RP5,5,0.2,4485000.0,0.0,none,0.0,0.3643583542729904,0.12299037836908715,0.0,0.0,0.0,0.9,0.0,0.0,0.0,0.0,negligible,medium,True
NBO-0186,-1.311268,36.710595,concrete_rcc,RP5,5,0.2,993560000.0,0.0,none,0.0,0.2150178730701556,0.10226860762366476,0.0,0.0,0.0,0.8,0.0,0.0,0.0,0.0,negligible,medium,True
NBO-0187,-1.330025,36.762867,informal_iron_sheet,RP5,5,0.2,805000.0,0.0,none,0.0,0.1030311378664077,0.045908687641358914,0.0,0.0,0.0,0.95,0.0,0.0,0.0,0.0,negligible,medium,True
NBO-0188,-1.301215,36.744807,semi_permanent,RP5,5,0.2,3595000.0,0.0,none,0.0,0.15066547140164446,0.058171322041086757,0.0,0.0,0.0,0.9,0.0,0.0,0.0,0.0,negligible,medium,True
NBO-0189,-1.241874,36.861843,informal_iron_sheet,RP5,5,0.2,900000.0,0.1,ml_model,0.0271627884358167,0.8437708358369794,0.10095106154868834,0.35459108405504414,0.0,0.0,0.95,0.0,0.0,0.0,94.7,very_high,low,True
NBO-0190,-1.20887,36.81776,concrete_rcc,RP5,5,0.2,464040000.0,0.0,none,0.0,0.04990270928856754,0.025523811285984434,0.0,0.0,0.0,0.8,0.0,0.0,0.0,0.0,negligible,medium,True
NBO-0191,-1.267964,36.843265,informal_iron_sheet,RP5,5,0.2,1045000.0,0.1,ml_model,0.0263926498591899,0.7595698689559885,0.12042523023842233,0.3192059879404139,0.0,0.0,0.95,0.0,0.0,0.0,92.2,very_high,low,True
NBO-0192,-1.329844,36.771296,semi_permanent,RP5,5,0.2,4215000.0,0.0,none,0.0,0.013378364051541976,0.012136900940015485,0.0,0.0,0.0,0.9,0.0,0.0,0.0,0.0,negligible,medium,True
NBO-0193,-1.210185,36.944592,permanent_masonry,RP5,5,0.2,88580000.0,0.04,ml_model,0.269862949848175,0.6509329206430833,0.1448803503121492,0.27355177516770857,0.0,0.0,0.85,0.0,0.0,0.0,64.3,medium,low,True
NBO-0194,-1.264517,36.725531,concrete_rcc,RP5,5,0.2,395825000.0,0.0,none,0.0,0.33495746199760396,0.11271389347069087,0.0,0.0,0.0,0.8,0.0,0.0,0.0,0.0,negligible,medium,True
NBO-0195,-1.27448,36.865735,concrete_rcc,RP5,5,0.2,1055700000.0,0.04,ml_model,0.0330983623862266,0.5921143938546377,0.1315740009187123,0.248833540914273,0.0,0.0,0.8,0.0,0.0,0.0,47.0,low,low,True
NBO-0196,-1.224155,36.832879,semi_permanent,RP5,5,0.2,4445000.0,0.04,ml_model,0.0,0.6235879219595843,0.19330390453008856,0.2620601564546164,0.0,0.0,0.9,0.0,0.0,0.0,68.5,medium,low,True
NBO-0197,-1.343618,36.947469,informal_iron_sheet,RP5,5,0.2,2575000.0,0.004,proxy,0.0544748902320861,0.22254085685713798,0.12598699208050107,0.0544748902320861,0.0,0.0,0.95,0.0,0.0,0.0,40.0,low,medium,True
NBO-0198,-1.319233,36.938714,concrete_rcc,RP5,5,0.2,1029420000.0,0.04,ml_model,0.0253351777791976,0.5944822036583357,0.13691840327532342,0.24982860285463576,0.0,0.0,0.8,0.0,0.0,0.0,47.3,low,low,True
NBO-0199,-1.344312,36.819906,permanent_masonry,RP5,5,0.2,32725000.0,0.004,proxy,0.0267174895852804,0.4580335349493864,0.13501424722657654,0.0267174895852804,0.0,0.0,0.85,0.0,0.0,0.0,36.2,low,medium,True
NBO-0200,-1.306727,36.812002,concrete_rcc,RP5,5,0.2,789520000.0,0.1,known_hotspot,0.0343876369297504,0.5408021363096635,0.0678301087934469,0.31569079534273153,0.0,0.0,0.8,0.0,0.0,0.0,70.5,medium,high,True
NBO-0201,-1.270885,36.789166,informal_iron_sheet,RP5,5,0.2,1175000.0,0.1,ml_model,0.0,0.7522408803016827,0.12825092154632706,0.31612601181232275,0.0,0.0,0.95,0.0,0.0,0.0,91.0,very_high,low,True
NBO-0202,-1.318579,36.742962,permanent_masonry,RP5,5,0.2,31350000.0,0.0,none,0.0,0.45584283717566537,0.15079867419304754,0.0,0.0,0.0,0.85,0.0,0.0,0.0,0.0,negligible,medium,True
NBO-0204,-1.336469,36.921711,concrete_rcc,RP5,5,0.2,563530000.0,0.04,ml_model,0.0,0.5657537474277358,0.14378917037967587,0.23775559202589402,0.0,0.0,0.8,0.0,0.0,0.0,46.2,low,low,True
NBO-0205,-1.289884,36.819049,semi_permanent,RP5,5,0.2,3240000.0,0.04,proxy,0.2068036645650863,0.3420086425137934,0.15516382066896756,0.2068036645650863,0.0,0.0,0.9,0.0,0.0,0.0,49.0,low,medium,True
NBO-0206,-1.274787,36.929401,semi_permanent,RP5,5,0.2,8345000.0,0.1,ml_model,0.1609867513179779,0.8089931531913945,0.09883413273520744,0.3399759117043814,0.0,0.0,0.9,0.0,0.0,0.0,91.5,very_high,low,True
NBO-0207,-1.319881,36.761287,permanent_masonry,RP5,5,0.2,32605000.0,0.0,none,0.0,0.47662014531309027,0.1549125614411903,0.0,0.0,0.0,0.85,0.0,0.0,0.0,0.0,negligible,medium,True
NBO-0208,-1.266865,36.76677,informal_iron_sheet,RP5,5,0.2,1980000.0,0.1,ml_model,0.0,0.6839019245233713,0.17081496623948594,0.28740685800489846,0.0,0.0,0.95,0.0,0.0,0.0,82.8,high,low,True
NBO-0210,-1.291279,36.929862,concrete_rcc,RP5,5,0.2,283520000.0,0.04,ml_model,0.1663005650043487,0.5142205217637558,0.11881201737773113,0.2160989744030323,0.0,0.0,0.8,0.0,0.0,0.0,44.5,low,low,True
NBO-0211,-1.261427,36.828096,semi_permanent,RP5,5,0.2,2760000.0,0.1,ml_model,0.0,0.7345468911941749,0.1265607097585658,0.3086901885859064,0.0,0.0,0.9,0.0,0.0,0.0,84.7,high,low,True
NBO-0212,-1.317846,36.837696,semi_permanent,RP5,5,0.2,3325000.0,0.04,ml_model,0.0227607246488332,0.6123367988135268,0.07859706056765381,0.25733192008550804,0.0,0.0,0.9,0.0,0.0,0.0,66.5,medium,low,True
NBO-0213,-1.287925,36.788302,informal_iron_sheet,RP5,5,0.2,1440000.0,0.04,ml_model,0.0,0.5619710634874646,0.10907763122290828,0.2361659352825582,0.0,0.0,0.95,0.0,0.0,0.0,67.7,medium,low,True
NBO-0214,-1.285278,36.707129,informal_iron_sheet,RP5,5,0.2,695000.0,0.0,none,0.0,0.4504846349966073,0.14474416902573414,0.0,0.0,0.0,0.95,0.0,0.0,0.0,0.0,negligible,medium,True
NBO-0215,-1.235394,36.793707,informal_iron_sheet,RP5,5,0.2,925000.0,0.0,none,0.0,0.0762338301618669,0.034798202562116375,0.0,0.0,0.0,0.95,0.0,0.0,0.0,0.0,negligible,medium,True
NBO-0216,-1.217864,36.946273,semi_permanent,RP5,5,0.2,4005000.0,0.1,proxy,0.2864344120025635,0.5982878437659452,0.16267607404281384,0.2864344120025635,0.0,0.0,0.9,0.0,0.0,0.0,76.5,high,high,True
NBO-0217,-1.295741,36.827042,permanent_masonry,RP5,5,0.2,42040000.0,0.04,ml_model,0.0455809794366359,0.5000038204766762,0.08858039685524066,0.2101244665070919,0.0,0.0,0.85,0.0,0.0,0.0,46.3,low,low,True
NBO-0219,-1.307356,36.740224,informal_iron_sheet,RP5,5,0.2,1245000.0,0.0,none,0.0,0.301174551808621,0.14454004016667543,0.0,0.0,0.0,0.95,0.0,0.0,0.0,0.0,negligible,medium,True
NBO-0220,-1.200512,36.883541,semi_permanent,RP5,5,0.2,3360000.0,0.04,ml_model,0.2107815593481063,0.6381896048809055,0.21123777086309226,0.2681964512353709,0.0,0.0,0.9,0.0,0.0,0.0,69.8,medium,low,True
NBO-0221,-1.328457,36.847573,concrete_rcc,RP5,5,0.2,1129100000.0,0.004,proxy,0.0106329144909977,0.3284166950623097,0.10062705612616726,0.0106329144909977,0.0,0.0,0.8,0.0,0.0,0.0,34.5,low,medium,True
NBO-0223,-1.310199,36.777964,semi_permanent,RP5,5,0.2,2850000.0,0.1,ml_model,0.0,0.677966564607797,0.0887654045365092,0.2849125483922266,0.0,0.0,0.9,0.0,0.0,0.0,75.2,high,low,True
NBO-0224,-1.295518,36.816631,concrete_rcc,RP5,5,0.2,1394785000.0,0.04,ml_model,0.0,0.5167230905060322,0.098164263305722,0.21715066821082527,0.0,0.0,0.8,0.0,0.0,0.0,44.7,low,low,True
NBO-0225,-1.285168,36.767894,permanent_masonry,RP5,5,0.2,49225000.0,0.0,none,0.0,0.45738170567386016,0.14357408765990423,0.0,0.0,0.0,0.85,0.0,0.0,0.0,0.0,negligible,medium,True
NBO-0226,-1.317641,36.884345,semi_permanent,RP5,5,0.2,6855000.0,0.1,ml_model,0.0314540527760982,0.6942539575505005,0.14903730282846558,0.291757255597892,0.0,0.0,0.9,0.0,0.0,0.0,79.0,high,low,True
NBO-0227,-1.26086,36.717133,permanent_masonry,RP5,5,0.2,68610000.0,0.0,none,0.0,0.1804022672412847,0.08017343395446418,0.0,0.0,0.0,0.85,0.0,0.0,0.0,0.0,negligible,medium,True
NBO-0228,-1.197482,36.882829,semi_permanent,RP5,5,0.2,4865000.0,0.04,proxy,0.2758456170558929,0.5447246824939017,0.1339752018831285,0.2758456170558929,0.0,0.0,0.9,0.0,0.0,0.0,71.7,medium,high,True
NBO-0229,-1.184356,36.908604,informal_iron_sheet,RP5,5,0.2,570000.0,0.04,ml_model,0.2379405349493026,0.6559134429200268,0.11444856902606322,0.2756448183476022,0.0,0.0,0.95,0.0,0.0,0.0,79.2,high,low,True
NBO-0230,-1.332177,36.762032,informal_iron_sheet,RP5,5,0.2,1055000.0,0.0,none,0.0,0.0709773930933144,0.03688879247432663,0.0,0.0,0.0,0.95,0.0,0.0,0.0,0.0,negligible,medium,True
NBO-0231,-1.33616,36.789645,concrete_rcc,RP5,5,0.2,1455240000.0,0.0,none,0.0,0.015428666639303864,0.009082194855735996,0.0,0.0,0.0,0.8,0.0,0.0,0.0,0.0,negligible,medium,True
NBO-0232,-1.284456,36.786377,informal_iron_sheet,RP5,5,0.2,680000.0,0.04,proxy,0.2111669778823852,0.2225041142381822,0.12000528787137638,0.2111669778823852,0.0,0.0,0.95,0.0,0.0,0.0,55.2,medium,medium,True
NBO-0233,-1.188452,36.919106,permanent_masonry,RP5,5,0.2,130825000.0,0.1,ml_model,0.1766581684350967,0.75964040127512,0.09819016583285574,0.31923562884578716,0.0,0.0,0.85,0.0,0.0,0.0,83.0,high,low,True
NBO-0234,-1.226429,36.738966,semi_permanent,RP5,5,0.2,7695000.0,0.0,none,0.0,0.010387317327482812,0.010112877086188155,0.0,0.0,0.0,0.9,0.0,0.0,0.0,0.0,negligible,medium,True
NBO-0235,-1.290382,36.928578,informal_iron_sheet,RP5,5,0.2,675000.0,0.04,ml_model,0.1120080575346946,0.6142666907313645,0.11608022803612972,0.25814294890777867,0.0,0.0,0.95,0.0,0.0,0.0,74.3,medium,low,True
NBO-0236,-1.187621,36.72315,semi_permanent,RP5,5,0.2,9120000.0,0.0,none,0.0,0.0008578802541732187,0.0014984996505824856,0.0,0.0,0.0,0.9,0.0,0.0,0.0,0.0,negligible,medium,True
NBO-0237,-1.199153,36.70927,concrete_rcc,RP5,5,0.2,697740000.0,0.0,none,0.0,5.0776675592966177e-05,0.00027589544901381345,0.0,0.0,0.0,0.8,0.0,0.0,0.0,0.0,negligible,medium,True
NBO-0238,-1.281576,36.902948,permanent_masonry,RP5,5,0.2,31835000.0,0.04,ml_model,0.0682321786880493,0.5655364573086776,0.12656530542588526,0.23766427678294083,0.0,0.0,0.85,0.0,0.0,0.0,53.2,medium,low,True
NBO-0239,-1.188579,36.716339,permanent_masonry,RP5,5,0.2,37440000.0,0.0,none,0.0,0.00027306329644746747,0.0008364756625144935,0.0,0.0,0.0,0.85,0.0,0.0,0.0,0.0,negligible,medium,True
NBO-0240,-1.211563,36.84204,permanent_masonry,RP5,5,0.2,18665000.0,0.04,ml_model,0.0,0.5938875490750262,0.16157443605896607,0.24957870180997016,0.0,0.0,0.85,0.0,0.0,0.0,56.8,medium,low,True
NBO-0241,-1.230749,36.829461,permanent_masonry,RP5,5,0.2,37825000.0,0.1,ml_model,0.0070095574483275,0.6971811153770489,0.16858590285911337,0.29298738115193107,0.0,0.0,0.85,0.0,0.0,0.0,72.7,medium,low,True
NBO-0243,-1.190807,36.86859,semi_permanent,RP5,5,0.2,4500000.0,0.1,ml_model,0.0,0.7137690688326176,0.11674870392115344,0.2999583976273111,0.0,0.0,0.9,0.0,0.0,0.0,82.0,high,low,True
NBO-0245,-1.236395,36.870383,informal_iron_sheet,RP5,5,0.2,1470000.0,0.04,ml_model,0.1757399886846542,0.6336910393552218,0.2172427934153384,0.2663059483183525,0.0,0.0,0.95,0.0,0.0,0.0,77.2,high,low,True
NBO-0246,-1.271319,36.783572,semi_permanent,RP5,5,0.2,2350000.0,0.04,ml_model,0.0033656794112175,0.5923670816040104,0.12491272806545874,0.2489397318599326,0.0,0.0,0.9,0.0,0.0,0.0,64.0,medium,low,True
NBO-0247,-1.186897,36.934355,informal_iron_sheet,RP5,5,0.2,1930000.0,0.04,proxy,0.2489110231399536,0.422626544163259,0.14667635275836904,0.2489110231399536,0.0,0.0,0.95,0.0,0.0,0.0,71.5,medium,medium,True
NBO-0248,-1.303397,36.719771,permanent_masonry,RP5,5,0.2,67115000.0,0.0,none,0.0,0.21042446092216618,0.07508592648937867,0.0,0.0,0.0,0.85,0.0,0.0,0.0,0.0,negligible,medium,True
NBO-0249,-1.201491,36.870552,semi_permanent,RP5,5,0.2,2705000.0,0.04,proxy,0.2466067969799041,0.5858659695534922,0.2279749686188499,0.2466067969799041,0.0,0.0,0.9,0.0,0.0,0.0,62.5,medium,medium,True
NBO-0250,-1.309464,36.727057,concrete_rcc,RP5,5,0.2,346390000.0,0.004,proxy,0.0657281130552291,0.28380828363961436,0.10832060984437872,0.0657281130552291,0.0,0.0,0.8,0.0,0.0,0.0,37.8,low,medium,True
NBO-0251,-1.310908,36.74482,semi_permanent,RP5,5,0.2,3695000.0,0.0,none,0.0,0.40447102112807026,0.1198555549729505,0.0,0.0,0.0,0.9,0.0,0.0,0.0,0.0,negligible,medium,True
NBO-0252,-1.311595,36.796579,permanent_masonry,RP5,5,0.2,36755000.0,0.1,ml_model,0.0,0.7340387708502637,0.09846515424935254,0.30847665318514894,0.0,0.0,0.85,0.0,0.0,0.0,80.5,high,low,True
NBO-0253,-1.197507,36.82492,semi_permanent,RP5,5,0.2,5710000.0,0.0,none,0.0,0.25426395010958236,0.09254737784857112,0.0,0.0,0.0,0.9,0.0,0.0,0.0,0.0,negligible,medium,True
NBO-0254,-1.225363,36.713396,informal_iron_sheet,RP5,5,0.2,1930000.0,0.0,none,0.0,0.00016058025613904914,0.0005109026620798728,0.0,0.0,0.0,0.95,0.0,0.0,0.0,0.0,negligible,medium,True
NBO-0255,-1.306528,36.801425,permanent_masonry,RP5,5,0.2,59540000.0,0.04,ml_model,0.0,0.5802200012057939,0.10021781776213898,0.2438349732885667,0.0,0.0,0.85,0.0,0.0,0.0,54.5,medium,low,True
NBO-0256,-1.32265,36.834249,semi_permanent,RP5,5,0.2,3650000.0,0.0,none,0.0,0.4335756627058733,0.08522006274194528,0.0,0.0,0.0,0.9,0.0,0.0,0.0,0.0,negligible,medium,True
NBO-0257,-1.23058,36.769731,concrete_rcc,RP5,5,0.2,1181605000.0,0.004,known_hotspot,0.0,0.05753632966044178,0.025009715572301597,0.03751815456308388,0.0,0.0,0.8,0.0,0.0,0.0,36.0,low,medium,True
NBO-0258,-1.325808,36.801523,permanent_masonry,RP5,5,0.2,36655000.0,0.04,ml_model,0.0,0.5180517951586415,0.14028301442682112,0.21770905065680113,0.0,0.0,0.85,0.0,0.0,0.0,47.7,low,low,True
NBO-0260,-1.328899,36.747618,semi_permanent,RP5,5,0.2,10010000.0,0.0,none,0.0,0.2491301410371159,0.09063634981672344,0.0,0.0,0.0,0.9,0.0,0.0,0.0,0.0,negligible,medium,True
NBO-0261,-1.23631,36.777251,concrete_rcc,RP5,5,0.2,823910000.0,0.01,known_hotspot,0.0211133081465959,0.25744856941695804,0.07599994978224305,0.10722211395301535,0.0,0.0,0.8,0.0,0.0,0.0,41.3,low,medium,True
NBO-0262,-1.313656,36.769023,informal_iron_sheet,RP5,5,0.2,495000.0,0.1,ml_model,0.0,0.6745313176105198,0.15992453573368037,0.2834689005378266,0.0,0.0,0.95,0.0,0.0,0.0,81.3,high,low,True
NBO-0263,-1.240543,36.762234,semi_permanent,RP5,5,0.2,3240000.0,0.004,known_hotspot,0.0,0.4447416472379719,0.12316378161832016,0.062042808614037756,0.0,0.0,0.9,0.0,0.0,0.0,39.5,low,medium,True
NBO-0264,-1.194188,36.709318,concrete_rcc,RP5,5,0.2,850565000.0,0.0,none,0.0,7.80923621236049e-05,0.00042889813445541993,0.0,0.0,0.0,0.8,0.0,0.0,0.0,0.0,negligible,medium,True
NBO-0265,-1.20795,36.939186,informal_iron_sheet,RP5,5,0.2,1650000.0,0.1,ml_model,0.2328504621982574,0.6949461344969768,0.13520840917652538,0.29204813999847157,0.0,0.0,0.95,0.0,0.0,0.0,84.3,high,low,True
NBO-0266,-1.245469,36.827153,semi_permanent,RP5,5,0.2,3960000.0,0.1,ml_model,0.0,0.7006037086566981,0.11647653732321561,0.29442571133563133,0.0,0.0,0.9,0.0,0.0,0.0,80.7,high,low,True
NBO-0267,-1.265873,36.781748,permanent_masonry,RP5,5,0.2,28335000.0,0.04,proxy,0.2188541740179062,0.3031757163777691,0.14059739518580575,0.2188541740179062,0.0,0.0,0.85,0.0,0.0,0.0,48.0,low,medium,True
NBO-0269,-1.230379,36.705483,semi_permanent,RP5,5,0.2,3310000.0,0.0,none,0.0,0.00010870786741375232,0.00045352339753067694,0.0,0.0,0.0,0.9,0.0,0.0,0.0,0.0,negligible,medium,True
NBO-0270,-1.22036,36.726497,permanent_masonry,RP5,5,0.2,106590000.0,0.0,none,0.0,0.0016421689926224689,0.003035039910609108,0.0,0.0,0.0,0.85,0.0,0.0,0.0,0.0,negligible,medium,True
NBO-0271,-1.238975,36.704695,semi_permanent,RP5,5,0.2,3125000.0,0.0,none,0.0,0.00021471587650150035,0.001179809967496735,0.0,0.0,0.0,0.9,0.0,0.0,0.0,0.0,negligible,medium,True
NBO-0272,-1.268976,36.707647,permanent_masonry,RP5,5,0.2,84745000.0,0.0,none,0.0,0.4707893373873312,0.14738214441419528,0.0,0.0,0.0,0.85,0.0,0.0,0.0,0.0,negligible,medium,True
NBO-0273,-1.224272,36.70066,semi_permanent,RP5,5,0.2,3775000.0,0.0,none,0.0,0.00011327947904536049,0.00038594374363430976,0.0,0.0,0.0,0.9,0.0,0.0,0.0,0.0,negligible,medium,True
NBO-0274,-1.290944,36.852137,permanent_masonry,RP5,5,0.2,38080000.0,0.04,ml_model,0.1202279850840568,0.6322771521201963,0.13365193639254194,0.2657117682565328,0.0,0.0,0.85,0.0,0.0,0.0,61.7,medium,low,True
NBO-0275,-1.305913,36.879391,semi_permanent,RP5,5,0.2,4445000.0,0.1,ml_model,0.0018672097939997,0.8095348300939648,0.07360085772658977,0.34020354910535816,0.0,0.0,0.9,0.0,0.0,0.0,91.7,very_high,low,True
NBO-0276,-1.341675,36.788527,informal_iron_sheet,RP5,5,0.2,2025000.0,0.0,none,0.0,0.020212347492843095,0.01197255736834949,0.0,0.0,0.0,0.95,0.0,0.0,0.0,0.0,negligible,medium,True
NBO-0277,-1.316557,36.932,semi_permanent,RP5,5,0.2,3990000.0,0.004,proxy,0.0851205959916114,0.12527774716369924,0.09048380417427432,0.0851205959916114,0.0,0.0,0.9,0.0,0.0,0.0,41.0,low,medium,True
NBO-0278,-1.184995,36.888914,semi_permanent,RP5,5,0.2,3950000.0,0.1,ml_model,0.1691483855247497,0.7444605171602743,0.09521420130392505,0.31285634748703556,0.0,0.0,0.9,0.0,0.0,0.0,86.2,high,low,True
NBO-0280,-1.286231,36.892072,concrete_rcc,RP5,5,0.2,609445000.0,0.004,known_hotspot,0.0034659986849874,0.4362296469085145,0.12484984510139743,0.004866627253643489,0.0,0.0,0.8,0.0,0.0,0.0,33.8,low,medium,True
NBO-0281,-1.187574,36.830611,permanent_masonry,RP5,5,0.2,24840000.0,0.0,none,0.0,0.4772815425542254,0.11908375073010831,0.0,0.0,0.0,0.85,0.0,0.0,0.0,0.0,negligible,medium,True
NBO-0282,-1.338431,36.714023,permanent_masonry,RP5,5,0.2,46565000.0,0.0,none,0.0,0.006766070228547596,0.008487178101008503,0.0,0.0,0.0,0.85,0.0,0.0,0.0,0.0,negligible,medium,True
NBO-0283,-1.295195,36.729934,informal_iron_sheet,RP5,5,0.2,850000.0,0.0,none,0.0,0.08981159828164322,0.04428903257379217,0.0,0.0,0.0,0.95,0.0,0.0,0.0,0.0,negligible,medium,True
NBO-0284,-1.27871,36.781699,semi_permanent,RP5,5,0.2,11015000.0,0.01,known_hotspot,0.0482361502945423,0.48320927506874467,0.12743259829843395,0.147455420904916,0.0,0.0,0.9,0.0,0.0,0.0,43.8,low,medium,True
NBO-0285,-1.308304,36.733992,semi_permanent,RP5,5,0.2,3770000.0,0.0,none,0.0,0.44114557116505754,0.13246398456994718,0.0,0.0,0.0,0.9,0.0,0.0,0.0,0.0,negligible,medium,True
NBO-0286,-1.211654,36.859362,permanent_masonry,RP5,5,0.2,27450000.0,0.04,ml_model,0.0472190491855144,0.6160680887462523,0.1694673834856896,0.2588999787170397,0.0,0.0,0.85,0.0,0.0,0.0,60.0,medium,low,True
NBO-0287,-1.305027,36.717376,informal_iron_sheet,RP5,5,0.2,700000.0,0.0,none,0.0,0.3870183120691367,0.10811995088634213,0.0,0.0,0.0,0.95,0.0,0.0,0.0,0.0,negligible,medium,True
NBO-0288,-1.267276,36.835611,semi_permanent,RP5,5,0.2,5600000.0,0.1,ml_model,0.0290607716888189,0.717845185209595,0.09038344535715047,0.30167136809685,0.0,0.0,0.9,0.0,0.0,0.0,82.3,high,low,True
NBO-0289,-1.185153,36.790811,semi_permanent,RP5,5,0.2,3625000.0,0.0,none,0.0,0.09342398361695198,0.03812956783540545,0.0,0.0,0.0,0.9,0.0,0.0,0.0,0.0,negligible,medium,True
NBO-0290,-1.266469,36.795974,semi_permanent,RP5,5,0.2,3005000.0,0.04,ml_model,0.0,0.6289227574925419,0.16480999890648218,0.2643020982645752,0.0,0.0,0.9,0.0,0.0,0.0,68.8,medium,low,True
NBO-0291,-1.309713,36.71976,permanent_masonry,RP5,5,0.2,25425000.0,0.004,proxy,0.0076628164388239,0.2156193552544424,0.07829409606660076,0.0076628164388239,0.0,0.0,0.85,0.0,0.0,0.0,34.7,low,medium,True
NBO-0294,-1.28955,36.779763,informal_iron_sheet,RP5,5,0.2,715000.0,0.04,proxy,0.2126947343349456,0.19232612272601066,0.10840315918746397,0.2126947343349456,0.0,0.0,0.95,0.0,0.0,0.0,56.5,medium,medium,True
NBO-0295,-1.33716,36.794091,permanent_masonry,RP5,5,0.2,62920000.0,0.0,none,0.0,0.0719400735146425,0.03497459307860244,0.0,0.0,0.0,0.85,0.0,0.0,0.0,0.0,negligible,medium,True
NBO-0296,-1.278423,36.873103,informal_iron_sheet,RP5,5,0.2,1230000.0,0.04,proxy,0.2212733775377273,0.5036118292387786,0.14677932592522264,0.2212733775377273,0.0,0.0,0.95,0.0,0.0,0.0,61.0,medium,high,True
NBO-0297,-1.213308,36.732977,semi_permanent,RP5,5,0.2,4370000.0,0.0,none,0.0,0.007666855868836697,0.0074434719862643715,0.0,0.0,0.0,0.9,0.0,0.0,0.0,0.0,negligible,medium,True
NBO-0298,-1.323806,36.853642,semi_permanent,RP5,5,0.2,2400000.0,0.04,ml_model,0.0,0.5134986849160135,0.10132630163697139,0.21579562555583268,0.0,0.0,0.9,0.0,0.0,0.0,51.2,medium,low,True
NBO-0299,-1.298429,36.785526,semi_permanent,RP5,5,0.2,2280000.0,0.004,known_hotspot,0.0,0.14164180466676352,0.05147505839614439,0.00507722671968464,0.0,0.0,0.9,0.0,0.0,0.0,34.2,low,medium,True
NBO-0300,-1.316479,36.875112,permanent_masonry,RP5,5,0.2,48805000.0,0.04,ml_model,0.1420998126268386,0.6001736287703443,0.12482520282340438,0.25222039990967776,0.0,0.0,0.85,0.0,0.0,0.0,57.8,medium,low,True
NBO-0301,-1.196509,36.858876,permanent_masonry,RP5,5,0.2,95790000.0,0.1,ml_model,0.0,0.7906858768042093,0.06549446931173689,0.3322823571223627,0.0,0.0,0.85,0.0,0.0,0.0,86.7,high,low,True
NBO-0302,-1.207697,36.777948,semi_permanent,RP5,5,0.2,4830000.0,0.04,ml_model,0.0,0.6165594853654827,0.1489372082894837,0.2591064860440452,0.0,0.0,0.9,0.0,0.0,0.0,67.2,medium,low,True
NBO-0303,-1.326648,36.769993,concrete_rcc,RP5,5,0.2,305250000.0,0.0,none,0.0,0.22154995096778105,0.09753771948495372,0.0,0.0,0.0,0.8,0.0,0.0,0.0,0.0,negligible,medium,True
NBO-0304,-1.32852,36.797975,permanent_masonry,RP5,5,0.2,58110000.0,0.004,known_hotspot,0.0,0.3486850186171976,0.11311143265994995,0.009007544343668489,0.0,0.0,0.85,0.0,0.0,0.0,35.0,low,medium,True
NBO-0305,-1.310833,36.773989,concrete_rcc,RP5,5,0.2,838115000.0,0.04,ml_model,0.0,0.5442209834301158,0.18827458738039343,0.22870654007443186,0.0,0.0,0.8,0.0,0.0,0.0,45.2,low,low,True
NBO-0306,-1.220163,36.889739,permanent_masonry,RP5,5,0.2,67155000.0,0.04,ml_model,0.183804303407669,0.5797922666120728,0.1333698122585888,0.2436552196554313,0.0,0.0,0.85,0.0,0.0,0.0,54.3,medium,low,True
NBO-0307,-1.335209,36.897649,informal_iron_sheet,RP5,5,0.2,960000.0,0.04,ml_model,0.1050631180405616,0.6060713107272682,0.12559913278513354,0.2546988755214155,0.0,0.0,0.95,0.0,0.0,0.0,73.7,medium,low,True
NBO-0309,-1.230274,36.759232,semi_permanent,RP5,5,0.2,6120000.0,0.0,none,0.0,0.06601281312567112,0.03672925279034786,0.0,0.0,0.0,0.9,0.0,0.0,0.0,0.0,negligible,medium,True
NBO-0310,-1.193935,36.823109,permanent_masonry,RP5,5,0.2,37675000.0,0.0,none,0.0,0.26666942576507735,0.09593060307668429,0.0,0.0,0.0,0.85,0.0,0.0,0.0,0.0,negligible,medium,True
NBO-0311,-1.185447,36.889115,concrete_rcc,RP5,5,0.2,743690000.0,0.1,ml_model,0.1163301318883895,0.8187645970868985,0.06777222937080668,0.34408231919860677,0.0,0.0,0.8,0.0,0.0,0.0,79.8,high,low,True
NBO-0312,-1.27629,36.836385,semi_permanent,RP5,5,0.2,3975000.0,0.04,ml_model,0.0,0.5460219392337371,0.10830786453012879,0.2294633840462999,0.0,0.0,0.9,0.0,0.0,0.0,56.2,medium,low,True
NBO-0313,-1.204866,36.703881,permanent_masonry,RP5,5,0.2,49505000.0,0.0,none,0.0,3.247220421114138e-05,0.0002893830537231651,0.0,0.0,0.0,0.85,0.0,0.0,0.0,0.0,negligible,medium,True
NBO-0314,-1.182174,36.721902,permanent_masonry,RP5,5,0.2,114670000.0,0.0,none,0.0,0.0007521009422793809,0.0017626179622125954,0.0,0.0,0.0,0.85,0.0,0.0,0.0,0.0,negligible,medium,True
NBO-0315,-1.181293,36.796118,semi_permanent,RP5,5,0.2,3770000.0,0.0,none,0.0,0.04058719510998407,0.01790148067377903,0.0,0.0,0.0,0.9,0.0,0.0,0.0,0.0,negligible,medium,True
NBO-0317,-1.245344,36.806905,informal_iron_sheet,RP5,5,0.2,2150000.0,0.0,none,0.0,0.19798764541028555,0.07978070648038373,0.0,0.0,0.0,0.95,0.0,0.0,0.0,0.0,negligible,medium,True
NBO-0318,-1.332425,36.855886,informal_iron_sheet,RP5,5,0.2,1335000.0,0.0,none,0.0,0.34915150684232826,0.09790030265497719,0.0,0.0,0.0,0.95,0.0,0.0,0.0,0.0,negligible,medium,True
NBO-0319,-1.256119,36.841093,semi_permanent,RP5,5,0.2,6610000.0,0.1,ml_model,0.0,0.8306734049771173,0.07850071449945262,0.3490869447678316,0.0,0.0,0.9,0.0,0.0,0.0,92.8,very_high,low,True
NBO-0320,-1.348242,36.720226,semi_permanent,RP5,5,0.2,4105000.0,0.0,none,0.0,0.005331665589691122,0.006874267845502807,0.0,0.0,0.0,0.9,0.0,0.0,0.0,0.0,negligible,medium,True
NBO-0321,-1.214463,36.819394,semi_permanent,RP5,5,0.2,3110000.0,0.0,none,0.0,0.452163794504986,0.13910278620116046,0.0,0.0,0.0,0.9,0.0,0.0,0.0,0.0,negligible,medium,True
NBO-0322,-1.317859,36.80791,concrete_rcc,RP5,5,0.2,394920000.0,0.01,proxy,0.0951244160532951,0.4422046546494407,0.13891077792044548,0.0951244160532951,0.0,0.0,0.8,0.0,0.0,0.0,40.2,low,medium,True
NBO-0323,-1.269099,36.814491,permanent_masonry,RP5,5,0.2,36045000.0,0.01,known_hotspot,0.0,0.4996790480654245,0.1344164165450847,0.11801240312020368,0.0,0.0,0.85,0.0,0.0,0.0,42.3,low,medium,True
NBO-0324,-1.327675,36.927681,concrete_rcc,RP5,5,0.2,310620000.0,0.04,ml_model,0.111393854022026,0.5235724450412875,0.12090848685979215,0.22002908015229083,0.0,0.0,0.8,0.0,0.0,0.0,44.8,low,low,True
NBO-0325,-1.213059,36.774836,concrete_rcc,RP5,5,0.2,1116695000.0,0.04,ml_model,0.0,0.5450478257138562,0.17609428113445255,0.22905401700688974,0.0,0.0,0.8,0.0,0.0,0.0,45.3,low,low,True
NBO-0326,-1.274304,36.944364,permanent_masonry,RP5,5,0.2,66125000.0,0.1,proxy,0.326412945985794,0.599977574356021,0.1786784567269931,0.326412945985794,0.0,0.0,0.85,0.0,0.0,0.0,84.8,high,high,True
NBO-0327,-1.285088,36.818006,informal_iron_sheet,RP5,5,0.2,1080000.0,0.04,ml_model,0.0,0.6150068884186478,0.09411202117524432,0.2584540138192466,0.0,0.0,0.95,0.0,0.0,0.0,74.5,medium,low,True
NBO-0328,-1.341179,36.819429,semi_permanent,RP5,5,0.2,5435000.0,0.0,none,0.0,0.44379228322016095,0.11270571751012913,0.0,0.0,0.0,0.9,0.0,0.0,0.0,0.0,negligible,medium,True
NBO-0329,-1.231313,36.878088,permanent_masonry,RP5,5,0.2,23595000.0,0.1,ml_model,0.0,0.8494354705299759,0.10634851986253789,0.3569716225511075,0.0,0.0,0.85,0.0,0.0,0.0,90.5,very_high,low,True
NBO-0330,-1.344911,36.819275,permanent_masonry,RP5,5,0.2,56410000.0,0.004,proxy,0.037077147513628,0.468458687973857,0.14518554897076957,0.037077147513628,0.0,0.0,0.85,0.0,0.0,0.0,37.5,low,medium,True
NBO-0331,-1.299253,36.714793,semi_permanent,RP5,5,0.2,3410000.0,0.0,none,0.0,0.23436208079432003,0.08396105554824591,0.0,0.0,0.0,0.9,0.0,0.0,0.0,0.0,negligible,medium,True
NBO-0332,-1.210051,36.840545,informal_iron_sheet,RP5,5,0.2,975000.0,0.04,ml_model,0.0,0.5513890082656715,0.1757210225443503,0.23171887184630674,0.0,0.0,0.95,0.0,0.0,0.0,65.3,medium,low,True
NBO-0333,-1.271368,36.72167,informal_iron_sheet,RP5,5,0.2,1585000.0,0.04,ml_model,0.0,0.5697070648206606,0.12442794755112307,0.23941695674772676,0.0,0.0,0.95,0.0,0.0,0.0,68.7,medium,low,True
NBO-0334,-1.300269,36.932332,semi_permanent,RP5,5,0.2,3980000.0,0.04,ml_model,0.1508359909057617,0.6336273101957075,0.14009417822115447,0.26627916641170407,0.0,0.0,0.9,0.0,0.0,0.0,69.5,medium,low,True
NBO-0335,-1.204821,36.777835,concrete_rcc,RP5,5,0.2,499980000.0,0.04,ml_model,0.0,0.6032365394008615,0.16090340590723365,0.25350757499882565,0.0,0.0,0.8,0.0,0.0,0.0,48.3,low,low,True
NBO-0336,-1.31156,36.933433,concrete_rcc,RP5,5,0.2,425295000.0,0.04,ml_model,0.0389851070940494,0.5566860737171592,0.1481268873058648,0.23394494094111062,0.0,0.0,0.8,0.0,0.0,0.0,45.8,low,low,True
NBO-0337,-1.182634,36.829649,semi_permanent,RP5,5,0.2,7645000.0,0.0,none,0.0,0.1804706296180766,0.08201049095854394,0.0,0.0,0.0,0.9,0.0,0.0,0.0,0.0,negligible,medium,True
NBO-0338,-1.300632,36.895328,semi_permanent,RP5,5,0.2,7740000.0,0.04,ml_model,0.1854711174964904,0.6599521535324439,0.12013920450071798,0.27734206920460885,0.0,0.0,0.9,0.0,0.0,0.0,71.8,medium,low,True
NBO-0339,-1.310599,36.826601,concrete_rcc,RP5,5,0.2,439535000.0,0.1,known_hotspot,0.2111832946538925,0.4514887937455888,0.15881506576248527,0.2838643484665984,0.0,0.0,0.8,0.0,0.0,0.0,54.7,medium,high,True
NBO-0340,-1.1977,36.752666,semi_permanent,RP5,5,0.2,8060000.0,0.04,ml_model,0.0,0.5391631861221791,0.10740157264819662,0.22658102239335087,0.0,0.0,0.9,0.0,0.0,0.0,54.2,medium,low,True
NBO-0341,-1.346872,36.949269,semi_permanent,RP5,5,0.2,6365000.0,0.004,proxy,0.0418274588882923,0.09967832406275254,0.0976433808933743,0.0418274588882923,0.0,0.0,0.9,0.0,0.0,0.0,38.3,low,medium,True
NBO-0342,-1.200346,36.858594,informal_iron_sheet,RP5,5,0.2,1900000.0,0.1,ml_model,0.0885274410247802,0.7306152368057609,0.13467270431052591,0.30703792764904364,0.0,0.0,0.95,0.0,0.0,0.0,89.3,high,low,True
NBO-0343,-1.254997,36.812644,semi_permanent,RP5,5,0.2,5850000.0,0.04,ml_model,0.0,0.616737881810855,0.14461981827425888,0.2591814563870215,0.0,0.0,0.9,0.0,0.0,0.0,67.3,medium,low,True
NBO-0344,-1.213194,36.935062,permanent_masonry,RP5,5,0.2,32270000.0,0.1,ml_model,0.1862595975399017,0.6884375673287645,0.13468099560547558,0.28931294249009576,0.0,0.0,0.85,0.0,0.0,0.0,71.0,medium,low,True
NBO-0345,-1.278319,36.839113,semi_permanent,RP5,5,0.2,6630000.0,0.04,ml_model,0.0,0.6090429418843256,0.10897557716552983,0.2559476908023413,0.0,0.0,0.9,0.0,0.0,0.0,66.0,medium,low,True
NBO-0346,-1.306948,36.801566,informal_iron_sheet,RP5,5,0.2,1700000.0,0.04,ml_model,0.0,0.5731518000396923,0.10944899300402065,0.24086459198672788,0.0,0.0,0.95,0.0,0.0,0.0,69.2,medium,low,True
NBO-0347,-1.274636,36.749664,informal_iron_sheet,RP5,5,0.2,960000.0,0.1,proxy,0.2982476651668548,0.15633380661208682,0.11530390700355155,0.2982476651668548,0.0,0.0,0.95,0.0,0.0,0.0,87.8,high,high,True
NBO-0348,-1.317463,36.783427,concrete_rcc,RP5,5,0.2,626905000.0,0.01,proxy,0.1504411995410919,0.3930347130435967,0.14446173147963806,0.1504411995410919,0.0,0.0,0.8,0.0,0.0,0.0,42.7,low,medium,True
NBO-0349,-1.343824,36.902898,informal_iron_sheet,RP5,5,0.2,1540000.0,0.04,ml_model,0.0437379330396652,0.5339973821814095,0.12724596797819546,0.22441011538688116,0.0,0.0,0.95,0.0,0.0,0.0,61.8,medium,low,True
NBO-0350,-1.292185,36.740383,concrete_rcc,RP5,5,0.2,475860000.0,0.004,proxy,0.0534680858254432,0.0856109558360067,0.04105879140431351,0.0534680858254432,0.0,0.0,0.8,0.0,0.0,0.0,37.7,low,medium,True
NBO-0351,-1.241881,36.815722,informal_iron_sheet,RP5,5,0.2,1350000.0,0.0,none,0.0,0.49721165796228145,0.10732852366883018,0.0,0.0,0.0,0.95,0.0,0.0,0.0,0.0,negligible,medium,True
NBO-0352,-1.310166,36.860695,semi_permanent,RP5,5,0.2,6100000.0,0.04,ml_model,0.0,0.6346152644664844,0.10471246018719568,0.26669434996746666,0.0,0.0,0.9,0.0,0.0,0.0,69.7,medium,low,True
NBO-0353,-1.331766,36.81104,concrete_rcc,RP5,5,0.2,393455000.0,0.0,none,0.0,0.4037851359489272,0.11507122507883584,0.0,0.0,0.0,0.8,0.0,0.0,0.0,0.0,negligible,medium,True
NBO-0354,-1.225862,36.799735,permanent_masonry,RP5,5,0.2,31610000.0,0.04,ml_model,0.0,0.6116337555529022,0.11292136846159409,0.2570364691628945,0.0,0.0,0.85,0.0,0.0,0.0,59.5,medium,low,True
NBO-0355,-1.347451,36.709257,informal_iron_sheet,RP5,5,0.2,1065000.0,0.0,none,0.0,0.19130836288621064,0.07941089832177431,0.0,0.0,0.0,0.95,0.0,0.0,0.0,0.0,negligible,medium,True
NBO-0357,-1.347865,36.718488,permanent_masonry,RP5,5,0.2,48595000.0,0.0,none,0.0,0.006516281752070474,0.008030585810075472,0.0,0.0,0.0,0.85,0.0,0.0,0.0,0.0,negligible,medium,True
NBO-0358,-1.310107,36.808186,permanent_masonry,RP5,5,0.2,33745000.0,0.04,proxy,0.2464310377836227,0.29218970625071766,0.1157172139374752,0.2464310377836227,0.0,0.0,0.85,0.0,0.0,0.0,55.7,medium,medium,True
NBO-0359,-1.274801,36.721075,semi_permanent,RP5,5,0.2,3600000.0,0.04,ml_model,0.0,0.5633840178619006,0.13408315787372668,0.236759723313706,0.0,0.0,0.9,0.0,0.0,0.0,59.0,medium,low,True
NBO-0360,-1.306434,36.778519,informal_iron_sheet,RP5,5,0.2,1340000.0,0.04,ml_model,0.0,0.6036711244421494,0.09696527573528134,0.25369020750324434,0.0,0.0,0.95,0.0,0.0,0.0,72.8,medium,low,True
NBO-0361,-1.260813,36.895214,informal_iron_sheet,RP5,5,0.2,485000.0,0.04,ml_model,0.1997514367103576,0.5787423615977165,0.1504502409035648,0.24321400156470868,0.0,0.0,0.95,0.0,0.0,0.0,70.2,medium,low,True
NBO-0362,-1.218859,36.931263,concrete_rcc,RP5,5,0.2,827820000.0,0.1,proxy,0.2912556231021881,0.5953146015005545,0.18490077808785524,0.2912556231021881,0.0,0.0,0.8,0.0,0.0,0.0,58.8,medium,high,True
NBO-0363,-1.265965,36.71004,permanent_masonry,RP5,5,0.2,41830000.0,0.01,proxy,0.1573828756809234,0.26998642177375287,0.10595592973339703,0.1573828756809234,0.0,0.0,0.85,0.0,0.0,0.0,43.7,low,medium,True
NBO-0364,-1.270336,36.775293,permanent_masonry,RP5,5,0.2,32130000.0,0.1,known_hotspot,0.0,0.643290883841606,0.09040934865789127,0.2914602634853178,0.0,0.0,0.85,0.0,0.0,0.0,72.2,medium,high,True
NBO-0365,-1.245682,36.872151,permanent_masonry,RP5,5,0.2,74420000.0,0.1,ml_model,0.0175005178898572,0.8391552219340547,0.09326118150299041,0.35265139205823065,0.0,0.0,0.85,0.0,0.0,0.0,90.0,very_high,low,True
NBO-0366,-1.294328,36.79296,informal_iron_sheet,RP5,5,0.2,805000.0,0.004,proxy,0.0217334646731615,0.11814540484772969,0.0777920847524783,0.0217334646731615,0.0,0.0,0.95,0.0,0.0,0.0,37.0,low,medium,True
NBO-0367,-1.279863,36.946799,informal_iron_sheet,RP5,5,0.2,1430000.0,0.04,ml_model,0.2002120167016983,0.5652234671628138,0.11184567427656375,0.23753274401313335,0.0,0.0,0.95,0.0,0.0,0.0,68.0,medium,low,True
NBO-0368,-1.281142,36.73553,permanent_masonry,RP5,5,0.2,88130000.0,0.04,ml_model,0.0,0.5210449706457589,0.1531757743722428,0.2189669198502666,0.0,0.0,0.85,0.0,0.0,0.0,48.2,low,low,True
NBO-0369,-1.304822,36.734471,semi_permanent,RP5,5,0.2,5615000.0,0.0,none,0.0,0.28221531386312687,0.10449505226346954,0.0,0.0,0.0,0.9,0.0,0.0,0.0,0.0,negligible,medium,True
NBO-0371,-1.18152,36.87356,permanent_masonry,RP5,5,0.2,63800000.0,0.04,ml_model,0.0,0.5627304512451374,0.08775617463085171,0.23648506473901096,0.0,0.0,0.85,0.0,0.0,0.0,52.7,medium,low,True
NBO-0372,-1.244471,36.934206,semi_permanent,RP5,5,0.2,5795000.0,0.1,proxy,0.3388372659683227,0.473719016552436,0.1727062830806231,0.3388372659683227,0.0,0.0,0.9,0.0,0.0,0.0,91.2,very_high,medium,True
NBO-0373,-1.333748,36.718557,permanent_masonry,RP5,5,0.2,104225000.0,0.0,none,0.0,0.0009103183899530682,0.0025224037723611675,0.0,0.0,0.0,0.85,0.0,0.0,0.0,0.0,negligible,medium,True
NBO-0374,-1.306874,36.704134,informal_iron_sheet,RP5,5,0.2,1175000.0,0.0,none,0.0,0.44282443307108443,0.14471324309348108,0.0,0.0,0.0,0.95,0.0,0.0,0.0,0.0,negligible,medium,True
NBO-0375,-1.265587,36.732079,permanent_masonry,RP5,5,0.2,53235000.0,0.04,ml_model,0.0,0.5163627487608763,0.13781018322242913,0.2169992361339885,0.0,0.0,0.85,0.0,0.0,0.0,47.5,low,low,True
NBO-0376,-1.330722,36.930502,semi_permanent,RP5,5,0.2,8385000.0,0.1,ml_model,0.0513914301991462,0.7333223017764783,0.10910566250700807,0.30817556012199104,0.0,0.0,0.9,0.0,0.0,0.0,84.2,high,low,True
NBO-0377,-1.240753,36.808486,semi_permanent,RP5,5,0.2,6520000.0,0.01,proxy,0.0881503224372863,0.11283308823616067,0.05575113928489143,0.0881503224372863,0.0,0.0,0.9,0.0,0.0,0.0,41.2,low,medium,True
NBO-0378,-1.232748,36.807252,semi_permanent,RP5,5,0.2,1970000.0,0.04,ml_model,0.0,0.5025843521594617,0.14819872046860866,0.21120892390710339,0.0,0.0,0.9,0.0,0.0,0.0,49.7,low,low,True
NBO-0379,-1.244467,36.767451,permanent_masonry,RP5,5,0.2,52055000.0,0.04,ml_model,0.0,0.6365042889679396,0.1152690400631267,0.26748820443283594,0.0,0.0,0.85,0.0,0.0,0.0,62.3,medium,low,True
NBO-0380,-1.256632,36.748659,permanent_masonry,RP5,5,0.2,75325000.0,0.004,known_hotspot,0.0,0.02428417284240902,0.01443235499615238,0.012353817522104973,0.0,0.0,0.85,0.0,0.0,0.0,35.3,low,medium,True
NBO-0381,-1.305364,36.729212,permanent_masonry,RP5,5,0.2,49750000.0,0.0,none,0.0,0.4596865633889593,0.12065397056419913,0.0,0.0,0.0,0.85,0.0,0.0,0.0,0.0,negligible,medium,True
NBO-0382,-1.287241,36.888335,informal_iron_sheet,RP5,5,0.2,1785000.0,0.004,proxy,0.0494835041463375,0.38491428102093234,0.0883671467298374,0.0494835041463375,0.0,0.0,0.95,0.0,0.0,0.0,39.3,low,medium,True
NBO-0383,-1.306754,36.710739,concrete_rcc,RP5,5,0.2,941095000.0,0.0,none,0.0,0.38218768572768785,0.1300415853128758,0.0,0.0,0.0,0.8,0.0,0.0,0.0,0.0,negligible,medium,True
NBO-0384,-1.266942,36.885308,concrete_rcc,RP5,5,0.2,841500000.0,0.04,proxy,0.2662652432918548,0.4357697762317188,0.11333557799563082,0.2662652432918548,0.0,0.0,0.8,0.0,0.0,0.0,50.5,medium,medium,True
NBO-0385,-1.20217,36.825202,informal_iron_sheet,RP5,5,0.2,590000.0,0.0,none,0.0,0.09065018131454915,0.03975208295586523,0.0,0.0,0.0,0.95,0.0,0.0,0.0,0.0,negligible,medium,True
NBO-0386,-1.290194,36.745156,permanent_masonry,RP5,5,0.2,76960000.0,0.004,known_hotspot,0.0,0.27532531466042115,0.09756811284910609,0.004941889996280462,0.0,0.0,0.85,0.0,0.0,0.0,34.0,low,medium,True
NBO-0387,-1.229012,36.757269,semi_permanent,RP5,5,0.2,2525000.0,0.0,none,0.0,0.060417472151971276,0.03557291853558759,0.0,0.0,0.0,0.9,0.0,0.0,0.0,0.0,negligible,medium,True
NBO-0388,-1.278278,36.710888,concrete_rcc,RP5,5,0.2,430330000.0,0.04,proxy,0.2529658675193786,0.15082363708373608,0.09548608726470385,0.2529658675193786,0.0,0.0,0.8,0.0,0.0,0.0,47.8,low,medium,True
NBO-0389,-1.270773,36.910552,semi_permanent,RP5,5,0.2,3325000.0,0.1,known_hotspot,0.0520594380795955,0.7387726467973631,0.10240182668590385,0.316509131045759,0.0,0.0,0.9,0.0,0.0,0.0,88.0,high,high,True
NBO-0390,-1.19186,36.849251,semi_permanent,RP5,5,0.2,5340000.0,0.04,ml_model,0.0,0.5540172108656645,0.14092690754657503,0.23282336274533547,0.0,0.0,0.9,0.0,0.0,0.0,57.2,medium,low,True
NBO-0391,-1.303499,36.883827,permanent_masonry,RP5,5,0.2,78850000.0,0.1,ml_model,0.0100945318117737,0.7686210908913024,0.09268862759893606,0.32300972523702487,0.0,0.0,0.85,0.0,0.0,0.0,83.8,high,low,True
NBO-0392,-1.199582,36.834712,informal_iron_sheet,RP5,5,0.2,730000.0,0.04,ml_model,0.0,0.6471327578818311,0.12327777264160317,0.271954773024631,0.0,0.0,0.95,0.0,0.0,0.0,78.3,high,low,True
NBO-0393,-1.333316,36.714996,semi_permanent,RP5,5,0.2,3390000.0,0.0,none,0.0,0.002400409360212549,0.004364652548387999,0.0,0.0,0.0,0.9,0.0,0.0,0.0,0.0,negligible,medium,True
NBO-0394,-1.223109,36.877667,informal_iron_sheet,RP5,5,0.2,1385000.0,0.0,none,0.0,0.3765775058558609,0.08752637402671211,0.0,0.0,0.0,0.95,0.0,0.0,0.0,0.0,negligible,medium,True
NBO-0395,-1.288387,36.922284,informal_iron_sheet,RP5,5,0.2,925000.0,0.1,ml_model,0.1207952201366424,0.6678164425877734,0.10402572676157154,0.28064700303618095,0.0,0.0,0.95,0.0,0.0,0.0,80.3,high,low,True
NBO-0396,-1.202279,36.766078,informal_iron_sheet,RP5,5,0.2,1185000.0,0.04,ml_model,0.0,0.5165274808934521,0.15331013514287736,0.21706846410796893,0.0,0.0,0.95,0.0,0.0,0.0,58.5,medium,low,True
NBO-0397,-1.334262,36.797507,concrete_rcc,RP5,5,0.2,950380000.0,0.0,none,0.0,0.26094290322257446,0.09548328900335051,0.0,0.0,0.0,0.8,0.0,0.0,0.0,0.0,negligible,medium,True
NBO-0398,-1.212112,36.947855,semi_permanent,RP5,5,0.2,3605000.0,0.04,proxy,0.2611806988716125,0.5324633964566834,0.15226777183458778,0.2611806988716125,0.0,0.0,0.9,0.0,0.0,0.0,67.8,medium,high,True
NBO-0399,-1.208904,36.854328,semi_permanent,RP5,5,0.2,3425000.0,0.1,ml_model,0.0,0.7322712905269607,0.11380939495773831,0.3077338771406744,0.0,0.0,0.9,0.0,0.0,0.0,84.0,high,low,True
NBO-0400,-1.183815,36.732616,permanent_masonry,RP5,5,0.2,59920000.0,0.0,none,0.0,0.0024969058580201764,0.002425855683922287,0.0,0.0,0.0,0.85,0.0,0.0,0.0,0.0,negligible,medium,True
NBO-0401,-1.225953,36.743443,informal_iron_sheet,RP5,5,0.2,885000.0,0.0,none,0.0,0.01773107185580475,0.015717877162236837,0.0,0.0,0.0,0.95,0.0,0.0,0.0,0.0,negligible,medium,True
NBO-0402,-1.317633,36.764405,permanent_masonry,RP5,5,0.2,86790000.0,0.004,proxy,0.0331294387578964,0.45944509691803204,0.15161610867810507,0.0331294387578964,0.0,0.0,0.85,0.0,0.0,0.0,37.2,low,medium,True
NBO-0405,-1.182548,36.704197,permanent_masonry,RP5,5,0.2,86580000.0,0.0,none,0.0,6.826736196339851e-06,8.14116929982666e-05,0.0,0.0,0.0,0.85,0.0,0.0,0.0,0.0,negligible,medium,True
NBO-0406,-1.210983,36.840534,semi_permanent,RP5,5,0.2,3390000.0,0.04,ml_model,0.0,0.5421068523447434,0.1673028801766075,0.22781808553019173,0.0,0.0,0.9,0.0,0.0,0.0,54.8,medium,low,True
NBO-0407,-1.253995,36.750024,semi_permanent,RP5,5,0.2,3505000.0,0.0,none,0.0,0.08963986212373644,0.03736266865930244,0.0,0.0,0.0,0.9,0.0,0.0,0.0,0.0,negligible,medium,True
NBO-0408,-1.334527,36.762454,semi_permanent,RP5,5,0.2,3650000.0,0.0,none,0.0,0.00785951300010887,0.00856124322062354,0.0,0.0,0.0,0.9,0.0,0.0,0.0,0.0,negligible,medium,True
NBO-0409,-1.286737,36.831791,semi_permanent,RP5,5,0.2,4740000.0,0.1,ml_model,0.0,0.6978771735770039,0.06450002284413107,0.29327989663268084,0.0,0.0,0.9,0.0,0.0,0.0,79.7,high,low,True
NBO-0410,-1.247716,36.748189,permanent_masonry,RP5,5,0.2,67745000.0,0.0,none,0.0,0.32915302711850597,0.09392763081549495,0.0,0.0,0.0,0.85,0.0,0.0,0.0,0.0,negligible,medium,True
NBO-0411,-1.189573,36.871599,permanent_masonry,RP5,5,0.2,51210000.0,0.04,ml_model,0.0,0.5780190641681044,0.13092343206116408,0.24291003891422674,0.0,0.0,0.85,0.0,0.0,0.0,54.0,medium,low,True
NBO-0412,-1.323981,36.709497,permanent_masonry,RP5,5,0.2,64635000.0,0.0,none,0.0,0.0019774856628977638,0.004028577590006373,0.0,0.0,0.0,0.85,0.0,0.0,0.0,0.0,negligible,medium,True
NBO-0413,-1.29912,36.707958,semi_permanent,RP5,5,0.2,6125000.0,0.0,none,0.0,0.185766552266066,0.10572024776101183,0.0,0.0,0.0,0.9,0.0,0.0,0.0,0.0,negligible,medium,True
NBO-0414,-1.222829,36.772325,concrete_rcc,RP5,5,0.2,268000000.0,0.0,none,0.0,0.09209417991261988,0.03826426377058693,0.0,0.0,0.0,0.8,0.0,0.0,0.0,0.0,negligible,medium,True
NBO-0415,-1.182905,36.723088,informal_iron_sheet,RP5,5,0.2,635000.0,0.0,none,0.0,0.0010528354147961718,0.002220302840663129,0.0,0.0,0.0,0.95,0.0,0.0,0.0,0.0,negligible,medium,True
NBO-0416,-1.181257,36.913667,concrete_rcc,RP5,5,0.2,1356500000.0,0.1,ml_model,0.1890417337417602,0.8489979070832966,0.08008610317052174,0.3567877383845648,0.0,0.0,0.8,0.0,0.0,0.0,82.2,high,low,True
NBO-0417,-1.302171,36.892264,permanent_masonry,RP5,5,0.2,50905000.0,0.1,ml_model,0.012592683546245,0.7821128865284076,0.10535031905899757,0.32867959463475616,0.0,0.0,0.85,0.0,0.0,0.0,85.7,high,low,True
NBO-0418,-1.225647,36.840018,permanent_masonry,RP5,5,0.2,69265000.0,0.1,ml_model,0.0,0.7835945098042236,0.08199707283617766,0.329302240477939,0.0,0.0,0.85,0.0,0.0,0.0,85.8,high,low,True
NBO-0419,-1.322424,36.883627,concrete_rcc,RP5,5,0.2,452325000.0,0.0,none,0.0,0.2913591693836706,0.09620313705639028,0.0,0.0,0.0,0.8,0.0,0.0,0.0,0.0,negligible,medium,True
NBO-0420,-1.339096,36.702452,informal_iron_sheet,RP5,5,0.2,1360000.0,0.0,none,0.0,0.47251555285724534,0.15390682488649135,0.0,0.0,0.0,0.95,0.0,0.0,0.0,0.0,negligible,medium,True
NBO-0421,-1.245747,36.759842,concrete_rcc,RP5,5,0.2,391420000.0,0.1,proxy,0.3255207538604736,0.1078987954063219,0.10820393084415017,0.3255207538604736,0.0,0.0,0.8,0.0,0.0,0.0,73.3,medium,medium,True
NBO-0422,-1.281913,36.829603,semi_permanent,RP5,5,0.2,5305000.0,0.04,ml_model,0.1076729446649551,0.5196324340131638,0.13533683520161346,0.2183733073733403,0.0,0.0,0.9,0.0,0.0,0.0,51.8,medium,low,True
NBO-0423,-1.249578,36.901111,concrete_rcc,RP5,5,0.2,633555000.0,0.1,ml_model,0.1210682392120361,0.7099109973057399,0.14505016313126382,0.29833705957321677,0.0,0.0,0.8,0.0,0.0,0.0,62.2,medium,low,True
NBO-0424,-1.290479,36.84768,informal_iron_sheet,RP5,5,0.2,900000.0,0.04,ml_model,0.0708576738834381,0.6117557204452496,0.14839303983958962,0.2570877243871299,0.0,0.0,0.95,0.0,0.0,0.0,74.0,medium,low,True
NBO-0425,-1.348616,36.782807,permanent_masonry,RP5,5,0.2,81015000.0,0.0,none,0.0,0.02711732838004344,0.021095772792744796,0.0,0.0,0.0,0.85,0.0,0.0,0.0,0.0,negligible,medium,True
NBO-0426,-1.315744,36.762556,concrete_rcc,RP5,5,0.2,296295000.0,0.04,ml_model,0.0,0.6104806664587361,0.11998074072296637,0.2565518884040599,0.0,0.0,0.8,0.0,0.0,0.0,49.5,low,low,True
NBO-0427,-1.344614,36.914871,informal_iron_sheet,RP5,5,0.2,1150000.0,0.04,ml_model,0.0384162925183773,0.5060145944551989,0.12600510503766096,0.21265046855709163,0.0,0.0,0.95,0.0,0.0,0.0,56.3,medium,low,True
NBO-0428,-1.211801,36.839118,informal_iron_sheet,RP5,5,0.2,1070000.0,0.04,ml_model,0.0,0.5168804931339585,0.17941824207741824,0.21721681599183282,0.0,0.0,0.95,0.0,0.0,0.0,58.7,medium,low,True
NBO-0429,-1.335739,36.913418,permanent_masonry,RP5,5,0.2,50595000.0,0.1,ml_model,0.0456912256777286,0.6820537880879227,0.16380788233858537,0.2866301865743467,0.0,0.0,0.85,0.0,0.0,0.0,70.3,medium,low,True
NBO-0430,-1.323625,36.725838,permanent_masonry,RP5,5,0.2,45600000.0,0.0,none,0.0,0.00687682475154261,0.006564341243702674,0.0,0.0,0.0,0.85,0.0,0.0,0.0,0.0,negligible,medium,True
NBO-0431,-1.339077,36.900695,informal_iron_sheet,RP5,5,0.2,560000.0,0.04,proxy,0.2480089515447616,0.4507793127488741,0.1678279170499463,0.2480089515447616,0.0,0.0,0.95,0.0,0.0,0.0,71.3,medium,medium,True
NBO-0432,-1.211213,36.717387,permanent_masonry,RP5,5,0.2,45590000.0,0.0,none,0.0,0.0003912804727969433,0.0010798824923572944,0.0,0.0,0.0,0.85,0.0,0.0,0.0,0.0,negligible,medium,True
NBO-0434,-1.317629,36.800261,informal_iron_sheet,RP5,5,0.2,910000.0,0.04,proxy,0.1806525737047195,0.46573991267749176,0.1546621025173607,0.1806525737047195,0.0,0.0,0.95,0.0,0.0,0.0,45.0,low,medium,True
NBO-0435,-1.314949,36.71617,semi_permanent,RP5,5,0.2,5220000.0,0.0,none,0.0,0.1561645107104151,0.058931620684205765,0.0,0.0,0.0,0.9,0.0,0.0,0.0,0.0,negligible,medium,True
NBO-0436,-1.316654,36.932326,permanent_masonry,RP5,5,0.2,37945000.0,0.004,proxy,0.0221096333116292,0.1796155508989133,0.11951921554510976,0.0221096333116292,0.0,0.0,0.85,0.0,0.0,0.0,35.7,low,medium,True
NBO-0437,-1.323597,36.803865,informal_iron_sheet,RP5,5,0.2,600000.0,0.04,ml_model,0.0,0.5291607743280812,0.12089943377866755,0.2223775516278368,0.0,0.0,0.95,0.0,0.0,0.0,61.3,medium,low,True
NBO-0438,-1.276598,36.716169,semi_permanent,RP5,5,0.2,6225000.0,0.0,none,0.0,0.49995784407157234,0.14192103070850365,0.0,0.0,0.0,0.9,0.0,0.0,0.0,0.0,negligible,medium,True
NBO-0439,-1.192567,36.872725,semi_permanent,RP5,5,0.2,5215000.0,0.1,ml_model,0.0,0.6824937463826215,0.14102460767311203,0.28681507716552423,0.0,0.0,0.9,0.0,0.0,0.0,76.8,high,low,True
NBO-0440,-1.18851,36.783672,semi_permanent,RP5,5,0.2,3105000.0,0.0,none,0.0,0.31433670269560976,0.09360279709468376,0.0,0.0,0.0,0.9,0.0,0.0,0.0,0.0,negligible,medium,True
NBO-0441,-1.185484,36.849843,informal_iron_sheet,RP5,5,0.2,740000.0,0.0,none,0.0,0.3603813770097094,0.0930983081465567,0.0,0.0,0.0,0.95,0.0,0.0,0.0,0.0,negligible,medium,True
NBO-0442,-1.33239,36.866631,informal_iron_sheet,RP5,5,0.2,1470000.0,0.0,none,0.0,0.2617699930280528,0.09827184815694379,0.0,0.0,0.0,0.95,0.0,0.0,0.0,0.0,negligible,medium,True
NBO-0443,-1.218721,36.942704,informal_iron_sheet,RP5,5,0.2,1445000.0,0.1,proxy,0.3351253569126129,0.44260612580847447,0.15360566745055412,0.3351253569126129,0.0,0.0,0.95,0.0,0.0,0.0,93.3,very_high,medium,True
NBO-0444,-1.290744,36.843866,concrete_rcc,RP5,5,0.2,590960000.0,0.04,ml_model,0.1171948462724685,0.5523414333617496,0.13747508201900702,0.23211912441839824,0.0,0.0,0.8,0.0,0.0,0.0,45.5,low,low,True
NBO-0445,-1.259144,36.860661,permanent_masonry,RP5,5,0.2,47880000.0,0.04,ml_model,0.1833299994468689,0.662808056237557,0.15713422719274328,0.27854225009869876,0.0,0.0,0.85,0.0,0.0,0.0,65.8,medium,low,True
NBO-0446,-1.29806,36.939987,informal_iron_sheet,RP5,5,0.2,1330000.0,0.04,ml_model,0.1593229323625564,0.5409067172584198,0.11441942481773858,0.22731373389441864,0.0,0.0,0.95,0.0,0.0,0.0,63.8,medium,low,True
NBO-0447,-1.232566,36.780822,informal_iron_sheet,RP5,5,0.2,885000.0,0.004,known_hotspot,0.0,0.16793611047753876,0.06251505726694069,0.008684066167539741,0.0,0.0,0.95,0.0,0.0,0.0,35.5,low,medium,True
NBO-0448,-1.294373,36.783096,semi_permanent,RP5,5,0.2,3375000.0,0.0,none,0.0,0.2840686369992242,0.11004668563927993,0.0,0.0,0.0,0.9,0.0,0.0,0.0,0.0,negligible,medium,True
NBO-0449,-1.200878,36.877885,permanent_masonry,RP5,5,0.2,35640000.0,0.04,proxy,0.2776331305503845,0.5398237796410068,0.19232090510675173,0.2776331305503845,0.0,0.0,0.85,0.0,0.0,0.0,65.5,medium,high,True
NBO-0450,-1.313857,36.861033,semi_permanent,RP5,5,0.2,7390000.0,0.04,proxy,0.2292035818099975,0.41764901920350606,0.13129760980834665,0.2292035818099975,0.0,0.0,0.9,0.0,0.0,0.0,56.0,medium,medium,True
NBO-0451,-1.286896,36.782238,informal_iron_sheet,RP5,5,0.2,850000.0,0.04,proxy,0.1974048018455505,0.21724574565923557,0.10248054132809443,0.1974048018455505,0.0,0.0,0.95,0.0,0.0,0.0,49.8,low,medium,True
NBO-0454,-1.339888,36.948654,permanent_masonry,RP5,5,0.2,74880000.0,0.04,ml_model,0.0921917185187339,0.5587678436925541,0.14277231449892858,0.2348197958673256,0.0,0.0,0.85,0.0,0.0,0.0,52.2,medium,low,True
NBO-0455,-1.33227,36.874249,concrete_rcc,RP5,5,0.2,381775000.0,0.0,none,0.0,0.17203177140628823,0.07777130104609184,0.0,0.0,0.0,0.8,0.0,0.0,0.0,0.0,negligible,medium,True
NBO-0456,-1.232817,36.907698,permanent_masonry,RP5,5,0.2,73600000.0,0.04,proxy,0.2559123039245605,0.5517255338708454,0.20457702201279412,0.2559123039245605,0.0,0.0,0.85,0.0,0.0,0.0,59.2,medium,medium,True
NBO-0457,-1.186498,36.925161,permanent_masonry,RP5,5,0.2,28450000.0,0.01,proxy,0.1254225820302963,0.4819159660475415,0.17320471754150196,0.1254225820302963,0.0,0.0,0.85,0.0,0.0,0.0,42.8,low,medium,True
NBO-0458,-1.271154,36.849901,semi_permanent,RP5,5,0.2,4480000.0,0.1,ml_model,0.0,0.7473326565081592,0.12931051328485532,0.31406335176078887,0.0,0.0,0.9,0.0,0.0,0.0,86.5,high,low,True
NBO-0459,-1.276579,36.926282,semi_permanent,RP5,5,0.2,4475000.0,0.1,ml_model,0.1803040653467178,0.8265470743686826,0.07619621889569489,0.3473528719823424,0.0,0.0,0.9,0.0,0.0,0.0,92.7,very_high,low,True
NBO-0460,-1.33452,36.837781,semi_permanent,RP5,5,0.2,3150000.0,0.0,none,0.0,0.04713733382085628,0.02826658081863774,0.0,0.0,0.0,0.9,0.0,0.0,0.0,0.0,negligible,medium,True
NBO-0461,-1.332897,36.781192,informal_iron_sheet,RP5,5,0.2,1080000.0,0.0,none,0.0,0.016155953243916624,0.009774115349071294,0.0,0.0,0.0,0.95,0.0,0.0,0.0,0.0,negligible,medium,True
NBO-0462,-1.315129,36.829882,informal_iron_sheet,RP5,5,0.2,910000.0,0.04,ml_model,0.0019488359102979,0.5269666466015581,0.08717279409518014,0.2214554788373838,0.0,0.0,0.95,0.0,0.0,0.0,61.2,medium,low,True
NBO-0463,-1.263233,36.740277,permanent_masonry,RP5,5,0.2,64740000.0,0.004,known_hotspot,0.0,0.11418965196428549,0.06290221911334437,0.006728525998369781,0.0,0.0,0.85,0.0,0.0,0.0,34.3,low,medium,True
NBO-0464,-1.29875,36.943049,informal_iron_sheet,RP5,5,0.2,610000.0,0.04,ml_model,0.0811929255723953,0.6384705128932093,0.11123798945429282,0.2683145016257992,0.0,0.0,0.95,0.0,0.0,0.0,77.8,high,low,True
NBO-0465,-1.291747,36.740285,semi_permanent,RP5,5,0.2,3200000.0,0.004,proxy,0.084365077316761,0.06934114732349582,0.03706378115816829,0.084365077316761,0.0,0.0,0.9,0.0,0.0,0.0,40.8,low,medium,True
NBO-0466,-1.248392,36.783232,concrete_rcc,RP5,5,0.2,526250000.0,0.1,proxy,0.351980060338974,0.10888902209122603,0.10187026891457572,0.351980060338974,0.0,0.0,0.8,0.0,0.0,0.0,81.5,high,high,True
NBO-0467,-1.198678,36.731266,concrete_rcc,RP5,5,0.2,1592010000.0,0.0,none,0.0,0.0036440862585974503,0.003289560089250885,0.0,0.0,0.0,0.8,0.0,0.0,0.0,0.0,negligible,medium,True
NBO-0468,-1.333948,36.907328,concrete_rcc,RP5,5,0.2,914905000.0,0.04,proxy,0.2699817419052124,0.4704477653602378,0.1941682708005148,0.2699817419052124,0.0,0.0,0.8,0.0,0.0,0.0,51.3,medium,medium,True
NBO-0469,-1.32826,36.885924,semi_permanent,RP5,5,0.2,8010000.0,0.0,none,0.0,0.0825229583562562,0.041678598893262774,0.0,0.0,0.0,0.9,0.0,0.0,0.0,0.0,negligible,medium,True
NBO-0470,-1.317417,36.911355,semi_permanent,RP5,5,0.2,3905000.0,0.004,known_hotspot,0.0,0.09197398357332973,0.05767672610520227,0.0065404147422579145,0.0,0.0,0.9,0.0,0.0,0.0,34.8,low,medium,True
NBO-0471,-1.210378,36.930778,semi_permanent,RP5,5,0.2,4990000.0,0.1,ml_model,0.1440567374229431,0.783133111792828,0.1310591910339316,0.3291083399375401,0.0,0.0,0.9,0.0,0.0,0.0,89.7,high,low,True
NBO-0472,-1.280935,36.89564,semi_permanent,RP5,5,0.2,5280000.0,0.0,none,0.0,0.2937539214363988,0.1208956011740409,0.0,0.0,0.0,0.9,0.0,0.0,0.0,0.0,negligible,medium,True
NBO-0473,-1.204539,36.850227,semi_permanent,RP5,5,0.2,5015000.0,0.04,ml_model,0.0887950211763382,0.6025381860322756,0.20097991143863728,0.2532140949832776,0.0,0.0,0.9,0.0,0.0,0.0,64.8,medium,low,True
NBO-0474,-1.265397,36.874234,informal_iron_sheet,RP5,5,0.2,1190000.0,0.1,ml_model,0.1201084479689598,0.6998243013648885,0.10540422065655401,0.29409816875560246,0.0,0.0,0.95,0.0,0.0,0.0,85.3,high,low,True
NBO-0475,-1.321852,36.912497,informal_iron_sheet,RP5,5,0.2,580000.0,0.004,proxy,0.047514084726572,0.173842814624597,0.10310801636616684,0.047514084726572,0.0,0.0,0.95,0.0,0.0,0.0,39.2,low,medium,True
NBO-0476,-1.239714,36.739798,informal_iron_sheet,RP5,5,0.2,560000.0,0.0,none,0.0,0.04381949475963709,0.023900545489274026,0.0,0.0,0.0,0.95,0.0,0.0,0.0,0.0,negligible,medium,True
NBO-0477,-1.319008,36.757525,permanent_masonry,RP5,5,0.2,45370000.0,0.04,ml_model,0.0,0.5057351800397936,0.14237195901289146,0.21253304584437022,0.0,0.0,0.85,0.0,0.0,0.0,46.5,low,low,True
NBO-0478,-1.2108,36.844853,permanent_masonry,RP5,5,0.2,101200000.0,0.04,ml_model,0.0,0.6192616312921855,0.17438833122694242,0.26024205130978945,0.0,0.0,0.85,0.0,0.0,0.0,60.5,medium,low,True
NBO-0479,-1.319025,36.818722,informal_iron_sheet,RP5,5,0.2,790000.0,0.004,known_hotspot,0.0,0.3816184244697248,0.11466633467742036,0.018775858905014667,0.0,0.0,0.95,0.0,0.0,0.0,36.5,low,medium,True
NBO-0480,-1.313874,36.93348,semi_permanent,RP5,5,0.2,5855000.0,0.0,none,0.0,0.33226482859065265,0.14854130545843888,0.0,0.0,0.0,0.9,0.0,0.0,0.0,0.0,negligible,medium,True
NBO-0481,-1.206344,36.782704,informal_iron_sheet,RP5,5,0.2,1170000.0,0.1,ml_model,0.0,0.7073929070139571,0.07426368165115424,0.2972788429006459,0.0,0.0,0.95,0.0,0.0,0.0,87.5,high,low,True
NBO-0482,-1.211464,36.717203,permanent_masonry,RP5,5,0.2,35925000.0,0.0,none,0.0,0.000346216853920827,0.000978518542602373,0.0,0.0,0.0,0.85,0.0,0.0,0.0,0.0,negligible,medium,True
NBO-0483,-1.24542,36.771289,semi_permanent,RP5,5,0.2,5375000.0,0.04,known_hotspot,0.0,0.4892157135003546,0.21646943203673932,0.223790616223573,0.0,0.0,0.9,0.0,0.0,0.0,53.7,medium,medium,True
NBO-0484,-1.271068,36.744576,concrete_rcc,RP5,5,0.2,641870000.0,0.004,known_hotspot,0.0,0.38997877608607273,0.1806429343221597,0.07639313100002937,0.0,0.0,0.8,0.0,0.0,0.0,38.7,low,medium,True
NBO-0485,-1.233919,36.806192,informal_iron_sheet,RP5,5,0.2,715000.0,0.0,none,0.0,0.48594246832523885,0.1300361366009943,0.0,0.0,0.0,0.95,0.0,0.0,0.0,0.0,negligible,medium,True
NBO-0486,-1.309357,36.726474,informal_iron_sheet,RP5,5,0.2,945000.0,0.01,proxy,0.1514707058668136,0.18288635387955784,0.08459627556546806,0.1514707058668136,0.0,0.0,0.95,0.0,0.0,0.0,44.2,low,medium,True
NBO-0487,-1.344056,36.855521,permanent_masonry,RP5,5,0.2,116700000.0,0.04,proxy,0.2592668235301971,0.5130051287889563,0.18448424096736432,0.2592668235301971,0.0,0.0,0.85,0.0,0.0,0.0,60.2,medium,high,True
NBO-0488,-1.289708,36.796945,semi_permanent,RP5,5,0.2,5085000.0,0.0,none,0.0,0.3201353959957779,0.09557812052662246,0.0,0.0,0.0,0.9,0.0,0.0,0.0,0.0,negligible,medium,True
NBO-0489,-1.244082,36.757179,permanent_masonry,RP5,5,0.2,33945000.0,0.0,none,0.0,0.4580309952088512,0.1602298200036618,0.0,0.0,0.0,0.85,0.0,0.0,0.0,0.0,negligible,medium,True
NBO-0490,-1.317731,36.92187,permanent_masonry,RP5,5,0.2,72865000.0,0.0,none,0.0,0.1733407314910968,0.14084428801868304,0.0,0.0,0.0,0.85,0.0,0.0,0.0,0.0,negligible,medium,True
NBO-0493,-1.28459,36.726722,concrete_rcc,RP5,5,0.2,935855000.0,0.0,none,0.0,0.40991037722472595,0.10098446916669865,0.0,0.0,0.0,0.8,0.0,0.0,0.0,0.0,negligible,medium,True
NBO-0494,-1.291975,36.831562,informal_iron_sheet,RP5,5,0.2,2070000.0,0.04,ml_model,0.0,0.5309891154928686,0.12006874110069396,0.2231459041805786,0.0,0.0,0.95,0.0,0.0,0.0,61.5,medium,low,True
NBO-0495,-1.328919,36.874954,semi_permanent,RP5,5,0.2,6580000.0,0.0,none,0.0,0.05128822997995146,0.0330827692409406,0.0,0.0,0.0,0.9,0.0,0.0,0.0,0.0,negligible,medium,True
NBO-0496,-1.212958,36.816976,informal_iron_sheet,RP5,5,0.2,1650000.0,0.0,none,0.0,0.45098902778789496,0.14552651314919637,0.0,0.0,0.0,0.95,0.0,0.0,0.0,0.0,negligible,medium,True
NBO-0497,-1.285034,36.742151,informal_iron_sheet,RP5,5,0.2,855000.0,0.004,known_hotspot,0.0,0.2899247241822438,0.09722128811769651,0.015584117670217765,0.0,0.0,0.95,0.0,0.0,0.0,35.8,low,medium,True
NBO-0498,-1.185994,36.786739,informal_iron_sheet,RP5,5,0.2,935000.0,0.0,none,0.0,0.2358654013360375,0.07834844967807038,0.0,0.0,0.0,0.95,0.0,0.0,0.0,0.0,negligible,medium,True
NBO-0499,-1.269108,36.923782,informal_iron_sheet,RP5,5,0.2,1175000.0,0.1,proxy,0.311448335647583,0.5072540516813685,0.19345483431221938,0.311448335647583,0.0,0.0,0.95,0.0,0.0,0.0,90.2,very_high,high,True
NBO-0500,-1.25312,36.710253,informal_iron_sheet,RP5,5,0.2,1275000.0,0.0,none,0.0,0.007734550592205869,0.007958927487002653,0.0,0.0,0.0,0.95,0.0,0.0,0.0,0.0,negligible,medium,True
NBO-0501,-1.295026,36.712918,concrete_rcc,RP5,5,0.2,476605000.0,0.0,none,0.0,0.20636175397254644,0.06437929279578938,0.0,0.0,0.0,0.8,0.0,0.0,0.0,0.0,negligible,medium,True
NBO-0502,-1.261483,36.874398,permanent_masonry,RP5,5,0.2,32125000.0,0.1,ml_model,0.051689475774765,0.7080598472692677,0.12894274209233691,0.29755912168972726,0.0,0.0,0.85,0.0,0.0,0.0,75.3,high,high,True
NBO-0503,-1.225395,36.907248,semi_permanent,RP5,5,0.2,4345000.0,0.1,proxy,0.3172338306903839,0.6313400617502413,0.18149447050330555,0.3172338306903839,0.0,0.0,0.9,0.0,0.0,0.0,88.3,high,high,True
NBO-0504,-1.305311,36.854259,concrete_rcc,RP5,5,0.2,871025000.0,0.0,none,0.0,0.4537528775002508,0.13037196375680554,0.0,0.0,0.0,0.8,0.0,0.0,0.0,0.0,negligible,medium,True
NBO-0505,-1.244107,36.925259,permanent_masonry,RP5,5,0.2,37065000.0,0.04,proxy,0.2582066655158996,0.6095104109637011,0.20647903576385226,0.2582066655158996,0.0,0.0,0.85,0.0,0.0,0.0,59.7,medium,medium,True
NBO-0506,-1.182312,36.828437,informal_iron_sheet,RP5,5,0.2,720000.0,0.0,none,0.0,0.1710540187470108,0.07264844269334031,0.0,0.0,0.0,0.95,0.0,0.0,0.0,0.0,negligible,medium,True
NBO-0507,-1.286124,36.862558,semi_permanent,RP5,5,0.2,2575000.0,0.1,known_hotspot,0.1114458739757537,0.6350868733233291,0.1246172299223489,0.28620159154581637,0.0,0.0,0.9,0.0,0.0,0.0,76.3,high,high,True
NBO-0508,-1.319233,36.80786,semi_permanent,RP5,5,0.2,4750000.0,0.01,proxy,0.1353619396686554,0.31815746724375454,0.11047765661799522,0.1353619396686554,0.0,0.0,0.9,0.0,0.0,0.0,43.3,low,medium,True
NBO-0509,-1.193795,36.897925,permanent_masonry,RP5,5,0.2,44085000.0,0.1,proxy,0.3580530881881714,0.36620224135987434,0.1665722086179258,0.3580530881881714,0.0,0.0,0.85,0.0,0.0,0.0,90.7,very_high,medium,True
NBO-0510,-1.336823,36.70879,informal_iron_sheet,RP5,5,0.2,890000.0,0.0,none,0.0,0.11963970621885936,0.058543700699426944,0.0,0.0,0.0,0.95,0.0,0.0,0.0,0.0,negligible,medium,True
NBO-0511,-1.184776,36.797872,informal_iron_sheet,RP5,5,0.2,720000.0,0.0,none,0.0,0.02542866195738499,0.013713099651399854,0.0,0.0,0.0,0.95,0.0,0.0,0.0,0.0,negligible,medium,True
NBO-0512,-1.188377,36.790529,informal_iron_sheet,RP5,5,0.2,1020000.0,0.0,none,0.0,0.05852479114287201,0.026316423624892057,0.0,0.0,0.0,0.95,0.0,0.0,0.0,0.0,negligible,medium,True
NBO-0513,-1.290784,36.727271,concrete_rcc,RP5,5,0.2,451570000.0,0.0,none,0.0,0.07161174096450423,0.039991797711333085,0.0,0.0,0.0,0.8,0.0,0.0,0.0,0.0,negligible,medium,True
NBO-0514,-1.265043,36.819492,semi_permanent,RP5,5,0.2,4725000.0,0.04,proxy,0.2468424439430236,0.30238212249805035,0.16464417789203942,0.2468424439430236,0.0,0.0,0.9,0.0,0.0,0.0,62.8,medium,medium,True
NBO-0515,-1.325057,36.886173,informal_iron_sheet,RP5,5,0.2,625000.0,0.0,none,0.0,0.07813494524833625,0.05540596858361857,0.0,0.0,0.0,0.95,0.0,0.0,0.0,0.0,negligible,medium,True
NBO-0516,-1.249747,36.737112,permanent_masonry,RP5,5,0.2,43265000.0,0.0,none,0.0,0.01724475739839995,0.011930461416292483,0.0,0.0,0.0,0.85,0.0,0.0,0.0,0.0,negligible,medium,True
NBO-0517,-1.34537,36.948643,semi_permanent,RP5,5,0.2,3700000.0,0.004,proxy,0.0525328740477561,0.1435582132186327,0.11242157691860039,0.0525328740477561,0.0,0.0,0.9,0.0,0.0,0.0,38.8,low,medium,True
NBO-0518,-1.207065,36.750001,permanent_masonry,RP5,5,0.2,58300000.0,0.0,none,0.0,0.44821262503921566,0.12867972986923906,0.0,0.0,0.0,0.85,0.0,0.0,0.0,0.0,negligible,medium,True
NBO-0519,-1.331527,36.92513,permanent_masonry,RP5,5,0.2,44655000.0,0.1,ml_model,0.0,0.7555164568800826,0.1295862429247158,0.3175025588562698,0.0,0.0,0.85,0.0,0.0,0.0,82.5,high,low,True
NBO-0520,-1.193567,36.704825,informal_iron_sheet,RP5,5,0.2,610000.0,0.0,none,0.0,1.9398523979845498e-05,0.00016653992538929658,0.0,0.0,0.0,0.95,0.0,0.0,0.0,0.0,negligible,medium,True
NBO-0521,-1.311918,36.827583,informal_iron_sheet,RP5,5,0.2,1680000.0,0.04,known_hotspot,0.1949077397584915,0.44778196596626435,0.1464805738442055,0.19791530445435046,0.0,0.0,0.95,0.0,0.0,0.0,50.0,medium,medium,True
NBO-0522,-1.288577,36.715379,informal_iron_sheet,RP5,5,0.2,1080000.0,0.004,proxy,0.0773663446307182,0.11522146392583173,0.06320904517477625,0.0773663446307182,0.0,0.0,0.95,0.0,0.0,0.0,41.5,low,medium,True
NBO-0523,-1.345307,36.773551,informal_iron_sheet,RP5,5,0.2,1165000.0,0.0,none,0.0,0.0524034060212618,0.022606434722806608,0.0,0.0,0.0,0.95,0.0,0.0,0.0,0.0,negligible,medium,True
NBO-0524,-1.285827,36.901408,informal_iron_sheet,RP5,5,0.2,655000.0,0.1,ml_model,0.0,0.6784664909864861,0.11294613296979601,0.28512264031415374,0.0,0.0,0.95,0.0,0.0,0.0,81.8,high,low,True
NBO-0525,-1.339053,36.852392,informal_iron_sheet,RP5,5,0.2,1140000.0,0.04,ml_model,0.0304293073713779,0.6054840999813459,0.1362479477089062,0.2544521027175667,0.0,0.0,0.95,0.0,0.0,0.0,73.5,medium,low,True
NBO-0526,-1.192388,36.92264,semi_permanent,RP5,5,0.2,6355000.0,0.1,ml_model,0.205046534538269,0.7398172186091947,0.09893364133267342,0.3109050211352717,0.0,0.0,0.9,0.0,0.0,0.0,85.2,high,low,True
NBO-0527,-1.210956,36.822111,informal_iron_sheet,RP5,5,0.2,1120000.0,0.0,none,0.0,0.06828860650720799,0.03444503144920202,0.0,0.0,0.0,0.95,0.0,0.0,0.0,0.0,negligible,medium,True
NBO-0528,-1.183892,36.727219,informal_iron_sheet,RP5,5,0.2,1655000.0,0.0,none,0.0,0.0014994242919184769,0.0020876309287457522,0.0,0.0,0.0,0.95,0.0,0.0,0.0,0.0,negligible,medium,True
NBO-0529,-1.27367,36.719198,semi_permanent,RP5,5,0.2,3100000.0,0.04,ml_model,0.0023091877810657,0.5989950672084312,0.13760072169474222,0.2517251144552453,0.0,0.0,0.9,0.0,0.0,0.0,64.5,medium,low,True
NBO-0530,-1.243356,36.83222,informal_iron_sheet,RP5,5,0.2,1710000.0,0.04,ml_model,0.0,0.5802798805166504,0.13009109461650814,0.24386013731278663,0.0,0.0,0.95,0.0,0.0,0.0,70.7,medium,low,True
NBO-0531,-1.262821,36.929629,permanent_masonry,RP5,5,0.2,33350000.0,0.1,ml_model,0.2391031980514526,0.7318882227968313,0.15665368238127586,0.3075728945658757,0.0,0.0,0.85,0.0,0.0,0.0,80.0,high,low,True
NBO-0532,-1.184216,36.946388,informal_iron_sheet,RP5,5,0.2,1245000.0,0.1,ml_model,0.1474845260381698,0.759574087185805,0.10238957099122535,0.3192077606334484,0.0,0.0,0.95,0.0,0.0,0.0,92.3,very_high,low,True
NBO-0533,-1.256164,36.887888,concrete_rcc,RP5,5,0.2,485690000.0,0.1,proxy,0.3583325147628784,0.31598931648539785,0.13557967542619467,0.3583325147628784,0.0,0.0,0.8,0.0,0.0,0.0,82.7,high,medium,True
NBO-0534,-1.214277,36.717458,concrete_rcc,RP5,5,0.2,1036940000.0,0.0,none,0.0,0.00044830210294492524,0.0014431472373654288,0.0,0.0,0.0,0.8,0.0,0.0,0.0,0.0,negligible,medium,True
NBO-0535,-1.295993,36.743629,semi_permanent,RP5,5,0.2,2675000.0,0.0,none,0.0,0.24815099181780761,0.08230778079450304,0.0,0.0,0.0,0.9,0.0,0.0,0.0,0.0,negligible,medium,True
NBO-0536,-1.225209,36.858199,informal_iron_sheet,RP5,5,0.2,2490000.0,0.1,ml_model,0.0,0.7262082439717508,0.11164493707853114,0.3051859077639473,0.0,0.0,0.95,0.0,0.0,0.0,89.0,high,low,True
NBO-0537,-1.22413,36.847103,informal_iron_sheet,RP5,5,0.2,1275000.0,0.1,ml_model,0.0,0.6892671113990844,0.07250217890460978,0.2896615548368052,0.0,0.0,0.95,0.0,0.0,0.0,83.5,high,low,True
NBO-0538,-1.27839,36.927619,semi_permanent,RP5,5,0.2,5200000.0,0.1,ml_model,0.1317443251609802,0.8680812213223125,0.08098874507670144,0.3648074195538759,0.0,0.0,0.9,0.0,0.0,0.0,93.5,very_high,low,True
NBO-0539,-1.312574,36.820574,informal_iron_sheet,RP5,5,0.2,490000.0,0.04,known_hotspot,0.0576923601329326,0.5687398459365968,0.13462308195820855,0.2478307596837513,0.0,0.0,0.95,0.0,0.0,0.0,71.2,medium,high,True
NBO-0540,-1.324529,36.76911,semi_permanent,RP5,5,0.2,7295000.0,0.0,none,0.0,0.4617222634624869,0.15121657969857025,0.0,0.0,0.0,0.9,0.0,0.0,0.0,0.0,negligible,medium,True
NBO-0541,-1.212603,36.730007,informal_iron_sheet,RP5,5,0.2,980000.0,0.0,none,0.0,0.0049060994099602295,0.007270188485305133,0.0,0.0,0.0,0.95,0.0,0.0,0.0,0.0,negligible,medium,True
NBO-0542,-1.189111,36.888,permanent_masonry,RP5,5,0.2,22450000.0,0.1,ml_model,0.1991578191518783,0.7914896487574421,0.10469377839898618,0.3326201388471211,0.0,0.0,0.85,0.0,0.0,0.0,87.2,high,low,True
NBO-0543,-1.315547,36.926666,informal_iron_sheet,RP5,5,0.2,925000.0,0.01,proxy,0.086611233651638,0.2323372453272929,0.10572280203278143,0.086611233651638,0.0,0.0,0.95,0.0,0.0,0.0,41.7,low,medium,True
NBO-0545,-1.242225,36.740313,permanent_masonry,RP5,5,0.2,39810000.0,0.0,none,0.0,0.04769195726943263,0.026496284098176396,0.0,0.0,0.0,0.85,0.0,0.0,0.0,0.0,negligible,medium,True
NBO-0546,-1.330179,36.854297,informal_iron_sheet,RP5,5,0.2,925000.0,0.0,none,0.0,0.18119497488295813,0.09116177738506648,0.0,0.0,0.0,0.95,0.0,0.0,0.0,0.0,negligible,medium,True
NBO-0548,-1.316532,36.819529,informal_iron_sheet,RP5,5,0.2,945000.0,0.004,known_hotspot,0.0,0.4760761614772859,0.10009748246970054,0.06736317750801639,0.0,0.0,0.95,0.0,0.0,0.0,40.7,low,medium,True
NBO-0549,-1.237462,36.709771,semi_permanent,RP5,5,0.2,5080000.0,0.0,none,0.0,0.00027368274222887865,0.0007975795994094569,0.0,0.0,0.0,0.9,0.0,0.0,0.0,0.0,negligible,medium,True
NBO-0550,-1.259167,36.767873,permanent_masonry,RP5,5,0.2,34820000.0,0.04,ml_model,0.0,0.5983785706470612,0.1504024711859815,0.2514660344127412,0.0,0.0,0.85,0.0,0.0,0.0,57.3,medium,low,True
NBO-0551,-1.229688,36.86457,permanent_masonry,RP5,5,0.2,42840000.0,0.1,ml_model,0.0408122949302196,0.8565787391690984,0.09233087738950595,0.3599735506373399,0.0,0.0,0.85,0.0,0.0,0.0,90.8,very_high,low,True
NBO-0552,-1.250584,36.731432,informal_iron_sheet,RP5,5,0.2,1455000.0,0.0,none,0.0,0.020770768919983435,0.0125845479247679,0.0,0.0,0.0,0.95,0.0,0.0,0.0,0.0,negligible,medium,True
NBO-0553,-1.323114,36.787484,semi_permanent,RP5,5,0.2,3040000.0,0.04,known_hotspot,0.0,0.42327931681921216,0.12015076880318708,0.23509053646517192,0.0,0.0,0.9,0.0,0.0,0.0,58.3,medium,medium,True
NBO-0554,-1.340246,36.945013,semi_permanent,RP5,5,0.2,5180000.0,0.04,ml_model,0.098816879093647,0.6226126370655855,0.13378213748226545,0.26165029715024435,0.0,0.0,0.9,0.0,0.0,0.0,68.2,medium,low,True
NBO-0555,-1.234729,36.732582,permanent_masonry,RP5,5,0.2,28945000.0,0.0,none,0.0,0.010072650319974367,0.011668504119173724,0.0,0.0,0.0,0.85,0.0,0.0,0.0,0.0,negligible,medium,True
NBO-0556,-1.196393,36.809098,concrete_rcc,RP5,5,0.2,521240000.0,0.0,none,0.0,0.007739057985822021,0.005481445155460438,0.0,0.0,0.0,0.8,0.0,0.0,0.0,0.0,negligible,medium,True
NBO-0557,-1.267599,36.862228,concrete_rcc,RP5,5,0.2,195090000.0,0.1,ml_model,0.0135989477857947,0.6974031186822864,0.14240916988205882,0.2930806770912129,0.0,0.0,0.8,0.0,0.0,0.0,59.8,medium,low,True
NBO-0558,-1.196781,36.753065,permanent_masonry,RP5,5,0.2,35710000.0,0.04,ml_model,0.0,0.5463908979226634,0.1349627252452115,0.22961843735689239,0.0,0.0,0.85,0.0,0.0,0.0,50.7,medium,low,True
NBO-0559,-1.180076,36.902401,semi_permanent,RP5,5,0.2,4615000.0,0.1,ml_model,0.2211252897977829,0.7126277627343409,0.11942545583722644,0.2994787686220906,0.0,0.0,0.9,0.0,0.0,0.0,81.7,high,low,True
NBO-0560,-1.255496,36.743072,semi_permanent,RP5,5,0.2,5635000.0,0.0,none,0.0,0.008570595934002927,0.006953448232418022,0.0,0.0,0.0,0.9,0.0,0.0,0.0,0.0,negligible,medium,True
NBO-0561,-1.295388,36.849583,concrete_rcc,RP5,5,0.2,432790000.0,0.04,ml_model,0.0475454106926918,0.5905131551314343,0.11965837836738055,0.24816062719104817,0.0,0.0,0.8,0.0,0.0,0.0,46.8,low,low,True
NBO-0562,-1.315337,36.709384,informal_iron_sheet,RP5,5,0.2,520000.0,0.0,none,0.0,0.07097103586384518,0.041950910232168945,0.0,0.0,0.0,0.95,0.0,0.0,0.0,0.0,negligible,medium,True
NBO-0563,-1.25133,36.949922,informal_iron_sheet,RP5,5,0.2,1345000.0,0.04,ml_model,0.2357229739427566,0.6024323843371878,0.20866642581317446,0.2531696322735434,0.0,0.0,0.95,0.0,0.0,0.0,72.5,medium,low,True
NBO-0564,-1.19492,36.831777,permanent_masonry,RP5,5,0.2,74785000.0,0.1,ml_model,0.0,0.6981192548578489,0.11071355071238426,0.29338163025531677,0.0,0.0,0.85,0.0,0.0,0.0,73.0,medium,low,True
NBO-0565,-1.343686,36.759716,informal_iron_sheet,RP5,5,0.2,410000.0,0.0,none,0.0,0.08335428970164446,0.036332309853557246,0.0,0.0,0.0,0.95,0.0,0.0,0.0,0.0,negligible,medium,True
NBO-0566,-1.263318,36.733818,semi_permanent,RP5,5,0.2,5305000.0,0.0,none,0.0,0.3172705591411652,0.11273384036062704,0.0,0.0,0.0,0.9,0.0,0.0,0.0,0.0,negligible,medium,True
NBO-0567,-1.182158,36.710157,informal_iron_sheet,RP5,5,0.2,2375000.0,0.0,none,0.0,4.8003633586931294e-05,0.00027895982326351434,0.0,0.0,0.0,0.95,0.0,0.0,0.0,0.0,negligible,medium,True
NBO-0568,-1.215505,36.766714,informal_iron_sheet,RP5,5,0.2,1325000.0,0.04,ml_model,0.0,0.5138844512861297,0.15654028816797375,0.21595774222254088,0.0,0.0,0.95,0.0,0.0,0.0,58.0,medium,low,True
NBO-0570,-1.301884,36.762107,permanent_masonry,RP5,5,0.2,59055000.0,0.0,none,0.0,0.3750124849815691,0.11575195911464398,0.0,0.0,0.0,0.85,0.0,0.0,0.0,0.0,negligible,medium,True
NBO-0571,-1.343186,36.934871,concrete_rcc,RP5,5,0.2,404475000.0,0.04,ml_model,0.0851868018507957,0.6332876683407013,0.13397774828132658,0.2661364333751472,0.0,0.0,0.8,0.0,0.0,0.0,50.3,medium,low,True
NBO-0572,-1.218469,36.948093,concrete_rcc,RP5,5,0.2,831600000.0,0.04,ml_model,0.2475674003362655,0.6539244793027883,0.16601834510264685,0.27480896489637086,0.0,0.0,0.8,0.0,0.0,0.0,52.0,medium,low,True
NBO-0573,-1.209108,36.843527,informal_iron_sheet,RP5,5,0.2,705000.0,0.04,ml_model,0.0461423248052597,0.607757113648056,0.17612737250848137,0.25540732698690416,0.0,0.0,0.95,0.0,0.0,0.0,73.8,medium,low,True
NBO-0574,-1.328134,36.729186,semi_permanent,RP5,5,0.2,6125000.0,0.0,none,0.0,0.01258714505793947,0.007835491684287625,0.0,0.0,0.0,0.9,0.0,0.0,0.0,0.0,negligible,medium,True
NBO-0575,-1.330035,36.785141,permanent_masonry,RP5,5,0.2,56840000.0,0.004,known_hotspot,0.0,0.015168339072277118,0.011969434936740624,0.011338309079435532,0.0,0.0,0.85,0.0,0.0,0.0,35.2,low,medium,True
NBO-0576,-1.32098,36.87598,semi_permanent,RP5,5,0.2,4980000.0,0.04,ml_model,0.0,0.5959095748432669,0.08602721125007545,0.2504284494887181,0.0,0.0,0.9,0.0,0.0,0.0,64.2,medium,low,True
NBO-0577,-1.254205,36.793286,permanent_masonry,RP5,5,0.2,81530000.0,0.04,ml_model,0.0,0.6190758638923272,0.11203699609759991,0.26016398335472374,0.0,0.0,0.85,0.0,0.0,0.0,60.3,medium,low,True
NBO-0578,-1.255227,36.862573,concrete_rcc,RP5,5,0.2,219745000.0,0.1,ml_model,0.0,0.7665375096751802,0.11694337283053266,0.32213410914464286,0.0,0.0,0.8,0.0,0.0,0.0,72.0,medium,low,True
NBO-0579,-1.284944,36.872587,informal_iron_sheet,RP5,5,0.2,1100000.0,0.04,ml_model,0.0394090451300144,0.6582342925243975,0.12054128046745081,0.27662014546509633,0.0,0.0,0.95,0.0,0.0,0.0,79.5,high,low,True
NBO-0580,-1.184273,36.742328,informal_iron_sheet,RP5,5,0.2,1260000.0,0.0,none,0.0,0.023917093602986737,0.013431174167875681,0.0,0.0,0.0,0.95,0.0,0.0,0.0,0.0,negligible,medium,True
NBO-0581,-1.223779,36.773558,informal_iron_sheet,RP5,5,0.2,855000.0,0.0,none,0.0,0.10000794851846011,0.04331487098116012,0.0,0.0,0.0,0.95,0.0,0.0,0.0,0.0,negligible,medium,True
NBO-0582,-1.260893,36.864061,informal_iron_sheet,RP5,5,0.2,2070000.0,0.1,ml_model,0.1008272171020507,0.7117774821953751,0.10854961629987926,0.29912144186314454,0.0,0.0,0.95,0.0,0.0,0.0,88.2,high,low,True
NBO-0583,-1.318733,36.827757,informal_iron_sheet,RP5,5,0.2,815000.0,0.004,known_hotspot,0.0,0.41010183511685916,0.1030921965703379,0.02041197009359884,0.0,0.0,0.95,0.0,0.0,0.0,36.7,low,medium,True
NBO-0584,-1.337643,36.82649,informal_iron_sheet,RP5,5,0.2,1585000.0,0.0,none,0.0,0.044992825539371076,0.024557172308783362,0.0,0.0,0.0,0.95,0.0,0.0,0.0,0.0,negligible,medium,True
NBO-0585,-1.267538,36.730176,permanent_masonry,RP5,5,0.2,57585000.0,0.0,none,0.0,0.49019770807232627,0.127940676055766,0.0,0.0,0.0,0.85,0.0,0.0,0.0,0.0,negligible,medium,True
NBO-0586,-1.196646,36.92581,permanent_masonry,RP5,5,0.2,37075000.0,0.04,ml_model,0.2206043452024459,0.6372908360061692,0.12312963903380844,0.2678187474607535,0.0,0.0,0.85,0.0,0.0,0.0,62.7,medium,low,True
NBO-0587,-1.230529,36.707301,semi_permanent,RP5,5,0.2,3810000.0,0.0,none,0.0,0.0001100361633477345,0.0004360318567783023,0.0,0.0,0.0,0.9,0.0,0.0,0.0,0.0,negligible,medium,True
NBO-0589,-1.303936,36.77295,concrete_rcc,RP5,5,0.2,767380000.0,0.0,none,0.0,0.4739099354693274,0.1495250063973521,0.0,0.0,0.0,0.8,0.0,0.0,0.0,0.0,negligible,medium,True
NBO-0590,-1.284527,36.892554,permanent_masonry,RP5,5,0.2,50695000.0,0.0,none,0.0,0.39692008479305313,0.11397505378809582,0.0,0.0,0.0,0.85,0.0,0.0,0.0,0.0,negligible,medium,True
NBO-0591,-1.268694,36.778328,semi_permanent,RP5,5,0.2,5395000.0,0.1,ml_model,0.0,0.7481843036937921,0.0955054062580535,0.3144212528471501,0.0,0.0,0.9,0.0,0.0,0.0,86.8,high,low,True
NBO-0592,-1.311754,36.901046,permanent_masonry,RP5,5,0.2,62610000.0,0.1,ml_model,0.0028908329550176,0.7047493245405319,0.14756766140569766,0.29616788867560334,0.0,0.0,0.85,0.0,0.0,0.0,74.7,medium,low,True
NBO-0593,-1.243736,36.854758,semi_permanent,RP5,5,0.2,2520000.0,0.1,ml_model,0.0,0.8605550002902551,0.09741332730467923,0.3616445573628073,0.0,0.0,0.9,0.0,0.0,0.0,93.2,very_high,low,True
NBO-0594,-1.325088,36.940654,informal_iron_sheet,RP5,5,0.2,1090000.0,0.04,ml_model,0.133851945400238,0.5862328905104066,0.13304817809553832,0.2463618642953063,0.0,0.0,0.95,0.0,0.0,0.0,70.8,medium,low,True
NBO-0595,-1.259297,36.878847,permanent_masonry,RP5,5,0.2,40365000.0,0.1,known_hotspot,0.1646010726690292,0.5434204743498473,0.12902407571612595,0.3327522279305491,0.0,0.0,0.85,0.0,0.0,0.0,87.3,high,high,True
NBO-0597,-1.296252,36.788082,informal_iron_sheet,RP5,5,0.2,780000.0,0.0,none,0.0,0.1440085926258712,0.05825246378222324,0.0,0.0,0.0,0.95,0.0,0.0,0.0,0.0,negligible,medium,True
NBO-0598,-1.340629,36.87552,semi_permanent,RP5,5,0.2,6200000.0,0.04,ml_model,0.0,0.5561180045551006,0.10331254143809453,0.23370621230599162,0.0,0.0,0.9,0.0,0.0,0.0,57.7,medium,low,True
NBO-0599,-1.298736,36.871765,concrete_rcc,RP5,5,0.2,704215000.0,0.0,none,0.0,0.11263786116090264,0.059325563835589804,0.0,0.0,0.0,0.8,0.0,0.0,0.0,0.0,negligible,medium,True
NBO-0316,-1.206311,36.910658,concrete_rcc,RP10,10,0.1,522650000.0,0.2,proxy,0.6274335384368896,0.0972197105652129,0.09392305035556024,0.6274335384368896,0.48219920275498457,1.387802040435787,0.8,0.37086765705761626,193833980.96116313,193833980.96116313,97.0,very_high,medium,True
NBO-0452,-1.222582,36.9336,concrete_rcc,RP10,10,0.1,380470000.0,0.2,proxy,0.6099970936775208,0.12963879101529024,0.13911044127417985,0.6099970936775208,0.45796566074575434,1.3180562613983113,0.8,0.3552446025532217,135159913.93342426,135159913.93342426,96.7,very_high,medium,True
NBO-0403,-1.231914,36.931956,concrete_rcc,RP10,10,0.1,946115000.0,0.2,known_hotspot,0.1412157714366912,0.7966106540689323,0.10774658693611791,0.39572514917104035,0.16016595213215168,0.4609684833723897,0.8,0.141978292878696,134327792.56692746,0.0,89.8,high,high,True
NBO-0416,-1.181257,36.913667,concrete_rcc,RP10,10,0.1,1356500000.0,0.1,ml_model,0.1890417337417602,0.8489979070832966,0.08008610317052174,0.3567877383845648,0.10604990995459129,0.3052188402264875,0.8,0.09400740278975814,127521041.88430691,0.0,82.2,high,low,True
NBO-0151,-1.26734,36.901219,concrete_rcc,RP10,10,0.1,1108710000.0,0.1,ml_model,0.0129179852083325,0.7906344535117883,0.11525401613421414,0.3322607467037149,0.07196177493276885,0.207110873503088,0.8,0.0637901490389511,70724776.14097548,0.0,76.2,high,low,True
NBO-0311,-1.185447,36.889115,concrete_rcc,RP10,10,0.1,743690000.0,0.1,ml_model,0.1163301318883895,0.8187645970868985,0.06777222937080668,0.34408231919860677,0.08839164797303943,0.2543971634826554,0.8,0.07835432635265785,58271328.96520811,0.0,79.8,high,low,True
NBO-0533,-1.256164,36.887888,concrete_rcc,RP10,10,0.1,485690000.0,0.1,proxy,0.3583325147628784,0.31598931648539785,0.13557967542619467,0.3583325147628784,0.1081968730411239,0.311397945739742,0.8,0.09591056728784053,46582803.42603127,46582803.42603127,82.7,high,medium,True
NBO-0466,-1.248392,36.783232,concrete_rcc,RP10,10,0.1,526250000.0,0.1,proxy,0.351980060338974,0.10888902209122603,0.10187026891457572,0.351980060338974,0.09936809668975834,0.2859881280441243,0.8,0.08808434343759029,46354385.73403189,46354385.73403189,81.5,high,high,True
NBO-0200,-1.306727,36.812002,concrete_rcc,RP10,10,0.1,789520000.0,0.1,known_hotspot,0.0343876369297504,0.5408021363096635,0.0678301087934469,0.31569079534273153,0.04893250388933937,0.14083106805915446,0.8,0.043375968962219576,34246195.015051596,0.0,70.5,medium,high,True
NBO-0159,-1.2755,36.909436,concrete_rcc,RP10,10,0.1,523215000.0,0.1,ml_model,0.0515363663434982,0.7839780105023499,0.09401027535640803,0.32946340500568616,0.06807396990778367,0.19592150671097297,0.8,0.06034382406697967,31572793.909204766,0.0,74.8,medium,high,True
NBO-0218,-1.235727,36.901794,permanent_masonry,RP10,10,0.1,58185000.0,0.2,proxy,0.5980092883110046,0.16826179091483573,0.14509080708870067,0.5980092883110046,0.4413047537227301,1.2701050399322469,0.85,0.46103151197967407,26825118.524537336,26825118.524537336,98.2,very_high,medium,True
NBO-0146,-1.209838,36.867674,concrete_rcc,RP10,10,0.1,266365000.0,0.1,ml_model,0.0,0.861789658578926,0.0666063856713733,0.3621634172266744,0.11352114281462693,0.3267215555949259,0.8,0.10063023912323717,26804373.644061066,0.0,83.2,high,low,True
NBO-0024,-1.198924,36.910241,concrete_rcc,RP10,10,0.1,229970000.0,0.1,proxy,0.3686547875404358,0.30894820163912323,0.18421715464025115,0.3686547875404358,0.12254298742612561,0.3526870368499715,0.8,0.10862760734979121,24981090.862231486,24981090.862231486,84.5,high,medium,True
NBO-0075,-1.242933,36.931356,concrete_rcc,RP10,10,0.1,161250000.0,0.2,proxy,0.402626633644104,0.40769906587643107,0.24263992400818346,0.402626633644104,0.16975778213030387,0.48857442126464434,0.8,0.15048092174951044,24265048.632108558,24265048.632108558,90.3,very_high,medium,True
NBO-0149,-1.201048,36.932221,permanent_masonry,RP10,10,0.1,43470000.0,0.2,proxy,0.6828710436820984,0.08567422561875514,0.11483622356014887,0.6828710436820984,0.5592474273665315,1.6095520614166219,0.85,0.5541014535116568,24086790.184151724,24086790.184151724,99.0,very_high,medium,True
NBO-0491,-1.22655,36.947095,permanent_masonry,RP10,10,0.1,43385000.0,0.2,proxy,0.6811106204986572,0.07820292774748604,0.12084315206545727,0.6811106204986572,0.5568007537608344,1.6025103686828572,0.85,0.5525522811102286,23972480.715967268,23972480.715967268,98.8,very_high,medium,True
NBO-0421,-1.245747,36.759842,concrete_rcc,RP10,10,0.1,391420000.0,0.1,proxy,0.3255207538604736,0.1078987954063219,0.10820393084415017,0.3255207538604736,0.06259438943861083,0.18015090213012264,0.8,0.05548647785607777,21718517.16242596,21718517.16242596,73.3,medium,medium,True
NBO-0492,-1.20285,36.871324,permanent_masonry,RP10,10,0.1,36180000.0,0.2,proxy,0.6854886412620544,0.09927832007907018,0.1580188590410488,0.6854886412620544,0.5628854201909025,1.620022451736446,0.85,0.5564049393820182,20130730.706841417,20130730.706841417,99.3,very_high,medium,True
NBO-0308,-1.253911,36.823871,permanent_masonry,RP10,10,0.1,56055000.0,0.2,proxy,0.5121504068374634,0.07757964839573314,0.13716731486103922,0.5121504068374634,0.32197625300089555,0.9266695140380818,0.85,0.3565342444921862,19985527.075009495,19985527.075009495,96.8,very_high,medium,True
NBO-0588,-1.194468,36.887787,permanent_masonry,RP10,10,0.1,92395000.0,0.2,proxy,0.3935819566249847,0.47960883407310356,0.1923351520177114,0.3935819566249847,0.15718729752019,0.45239571318816707,0.85,0.1990541138027935,18391604.844809107,18391604.844809107,94.0,very_high,medium,True
NBO-0544,-1.257331,36.882131,permanent_masonry,RP10,10,0.1,76430000.0,0.2,known_hotspot,0.0716006457805633,0.7407412194677412,0.12962856458109645,0.38870407301490284,0.1504079110677116,0.4328841787478397,0.85,0.19046903864904946,14557548.623946851,0.0,93.8,very_high,high,True
NBO-0423,-1.249578,36.901111,concrete_rcc,RP10,10,0.1,633555000.0,0.1,ml_model,0.1210682392120361,0.7099109973057399,0.14505016313126382,0.29833705957321677,0.024813912594422297,0.0714161249810954,0.8,0.02199616649417738,13935781.26321855,0.0,62.2,medium,low,True
NBO-0130,-1.194198,36.949316,concrete_rcc,RP10,10,0.1,958965000.0,0.1,proxy,0.2919898331165313,0.6194855649584395,0.14575106152186373,0.2919898331165313,0.015992402183159334,0.046027219154353594,0.8,0.014176383499540908,13594655.602637246,13594655.602637246,59.3,medium,high,True
NBO-0209,-1.241941,36.938785,permanent_masonry,RP10,10,0.1,24420000.0,0.2,proxy,0.6831744313240051,0.10150246349263495,0.12664169200465475,0.6831744313240051,0.5596690819679535,1.6107656119842488,0.85,0.5543684346365347,13537677.173824178,13537677.173824178,99.2,very_high,medium,True
NBO-0203,-1.344032,36.870461,permanent_masonry,RP10,10,0.1,70840000.0,0.2,proxy,0.3885695338249206,0.28943480110868625,0.16209438375019833,0.3885695338249206,0.15022092563820935,0.4323460219879107,0.85,0.19023224967468072,13476052.566954382,13476052.566954382,93.7,very_high,medium,True
NBO-0569,-1.227372,36.910585,permanent_masonry,RP10,10,0.1,51120000.0,0.2,proxy,0.4277280867099762,0.5056637330141459,0.19346374223766552,0.4277280867099762,0.20464431581072548,0.5889802335281331,0.85,0.24847367472900259,12701974.252146613,12701974.252146613,96.0,very_high,high,True
NBO-0578,-1.255227,36.862573,concrete_rcc,RP10,10,0.1,219745000.0,0.1,ml_model,0.0,0.7665375096751802,0.11694337283053266,0.32213410914464286,0.05788755853792946,0.16660432326679975,0.8,0.05131413156617432,11276023.841008976,0.0,72.0,medium,low,True
NBO-0362,-1.218859,36.931263,concrete_rcc,RP10,10,0.1,827820000.0,0.1,proxy,0.2912556231021881,0.5953146015005545,0.18490077808785524,0.2912556231021881,0.014971981479757432,0.04309037909698077,0.8,0.013271836761870076,10986691.908211287,10986691.908211287,58.8,medium,high,True
NBO-0141,-1.249756,36.907099,permanent_masonry,RP10,10,0.1,46335000.0,0.2,proxy,0.4042948782444,0.3356100661622457,0.14109192181763228,0.4042948782444,0.1720763439794,0.4952473996658284,0.85,0.21790885585296452,10096806.835947111,10096806.835947111,94.3,very_high,medium,True
NBO-0365,-1.245682,36.872151,permanent_masonry,RP10,10,0.1,74420000.0,0.1,ml_model,0.0175005178898572,0.8391552219340547,0.09326118150299041,0.35265139205823065,0.10030112780047219,0.28867345492115093,0.85,0.12701632016530642,9452554.546702104,0.0,90.0,very_high,low,True
NBO-0065,-1.209508,36.895722,permanent_masonry,RP10,10,0.1,107485000.0,0.1,ml_model,0.1351150274276733,0.780503397816741,0.09682919520245897,0.32800321388917364,0.06604456521824696,0.19008074224492288,0.85,0.08363552658776607,8989564.575286036,0.0,85.0,high,low,True
NBO-0233,-1.188452,36.919106,permanent_masonry,RP10,10,0.1,130825000.0,0.1,ml_model,0.1766581684350967,0.75964040127512,0.09819016583285574,0.31923562884578716,0.05385918893308187,0.15501040207137695,0.85,0.06820457691140586,8922863.77443467,0.0,83.0,high,low,True
NBO-0301,-1.196509,36.858876,permanent_masonry,RP10,10,0.1,95790000.0,0.1,ml_model,0.0,0.7906858768042093,0.06549446931173689,0.3322823571223627,0.07199180955251878,0.20719731517767914,0.85,0.09116681867817883,8732869.56118275,0.0,86.7,high,low,True
NBO-0091,-1.308021,36.816316,permanent_masonry,RP10,10,0.1,37840000.0,0.2,known_hotspot,0.0110014136880636,0.678829756695947,0.0777518814887044,0.4065433110090325,0.17520126368686353,0.5042411307243584,0.85,0.22135716183179469,8376155.003715111,0.0,94.8,very_high,high,True
NBO-0027,-1.255159,36.817647,concrete_rcc,RP10,10,0.1,239875000.0,0.1,ml_model,0.0,0.7335975477190672,0.13064608833446315,0.3082912310518443,0.03864843196023438,0.11123281089560555,0.8,0.034259705755846505,8218046.918183681,0.0,67.5,medium,low,True
NBO-0509,-1.193795,36.897925,permanent_masonry,RP10,10,0.1,44085000.0,0.1,proxy,0.3580530881881714,0.36620224135987434,0.1665722086179258,0.3580530881881714,0.10780852004083583,0.3102802394409139,0.85,0.13652330535400212,6018629.916531184,6018629.916531184,90.7,very_high,medium,True
NBO-0551,-1.229688,36.86457,permanent_masonry,RP10,10,0.1,42840000.0,0.1,ml_model,0.0408122949302196,0.8565787391690984,0.09233087738950595,0.3599735506373399,0.11047761962399869,0.31796208923758784,0.85,0.13990331926453864,5993458.197292835,0.0,90.8,very_high,low,True
NBO-0418,-1.225647,36.840018,permanent_masonry,RP10,10,0.1,69265000.0,0.1,ml_model,0.0,0.7835945098042236,0.08199707283617766,0.329302240477939,0.06784998001721493,0.1952768485999843,0.85,0.08592181338399309,5951374.404042281,0.0,85.8,high,low,True
NBO-0391,-1.303499,36.883827,permanent_masonry,RP10,10,0.1,78850000.0,0.1,ml_model,0.0100945318117737,0.7686210908913024,0.09268862759893606,0.32300972523702487,0.05910450841799581,0.1701067876363278,0.85,0.07484698655998423,5901684.890254756,0.0,83.8,high,low,True
NBO-0326,-1.274304,36.944364,permanent_masonry,RP10,10,0.1,66125000.0,0.1,proxy,0.326412945985794,0.599977574356021,0.1786784567269931,0.326412945985794,0.06383437704202637,0.18371967063140437,0.85,0.08083665507781793,5345323.817020711,5345323.817020711,84.8,high,high,True
NBO-0259,-1.194012,36.894882,permanent_masonry,RP10,10,0.1,30340000.0,0.2,proxy,0.3750833570957184,0.3607925819487969,0.14760256587135595,0.3750833570957184,0.13147755020696383,0.37840131507110186,0.85,0.1664965786312848,5051506.195673181,5051506.195673181,93.0,very_high,medium,True
NBO-0417,-1.302171,36.892264,permanent_masonry,RP10,10,0.1,50905000.0,0.1,ml_model,0.012592683546245,0.7821128865284076,0.10535031905899757,0.32867959463475616,0.06698461357320196,0.19278626522725295,0.85,0.0848259566999913,4318065.325813057,0.0,85.7,high,low,True
NBO-0595,-1.259297,36.878847,permanent_masonry,RP10,10,0.1,40365000.0,0.1,known_hotspot,0.1646010726690292,0.5434204743498473,0.12902407571612595,0.3327522279305491,0.07264484600153329,0.2090767984104247,0.85,0.09199379130058687,3713329.385848189,0.0,87.3,high,high,True
NBO-0036,-1.256369,36.829457,permanent_masonry,RP10,10,0.1,31480000.0,0.1,proxy,0.3459735810756683,0.2405682064633302,0.1486538162439744,0.3459735810756683,0.09102016397964102,0.26196221099090145,0.85,0.11526337283599664,3628490.976877174,3628490.976877174,89.2,high,medium,True
NBO-0329,-1.231313,36.878088,permanent_masonry,RP10,10,0.1,23595000.0,0.1,ml_model,0.0,0.8494354705299759,0.10634851986253789,0.3569716225511075,0.10630547608267772,0.30595437689265825,0.85,0.13461992583276963,3176357.1500241994,0.0,90.5,very_high,low,True
NBO-0222,-1.24835,36.946666,semi_permanent,RP10,10,0.1,6000000.0,0.2,proxy,0.5876656770706177,0.16287887683428243,0.15993918485366443,0.5876656770706177,0.42692898268796237,1.228730594970699,0.9,0.5223430141894516,3134058.0851367097,3134058.0851367097,98.7,very_high,medium,True
NBO-0557,-1.267599,36.862228,concrete_rcc,RP10,10,0.1,195090000.0,0.1,ml_model,0.0135989477857947,0.6974031186822864,0.14240916988205882,0.2930806770912129,0.01750848035452838,0.050390595053079856,0.8,0.015520303276348596,3027855.9661828475,0.0,59.8,medium,low,True
NBO-0519,-1.331527,36.92513,permanent_masonry,RP10,10,0.1,44655000.0,0.1,ml_model,0.0,0.7555164568800826,0.1295862429247158,0.3175025588562698,0.051450531378431114,0.14807812211330762,0.85,0.06515437372985536,2909468.558906691,0.0,82.5,high,low,True
NBO-0038,-1.257297,36.878574,permanent_masonry,RP10,10,0.1,57240000.0,0.1,ml_model,0.0550626032054424,0.7349021183940724,0.12165400036602726,0.3088394712969787,0.03941038792057866,0.11342577187614311,0.85,0.04990733962550297,2856696.12016379,0.0,80.8,high,high,True
NBO-0026,-1.263277,36.866831,permanent_masonry,RP10,10,0.1,44030000.0,0.1,ml_model,0.0,0.7421631624995281,0.12520860608566423,0.3118908940190867,0.04365132016018509,0.12563146276457515,0.85,0.05527784361641307,2433883.454430667,0.0,81.2,high,low,True
NBO-0542,-1.189111,36.888,permanent_masonry,RP10,10,0.1,22450000.0,0.1,ml_model,0.1991578191518783,0.7914896487574421,0.10469377839898618,0.3326201388471211,0.07246126578226336,0.20854844207671275,0.85,0.0917613145137536,2060041.5108337684,0.0,87.2,high,low,True
NBO-0339,-1.310599,36.826601,concrete_rcc,RP10,10,0.1,439535000.0,0.1,known_hotspot,0.2111832946538925,0.4514887937455888,0.15881506576248527,0.2838643484665984,0.004699430690005519,0.013525280554621988,0.8,0.0041657864108235725,1831008.9300813389,0.0,54.7,medium,high,True
NBO-0252,-1.311595,36.796579,permanent_masonry,RP10,10,0.1,36755000.0,0.1,ml_model,0.0,0.7340387708502637,0.09846515424935254,0.30847665318514894,0.03890613558725758,0.11197449942882409,0.85,0.0492687797486826,1810873.999662829,0.0,80.5,high,low,True
NBO-0592,-1.311754,36.901046,permanent_masonry,RP10,10,0.1,62610000.0,0.1,ml_model,0.0028908329550176,0.7047493245405319,0.14756766140569766,0.29616788867560334,0.021799152716594015,0.06273944139064169,0.85,0.027605354211882344,1728371.2272059536,0.0,74.7,medium,low,True
NBO-0564,-1.19492,36.831777,permanent_masonry,RP10,10,0.1,74785000.0,0.1,ml_model,0.0,0.6981192548578489,0.11071355071238426,0.29338163025531677,0.01792675146688938,0.051594407709495416,0.85,0.022701539392177984,1697734.6234440305,0.0,73.0,medium,low,True
NBO-0531,-1.262821,36.929629,permanent_masonry,RP10,10,0.1,33350000.0,0.1,ml_model,0.2391031980514526,0.7318882227968313,0.15665368238127586,0.3075728945658757,0.03765007262438818,0.10835946495173121,0.85,0.047678164578761735,1590066.7887017038,0.0,80.0,high,low,True
NBO-0079,-1.240748,36.917596,semi_permanent,RP10,10,0.1,3200000.0,0.2,proxy,0.5309082269668579,0.19747964282514532,0.18467691823603166,0.5309082269668579,0.34804627062091636,1.00170079455566,0.9,0.4406122860400376,1409959.3153281203,1409959.3153281203,97.8,very_high,medium,True
NBO-0242,-1.219856,36.921451,semi_permanent,RP10,10,0.1,5850000.0,0.2,proxy,0.3921989500522613,0.3040299749390692,0.14454632263660286,0.3921989500522613,0.15526516555225398,0.4468636868972735,0.9,0.23159565576855304,1354834.5862460353,1354834.5862460353,95.3,very_high,medium,True
NBO-0293,-1.204167,36.891005,semi_permanent,RP10,10,0.1,2185000.0,0.2,proxy,0.6318746209144592,0.11213308921218412,0.11933244339150105,0.6318746209144592,0.48837151369748966,1.4055663703460652,0.9,0.5710695217713613,1247786.9050704243,1247786.9050704243,99.8,very_high,medium,True
NBO-0279,-1.242356,36.946982,semi_permanent,RP10,10,0.1,3240000.0,0.2,proxy,0.4855479598045349,0.3114974046097574,0.20236257976363584,0.4855479598045349,0.2850036059608847,0.820259725906368,0.9,0.37497973474804525,1214934.3405836667,1214934.3405836667,97.2,very_high,medium,True
NBO-0002,-1.257597,36.896201,semi_permanent,RP10,10,0.1,3300000.0,0.2,proxy,0.4584057033061981,0.22612470795584633,0.10637135544871128,0.4584057033061981,0.2472807202376168,0.7116906999130208,0.9,0.3332892287666,1099854.45492978,1099854.45492978,96.5,very_high,medium,True
NBO-0005,-1.202301,36.930681,informal_iron_sheet,RP10,10,0.1,1570000.0,0.2,proxy,0.6697713136672974,0.08751901638409292,0.11201319309629518,0.6697713136672974,0.5410411438033251,1.5571531413574178,0.95,0.7004313481665028,1099677.2166214094,1099677.2166214094,100.0,very_high,medium,True
NBO-0404,-1.297077,36.90215,semi_permanent,RP10,10,0.1,4480000.0,0.2,proxy,0.3978939950466156,0.3760252596085075,0.19578562857438234,0.3978939950466156,0.16318026028743418,0.46964386687469073,0.9,0.24034324487988123,1076737.737061868,1076737.737061868,95.7,very_high,medium,True
NBO-0206,-1.274787,36.929401,semi_permanent,RP10,10,0.1,8345000.0,0.1,ml_model,0.1609867513179779,0.8089931531913945,0.09883413273520744,0.3399759117043814,0.08268447544494374,0.23797153350575395,0.9,0.1256489696910381,1048540.6520717129,0.0,91.5,very_high,low,True
NBO-0433,-1.247364,36.787692,semi_permanent,RP10,10,0.1,4320000.0,0.2,known_hotspot,0.0,0.5186346610841481,0.1884444405665223,0.38722498160505164,0.14835223834825648,0.4269678131084349,0.9,0.223955640233639,967488.3658093205,0.0,95.2,very_high,high,True
NBO-0502,-1.261483,36.874398,permanent_masonry,RP10,10,0.1,32125000.0,0.1,ml_model,0.051689475774765,0.7080598472692677,0.12894274209233691,0.29755912168972726,0.023732717967863744,0.06830437344713736,0.85,0.03005392431674044,965482.3186752866,0.0,75.3,high,high,True
NBO-0319,-1.256119,36.841093,semi_permanent,RP10,10,0.1,6610000.0,0.1,ml_model,0.0,0.8306734049771173,0.07850071449945262,0.3490869447678316,0.09534718309765888,0.27441566575955467,0.9,0.14489147152104484,957732.6267541064,0.0,92.8,very_high,low,True
NBO-0071,-1.220708,36.937779,semi_permanent,RP10,10,0.1,3840000.0,0.2,proxy,0.3993943929672241,0.28167273319536035,0.194945682499234,0.3993943929672241,0.16526554524898526,0.4756454585571248,0.9,0.24264785608593592,931767.767369994,931767.767369994,95.8,very_high,medium,True
NBO-0538,-1.27839,36.927619,semi_permanent,RP10,10,0.1,5200000.0,0.1,ml_model,0.1317443251609802,0.8680812213223125,0.08098874507670144,0.3648074195538759,0.11719583351866582,0.337297564903732,0.9,0.17809311426917046,926084.1941996864,0.0,93.5,very_high,low,True
NBO-0241,-1.230749,36.829461,permanent_masonry,RP10,10,0.1,37825000.0,0.1,ml_model,0.0070095574483275,0.6971811153770489,0.16858590285911337,0.29298738115193107,0.017378815672589042,0.05001741129595261,0.85,0.022007660970219146,832439.7761985392,0.0,72.7,medium,low,True
NBO-0372,-1.244471,36.934206,semi_permanent,RP10,10,0.1,5795000.0,0.1,proxy,0.3388372659683227,0.473719016552436,0.1727062830806231,0.3388372659683227,0.08110196136829499,0.23341695056151912,0.9,0.1232441498964821,714199.8486501137,714199.8486501137,91.2,very_high,medium,True
NBO-0033,-1.237085,36.896404,informal_iron_sheet,RP10,10,0.1,1165000.0,0.2,proxy,0.5524764060974121,0.17296050054528472,0.13766260244100043,0.5524764060974121,0.3780221849908481,1.0879735110778768,0.95,0.5590312586556994,651271.4163338897,651271.4163338897,99.5,very_high,medium,True
NBO-0459,-1.276579,36.926282,semi_permanent,RP10,10,0.1,4475000.0,0.1,ml_model,0.1803040653467178,0.8265470743686826,0.07619621889569489,0.3473528719823424,0.0929371318358249,0.26747937461759785,0.9,0.14122910979809164,632000.2663464601,0.0,92.7,very_high,low,True
NBO-0364,-1.270336,36.775293,permanent_masonry,RP10,10,0.1,32130000.0,0.1,known_hotspot,0.0,0.643290883841606,0.09040934865789127,0.2914602634853178,0.015256395039390526,0.04390894062949946,0.85,0.019319933876979764,620749.4754673598,0.0,72.2,medium,high,True
NBO-0547,-1.200929,36.924815,informal_iron_sheet,RP10,10,0.1,1475000.0,0.2,proxy,0.4697235226631164,0.25271074131250937,0.16886768819872303,0.4697235226631164,0.2630104664458504,0.7569619773406939,0.95,0.42063288980331226,620433.5124598856,620433.5124598856,97.7,very_high,medium,True
NBO-0087,-1.210741,36.884764,semi_permanent,RP10,10,0.1,3110000.0,0.2,ml_model,0.0,0.8915681522094728,0.06396254348885758,0.3746777017806168,0.13091376181687364,0.3767786938106956,0.9,0.19893915033204726,618700.757532667,0.0,94.2,very_high,low,True
NBO-0142,-1.257697,36.845664,semi_permanent,RP10,10,0.1,4885000.0,0.1,ml_model,0.0,0.8097834362306842,0.10123007563301888,0.3403080247707616,0.08314605325263384,0.23929998577127476,0.9,0.12635039248723307,617221.6673001335,0.0,91.8,very_high,low,True
NBO-0275,-1.305913,36.879391,semi_permanent,RP10,10,0.1,4445000.0,0.1,ml_model,0.0018672097939997,0.8095348300939648,0.07360085772658977,0.34020354910535816,0.08300085074940357,0.23888208310966097,0.9,0.126129739881901,560646.6937750499,0.0,91.7,very_high,low,True
NBO-0429,-1.335739,36.913418,permanent_masonry,RP10,10,0.1,50595000.0,0.1,ml_model,0.0456912256777286,0.6820537880879227,0.16380788233858537,0.2866301865743467,0.00854345135475906,0.02458863298561509,0.85,0.010818998513670639,547387.229799166,0.0,70.3,medium,low,True
NBO-0060,-1.207116,36.868812,semi_permanent,RP10,10,0.1,6050000.0,0.1,ml_model,0.0506880469620227,0.7684668447298678,0.12816990272817216,0.3229449039475569,0.059014418410365685,0.16984750247845604,0.9,0.08967948130862478,542560.8619171799,0.0,88.8,high,low,True
NBO-0471,-1.210378,36.930778,semi_permanent,RP10,10,0.1,4990000.0,0.1,ml_model,0.1440567374229431,0.783133111792828,0.1310591910339316,0.3291083399375401,0.06758049291957452,0.19450124643838862,0.9,0.10269665811946918,512456.3240161512,0.0,89.7,high,low,True
NBO-0344,-1.213194,36.935062,permanent_masonry,RP10,10,0.1,32270000.0,0.1,ml_model,0.1862595975399017,0.6884375673287645,0.13468099560547558,0.28931294249009576,0.01227200262091574,0.035319656648611364,0.85,0.015540648925389,501496.74082230305,0.0,71.0,medium,low,True
NBO-0356,-1.203566,36.90393,informal_iron_sheet,RP10,10,0.1,1125000.0,0.2,proxy,0.4824559688568115,0.23632336718608085,0.1410298914628268,0.4824559688568115,0.2807062911379445,0.8078917621154744,0.95,0.4435512929519635,498995.2045709589,498995.2045709589,98.0,very_high,medium,True
NBO-0376,-1.330722,36.930502,semi_permanent,RP10,10,0.1,8385000.0,0.1,ml_model,0.0513914301991462,0.7333223017764783,0.10910566250700807,0.30817556012199104,0.038487670040213987,0.1107701271761925,0.9,0.05848662714902964,490410.36864461354,0.0,84.2,high,low,True
NBO-0593,-1.243736,36.854758,semi_permanent,RP10,10,0.1,2520000.0,0.1,ml_model,0.0,0.8605550002902551,0.09741332730467923,0.3616445573628073,0.11280002033344165,0.3246461161394576,0.9,0.17141314932163362,431961.1362905167,0.0,93.2,very_high,low,True
NBO-0244,-1.227495,36.945525,informal_iron_sheet,RP10,10,0.1,865000.0,0.2,proxy,0.5118399262428284,0.17969813129865692,0.16958692040077547,0.5118399262428284,0.3215447404628195,0.9254275916595418,0.95,0.49644241624679386,429422.69005347666,429422.69005347666,98.5,very_high,medium,True
NBO-0370,-1.259124,36.882024,informal_iron_sheet,RP10,10,0.1,1300000.0,0.2,known_hotspot,0.1853253692388534,0.5935998608149397,0.12481857194905963,0.42010949982592083,0.19405584162039358,0.5585058859919116,0.95,0.3280828252761176,426507.6728589529,0.0,96.3,very_high,high,True
NBO-0268,-1.277204,36.92012,informal_iron_sheet,RP10,10,0.1,875000.0,0.2,proxy,0.4987740814685821,0.36026909959042375,0.1868187540405755,0.4987740814685821,0.30338555132808226,0.8731642125625567,0.95,0.4729238956531505,413808.4086965067,413808.4086965067,98.3,very_high,medium,True
NBO-0526,-1.192388,36.92264,semi_permanent,RP10,10,0.1,6355000.0,0.1,ml_model,0.205046534538269,0.7398172186091947,0.09893364133267342,0.3109050211352717,0.04228113304489858,0.12168797122931507,0.9,0.06425124880907836,408316.68618169293,0.0,85.2,high,low,True
NBO-0123,-1.275351,36.872473,informal_iron_sheet,RP10,10,0.1,720000.0,0.2,proxy,0.5531253814697266,0.13097093312056093,0.11412955888525213,0.5531253814697266,0.37892414477479364,1.0905694125671346,0.95,0.5598879061471544,403119.2924259512,403119.2924259512,99.7,very_high,medium,True
NBO-0014,-1.193437,36.9237,semi_permanent,RP10,10,0.1,5425000.0,0.1,proxy,0.3153730928897857,0.5127791808236406,0.13753611435788143,0.3153730928897857,0.04849095425888725,0.13956025824737117,0.9,0.07368781635461197,399756.40372376994,399756.40372376994,87.7,high,high,True
NBO-0591,-1.268694,36.778328,semi_permanent,RP10,10,0.1,5395000.0,0.1,ml_model,0.0,0.7481843036937921,0.0955054062580535,0.3144212528471501,0.0471680667105593,0.13575289807682878,0.9,0.07167753018456559,386700.27534573135,0.0,86.8,high,low,True
NBO-0453,-1.329951,36.944419,informal_iron_sheet,RP10,10,0.1,935000.0,0.2,proxy,0.447554349899292,0.23540981508797532,0.13813862798182103,0.447554349899292,0.23219927833404488,0.6682852862853963,0.95,0.38072837882842836,355981.03420458053,355981.03420458053,97.3,very_high,medium,True
NBO-0503,-1.225395,36.907248,semi_permanent,RP10,10,0.1,4345000.0,0.1,proxy,0.3172338306903839,0.6313400617502413,0.18149447050330555,0.3172338306903839,0.05107704725440632,0.14700320944976397,0.9,0.07761769458947537,337248.8829912705,337248.8829912705,88.3,high,high,True
NBO-0292,-1.248732,36.879753,informal_iron_sheet,RP10,10,0.1,865000.0,0.2,proxy,0.4501494169235229,0.3126046933372746,0.15188779601254568,0.4501494169235229,0.23580595771257343,0.6786655543823199,0.95,0.38539949947204394,333370.567043318,333370.567043318,97.5,very_high,medium,True
NBO-0458,-1.271154,36.849901,semi_permanent,RP10,10,0.1,4480000.0,0.1,ml_model,0.0,0.7473326565081592,0.12931051328485532,0.31406335176078887,0.04667064816387855,0.1343212937313838,0.9,0.07092164309017064,317728.9610439645,0.0,86.5,high,low,True
NBO-0011,-1.198387,36.870224,informal_iron_sheet,RP10,10,0.1,1405000.0,0.1,ml_model,0.0079745389521121,0.8694181957809899,0.09684336983613413,0.3653692773504731,0.117976715441842,0.3395449960901207,0.95,0.22298159812325793,313289.1453631774,0.0,95.5,very_high,low,True
NBO-0156,-1.31803,36.786682,semi_permanent,RP10,10,0.1,4130000.0,0.1,known_hotspot,0.0292692780494689,0.6740743330662681,0.12878523279025103,0.31462171766705826,0.04744667698356273,0.1365547573564614,0.9,0.07210091188421161,297776.76608179393,0.0,87.0,high,high,True
NBO-0064,-1.192382,36.925331,informal_iron_sheet,RP10,10,0.1,1520000.0,0.1,ml_model,0.0937099829316139,0.8418245372765837,0.08137167404117278,0.3537731604114272,0.10186018533123442,0.29316052833393713,0.95,0.1934859487003985,294098.6420246057,0.0,94.5,very_high,low,True
NBO-0021,-1.31688,36.792734,semi_permanent,RP10,10,0.1,4265000.0,0.1,known_hotspot,0.0192247051745653,0.7164752506734561,0.1544095299072848,0.31300303401575674,0.04519699599613595,0.1300800227512553,0.9,0.06868225201266279,292929.80483400676,0.0,86.3,high,high,True
NBO-0278,-1.184995,36.888914,semi_permanent,RP10,10,0.1,3950000.0,0.1,ml_model,0.1691483855247497,0.7444605171602743,0.09521420130392505,0.31285634748703556,0.0449931279367345,0.12949327663637056,0.9,0.06837245006400365,270071.17775281443,0.0,86.2,high,low,True
NBO-0035,-1.259929,36.817481,semi_permanent,RP10,10,0.1,3940000.0,0.1,ml_model,0.0,0.7406144563177521,0.10786548350137071,0.3112400568716592,0.042746772841565105,0.12302811417486503,0.9,0.06495884428432873,255937.8464802552,0.0,85.5,high,low,True
NBO-0389,-1.270773,36.910552,semi_permanent,RP10,10,0.1,3325000.0,0.1,known_hotspot,0.0520594380795955,0.7387726467973631,0.10240182668590385,0.316509131045759,0.050069844265238736,0.14410441087126435,0.9,0.07608712894002757,252989.70372559168,0.0,88.0,high,high,True
NBO-0288,-1.267276,36.835611,semi_permanent,RP10,10,0.1,5600000.0,0.1,ml_model,0.0290607716888189,0.717845185209595,0.09038344535715047,0.30167136809685,0.029448005541368064,0.08475335907562842,0.9,0.0447497735919318,250598.7321148181,0.0,82.3,high,low,True
NBO-0443,-1.218721,36.942704,informal_iron_sheet,RP10,10,0.1,1445000.0,0.1,proxy,0.3351253569126129,0.44260612580847447,0.15360566745055412,0.3351253569126129,0.07594307116576951,0.21856931433868,0.95,0.1442557474635288,208449.5550847991,208449.5550847991,93.3,very_high,medium,True
NBO-0399,-1.208904,36.854328,semi_permanent,RP10,10,0.1,3425000.0,0.1,ml_model,0.0,0.7322712905269607,0.11380939495773831,0.3077338771406744,0.03787380963287679,0.10900339525092595,0.9,0.0575537926924889,197121.73997177448,0.0,84.0,high,low,True
NBO-0073,-1.265598,36.886731,semi_permanent,RP10,10,0.1,3550000.0,0.1,proxy,0.3062759339809418,0.47609456891987767,0.12034812353621414,0.3062759339809418,0.035847529201513816,0.10317162261199542,0.9,0.05447461673913358,193384.8894239242,193384.8894239242,83.7,high,medium,True
NBO-0559,-1.180076,36.902401,semi_permanent,RP10,10,0.1,4615000.0,0.1,ml_model,0.2211252897977829,0.7126277627343409,0.11942545583722644,0.2994787686220906,0.02640068412841498,0.07598296117659076,0.9,0.04011900350123992,185149.20115822222,0.0,81.7,high,low,True
NBO-0243,-1.190807,36.86859,semi_permanent,RP10,10,0.1,4500000.0,0.1,ml_model,0.0,0.7137690688326176,0.11674870392115344,0.2999583976273111,0.02706728272734154,0.07790147719747265,0.9,0.04113197996026556,185093.90982119503,0.0,82.0,high,low,True
NBO-0596,-1.268638,36.924316,informal_iron_sheet,RP10,10,0.1,640000.0,0.2,proxy,0.3933278918266296,0.37780763719730254,0.191158398078818,0.3933278918266296,0.15683419285642552,0.45137945399474666,0.95,0.2766621379174784,177063.76826718618,177063.76826718618,96.2,very_high,medium,True
NBO-0189,-1.241874,36.861843,informal_iron_sheet,RP10,10,0.1,900000.0,0.1,ml_model,0.0271627884358167,0.8437708358369794,0.10095106154868834,0.35459108405504414,0.10299695301819557,0.2964322229084049,0.95,0.19564526711954722,176080.7404075925,0.0,94.7,very_high,low,True
NBO-0211,-1.261427,36.828096,semi_permanent,RP10,10,0.1,2760000.0,0.1,ml_model,0.0,0.7345468911941749,0.1265607097585658,0.3086901885859064,0.03920291163169367,0.11282864103185397,0.9,0.059573522464818895,164422.92200290016,0.0,84.7,high,low,True
NBO-0074,-1.246897,36.789663,semi_permanent,RP10,10,0.1,3200000.0,0.1,known_hotspot,0.0,0.5410123463528012,0.17957853535820584,0.3047326061625772,0.03370257935442667,0.09699831133853709,0.9,0.05121510838674758,163888.34683759225,0.0,83.3,high,high,True
NBO-0226,-1.317641,36.884345,semi_permanent,RP10,10,0.1,6855000.0,0.1,ml_model,0.0314540527760982,0.6942539575505005,0.14903730282846558,0.291757255597892,0.015669160998036443,0.045096909079796355,0.9,0.023811167994132475,163225.55659977812,0.0,79.0,high,low,True
NBO-0536,-1.225209,36.858199,informal_iron_sheet,RP10,10,0.1,2490000.0,0.1,ml_model,0.0,0.7262082439717508,0.11164493707853114,0.3051859077639473,0.034332587567181785,0.09881151774401742,0.95,0.0652156017110515,162386.84826051822,0.0,89.0,high,low,True
NBO-0129,-1.316017,36.795227,informal_iron_sheet,RP10,10,0.1,1550000.0,0.1,ml_model,0.0,0.7615380348545128,0.1304778601147249,0.3200331012393295,0.054967533037445546,0.15820029164554628,0.95,0.10441219248606054,161838.89835339383,0.0,92.5,very_high,low,True
NBO-0050,-1.251175,36.850655,informal_iron_sheet,RP10,10,0.1,795000.0,0.1,ml_model,0.0,0.8477311024978804,0.06592686480126493,0.35625536917701445,0.10531001190004897,0.3030893633962861,0.95,0.20003897984154884,159030.98897403132,0.0,95.0,very_high,low,True
NBO-0342,-1.200346,36.858594,informal_iron_sheet,RP10,10,0.1,1900000.0,0.1,ml_model,0.0885274410247802,0.7306152368057609,0.13467270431052591,0.30703792764904364,0.036906564218201605,0.10621959728440289,0.95,0.0701049342077059,133199.3749946412,0.0,89.3,high,low,True
NBO-0409,-1.286737,36.831791,semi_permanent,RP10,10,0.1,4740000.0,0.1,ml_model,0.0,0.6978771735770039,0.06450002284413107,0.29327989663268084,0.017785359913053588,0.05118747321895167,0.9,0.027026985859606483,128107.91297453473,0.0,79.7,high,low,True
NBO-0532,-1.184216,36.946388,informal_iron_sheet,RP10,10,0.1,1245000.0,0.1,ml_model,0.1474845260381698,0.759574087185805,0.10238957099122535,0.3192077606334484,0.0538204570984818,0.15489892922202197,0.95,0.10223329328653451,127280.45014173546,0.0,92.3,very_high,low,True
NBO-0120,-1.255807,36.939727,informal_iron_sheet,RP10,10,0.1,1230000.0,0.1,ml_model,0.1707080602645874,0.7588322469962361,0.12741444700006602,0.3188960054674217,0.0533871731339601,0.1536519085579151,0.95,0.10141025964822398,124734.61936731549,0.0,92.0,very_high,low,True
NBO-0266,-1.245469,36.827153,semi_permanent,RP10,10,0.1,3960000.0,0.1,ml_model,0.0,0.7006037086566981,0.11647653732321561,0.29442571133563133,0.0193778375724586,0.05577073203075367,0.9,0.029446946512237934,116609.90818846221,0.0,80.7,high,low,True
NBO-0201,-1.270885,36.789166,informal_iron_sheet,RP10,10,0.1,1175000.0,0.1,ml_model,0.0,0.7522408803016827,0.12825092154632706,0.31612601181232275,0.04953737700106018,0.14257193393751932,0.95,0.09409747639876276,110564.53476854625,0.0,91.0,very_high,low,True
NBO-0191,-1.267964,36.843265,informal_iron_sheet,RP10,10,0.1,1045000.0,0.1,ml_model,0.0263926498591899,0.7595698689559885,0.12042523023842233,0.3192059879404139,0.05381799337197594,0.15489183844988386,0.95,0.10222861337692335,106828.9009788849,0.0,92.2,very_high,low,True
NBO-0582,-1.260893,36.864061,informal_iron_sheet,RP10,10,0.1,2070000.0,0.1,ml_model,0.1008272171020507,0.7117774821953751,0.10854961629987926,0.29912144186314454,0.0259040637941987,0.0745536541408065,0.95,0.04920541173293229,101855.20228716984,0.0,88.2,high,low,True
NBO-0499,-1.269108,36.923782,informal_iron_sheet,RP10,10,0.1,1175000.0,0.1,proxy,0.311448335647583,0.5072540516813685,0.19345483431221938,0.311448335647583,0.043036243116935845,0.12386122927856036,0.95,0.08174841132384984,96054.38330552356,96054.38330552356,90.2,very_high,high,True
NBO-0147,-1.186506,36.892392,informal_iron_sheet,RP10,10,0.1,2210000.0,0.1,ml_model,0.1754363030195236,0.7026063100673197,0.14139466183625635,0.2952672960111885,0.0205474898651647,0.059137070732982355,0.95,0.039030466683768354,86257.33137112806,0.0,86.0,high,low,True
NBO-0066,-1.272078,36.865447,informal_iron_sheet,RP10,10,0.1,1120000.0,0.1,ml_model,0.0418705083429813,0.7323376823200486,0.09533735616005297,0.3077617780076913,0.03791258685164347,0.10911499871899344,0.95,0.07201589915453567,80657.80705307995,0.0,89.5,high,low,True
NBO-0028,-1.194738,36.942461,semi_permanent,RP10,10,0.1,3275000.0,0.1,proxy,0.2913669347763061,0.539292996733186,0.1282935175883969,0.2913669347763061,0.015126684813383204,0.043535625793452715,0.9,0.022986810418943033,75281.80412203843,75281.80412203843,78.5,high,high,True
NBO-0037,-1.331936,36.925473,informal_iron_sheet,RP10,10,0.1,780000.0,0.1,ml_model,0.0,0.7539539589099131,0.11310413926497825,0.316845925768772,0.05053792873895219,0.1454515897633164,0.95,0.09599804924378882,74878.47841015528,0.0,91.3,very_high,low,True
NBO-0101,-1.30844,36.895244,informal_iron_sheet,RP10,10,0.1,1235000.0,0.1,known_hotspot,0.1572722345590591,0.6088399236938693,0.15569011864430402,0.3030995925958275,0.0314329823455406,0.09046625707153844,0.95,0.05970772966721537,73739.04613901098,0.0,88.7,high,high,True
NBO-0090,-1.272165,36.867382,semi_permanent,RP10,10,0.1,3080000.0,0.1,ml_model,0.0762653052806854,0.6933777186924187,0.10375486477348116,0.29138901996638883,0.015157379280577508,0.043623966553783644,0.9,0.023033454340397764,70943.03936842512,0.0,78.8,high,low,True
NBO-0439,-1.192567,36.872725,semi_permanent,RP10,10,0.1,5215000.0,0.1,ml_model,0.0,0.6824937463826215,0.14102460767311203,0.28681507716552423,0.008800416233221739,0.025328195350325267,0.9,0.01337328714497174,69741.69246102763,0.0,76.8,high,low,True
NBO-0137,-1.229656,36.944629,semi_permanent,RP10,10,0.1,3300000.0,0.1,proxy,0.290000319480896,0.45135313570259117,0.16893141148578422,0.290000319480896,0.013227333791496565,0.03806916461181231,0.9,0.020100518915036898,66331.71241962176,66331.71241962176,78.2,high,medium,True
NBO-0138,-1.243781,36.81987,semi_permanent,RP10,10,0.1,4115000.0,0.1,ml_model,0.0,0.6841737799076824,0.13682661078424196,0.2875211040671405,0.009781667446762322,0.028152302956790276,0.9,0.014864415961185266,61167.07168027737,0.0,77.3,high,low,True
NBO-0481,-1.206344,36.782704,informal_iron_sheet,RP10,10,0.1,1170000.0,0.1,ml_model,0.0,0.7073929070139571,0.07426368165115424,0.2972788429006459,0.02334318054190137,0.06718325829081184,0.95,0.044340950471935814,51878.9120521649,0.0,87.5,high,low,True
NBO-0265,-1.20795,36.939186,informal_iron_sheet,RP10,10,0.1,1650000.0,0.1,ml_model,0.2328504621982574,0.6949461344969768,0.13520840917652538,0.29204813999847157,0.016073438328567766,0.0462604466821146,0.95,0.030531894810195633,50377.62643682279,0.0,84.3,high,low,True
NBO-0216,-1.217864,36.946273,semi_permanent,RP10,10,0.1,4005000.0,0.1,proxy,0.2864344120025635,0.5982878437659452,0.16267607404281384,0.2864344120025635,0.008271359688417596,0.023805534698482234,0.9,0.01256932232079862,50340.13589479847,50340.13589479847,76.5,high,high,True
NBO-0053,-1.288657,36.893632,informal_iron_sheet,RP10,10,0.1,805000.0,0.1,ml_model,0.0,0.7189170376160721,0.1413716574398448,0.30212180948521905,0.030074038569223215,0.08655512462910453,0.95,0.05712638225520899,45986.73771544324,0.0,88.5,high,low,True
NBO-0347,-1.274636,36.749664,informal_iron_sheet,RP10,10,0.1,960000.0,0.1,proxy,0.2982476651668548,0.15633380661208682,0.11530390700355155,0.2982476651668548,0.024689670345967443,0.07105854735564754,0.95,0.046898641254727376,45022.69560453828,45022.69560453828,87.8,high,high,True
NBO-0474,-1.265397,36.874234,informal_iron_sheet,RP10,10,0.1,1190000.0,0.1,ml_model,0.1201084479689598,0.6998243013648885,0.10540422065655401,0.29409816875560246,0.018922611923968737,0.05446056171063818,0.95,0.035943970729021196,42773.32516753522,0.0,85.3,high,low,True
NBO-0145,-1.25898,36.789057,semi_permanent,RP10,10,0.1,3425000.0,0.1,ml_model,0.0,0.679411626970693,0.11591815739320153,0.2855198296681647,0.007000253695916236,0.0201472053608871,0.9,0.010637724430548388,36434.20617462823,0.0,75.8,high,low,True
NBO-0208,-1.266865,36.76677,informal_iron_sheet,RP10,10,0.1,1980000.0,0.1,ml_model,0.0,0.6839019245233713,0.17081496623948594,0.28740685800489846,0.009622885838072068,0.02769531870782216,0.95,0.018278910347162624,36192.242487382,0.0,82.8,high,low,True
NBO-0507,-1.286124,36.862558,semi_permanent,RP10,10,0.1,2575000.0,0.1,known_hotspot,0.1114458739757537,0.6350868733233291,0.1246172299223489,0.28620159154581637,0.007947780862742275,0.022874252871493805,0.9,0.012077605516148728,31099.834204082974,0.0,76.3,high,high,True
NBO-0537,-1.22413,36.847103,informal_iron_sheet,RP10,10,0.1,1275000.0,0.1,ml_model,0.0,0.6892671113990844,0.07250217890460978,0.2896615548368052,0.012756511479545355,0.03671410603544922,0.95,0.02423130998339649,30894.920228830524,0.0,83.5,high,low,True
NBO-0223,-1.310199,36.777964,semi_permanent,RP10,10,0.1,2850000.0,0.1,ml_model,0.0,0.677966564607797,0.0887654045365092,0.2849125483922266,0.006156241254448894,0.017718080257134616,0.9,0.009355146375767077,26662.16717093617,0.0,75.2,high,low,True
NBO-0178,-1.265205,36.79272,permanent_masonry,RP10,10,0.1,19485000.0,0.1,ml_model,0.0,0.6685519668217924,0.11008250620562961,0.2809561039489079,0.0006574905660190744,0.0018923024838599645,0.85,0.0008326130928983844,16223.466115125018,0.0,66.8,medium,low,True
NBO-0174,-1.198222,36.903014,semi_permanent,RP10,10,0.1,4610000.0,0.1,ml_model,0.1815550923347473,0.6697508059360318,0.16713762533200752,0.2814599109579568,0.0013576922692229868,0.003907530520055547,0.9,0.0020631761145893284,9511.241888256804,0.0,73.2,medium,low,True
NBO-0524,-1.285827,36.901408,informal_iron_sheet,RP10,10,0.1,655000.0,0.1,ml_model,0.0,0.6784664909864861,0.11294613296979601,0.28512264031415374,0.006448231478722471,0.018558447944843293,0.95,0.012248575643596573,8022.817046555755,0.0,81.8,high,low,True
NBO-0150,-1.315498,36.888282,informal_iron_sheet,RP10,10,0.1,635000.0,0.1,ml_model,0.0480966456234455,0.6729927924058854,0.12417252473523656,0.2828223419024879,0.0032512277912065623,0.009357254298179907,0.95,0.006175787836798738,3921.6252763671987,0.0,81.0,high,low,True
NBO-0262,-1.313656,36.769023,informal_iron_sheet,RP10,10,0.1,495000.0,0.1,ml_model,0.0,0.6745313176105198,0.15992453573368037,0.2834689005378266,0.004149828742670122,0.011943488839534666,0.95,0.007882702634092879,3901.937803875975,0.0,81.3,high,low,True
NBO-0395,-1.288387,36.922284,informal_iron_sheet,RP10,10,0.1,925000.0,0.1,ml_model,0.1207952201366424,0.6678164425877734,0.10402572676157154,0.28064700303618095,0.00022789553922123698,0.0006558988329521398,0.95,0.00043289322974841225,400.4262375172813,0.0,80.3,high,low,True
NBO-0000,-1.314897,36.935883,semi_permanent,RP10,10,0.1,5170000.0,0.004,proxy,0.0232857968658208,0.18181914144990097,0.13915352873937112,0.0232857968658208,0.0,0.0,0.9,0.0,0.0,0.0,36.3,low,medium,True
NBO-0001,-1.219963,36.789855,informal_iron_sheet,RP10,10,0.1,625000.0,0.04,ml_model,0.0,0.6119282766904172,0.16590945537249976,0.257160240410955,0.0,0.0,0.95,0.0,0.0,0.0,74.2,medium,low,True
NBO-0003,-1.194103,36.84782,semi_permanent,RP10,10,0.1,7945000.0,0.01,proxy,0.1139633804559707,0.40495941600144536,0.16879223941119292,0.1139633804559707,0.0,0.0,0.9,0.0,0.0,0.0,42.5,low,medium,True
NBO-0004,-1.263191,36.773582,semi_permanent,RP10,10,0.1,12400000.0,0.01,proxy,0.1406206041574478,0.4276917923277679,0.15111415169590986,0.1406206041574478,0.0,0.0,0.9,0.0,0.0,0.0,43.5,low,medium,True
NBO-0006,-1.297331,36.917333,informal_iron_sheet,RP10,10,0.1,625000.0,0.04,ml_model,0.1324349194765091,0.6200445198002321,0.13136275586042223,0.26057105685604903,0.0,0.0,0.95,0.0,0.0,0.0,75.0,high,low,True
NBO-0007,-1.29008,36.791035,informal_iron_sheet,RP10,10,0.1,660000.0,0.0,none,0.0,0.35967362787844587,0.10142248284144587,0.0,0.0,0.0,0.95,0.0,0.0,0.0,0.0,negligible,medium,True
NBO-0008,-1.255438,36.943294,semi_permanent,RP10,10,0.1,4620000.0,0.04,ml_model,0.2259266525506973,0.5441601387106764,0.22345214629542992,0.22868097034138501,0.0,0.0,0.9,0.0,0.0,0.0,55.3,medium,low,True
NBO-0009,-1.337945,36.756131,permanent_masonry,RP10,10,0.1,42965000.0,0.0,none,0.0,0.004585902317345632,0.005777141276468233,0.0,0.0,0.0,0.85,0.0,0.0,0.0,0.0,negligible,medium,True
NBO-0010,-1.275674,36.901374,semi_permanent,RP10,10,0.1,3960000.0,0.01,known_hotspot,0.0,0.3317637066189998,0.13269581742486816,0.1233221926313701,0.0,0.0,0.9,0.0,0.0,0.0,43.2,low,medium,True
NBO-0012,-1.238124,36.817765,permanent_masonry,RP10,10,0.1,35135000.0,0.01,proxy,0.1145584806799888,0.32075294068716675,0.1585809605981732,0.1145584806799888,0.0,0.0,0.85,0.0,0.0,0.0,42.0,low,medium,True
NBO-0013,-1.191036,36.707701,informal_iron_sheet,RP10,10,0.1,520000.0,0.0,none,0.0,5.0283658534140535e-05,0.00031461529509869344,0.0,0.0,0.0,0.95,0.0,0.0,0.0,0.0,negligible,medium,True
NBO-0015,-1.332391,36.843408,permanent_masonry,RP10,10,0.1,35180000.0,0.0,none,0.0,0.09594539696443412,0.05466151923658058,0.0,0.0,0.0,0.85,0.0,0.0,0.0,0.0,negligible,medium,True
NBO-0016,-1.306308,36.797577,semi_permanent,RP10,10,0.1,5030000.0,0.04,ml_model,0.0,0.5241462284584545,0.12208441775590834,0.22027021017867318,0.0,0.0,0.9,0.0,0.0,0.0,52.5,medium,low,True
NBO-0017,-1.224443,36.78867,semi_permanent,RP10,10,0.1,5185000.0,0.0,none,0.0,0.4524325582194302,0.1282952535716271,0.0,0.0,0.0,0.9,0.0,0.0,0.0,0.0,negligible,medium,True
NBO-0018,-1.274224,36.862993,informal_iron_sheet,RP10,10,0.1,715000.0,0.04,ml_model,0.0046982602216303,0.6536639572790751,0.12739856543627157,0.2746994816304352,0.0,0.0,0.95,0.0,0.0,0.0,78.7,high,low,True
NBO-0019,-1.215378,36.786757,semi_permanent,RP10,10,0.1,2160000.0,0.04,ml_model,0.0,0.553601922227134,0.18692653375042353,0.23264883947162432,0.0,0.0,0.9,0.0,0.0,0.0,57.0,medium,low,True
NBO-0020,-1.268428,36.826895,concrete_rcc,RP10,10,0.1,579255000.0,0.04,ml_model,0.0410050489008426,0.6032597355864004,0.15958734567668836,0.2535173230965636,0.0,0.0,0.8,0.0,0.0,0.0,48.5,low,low,True
NBO-0022,-1.30153,36.713801,permanent_masonry,RP10,10,0.1,48815000.0,0.0,none,0.0,0.3169372552235441,0.14085439481965328,0.0,0.0,0.0,0.85,0.0,0.0,0.0,0.0,negligible,medium,True
NBO-0023,-1.255021,36.762602,informal_iron_sheet,RP10,10,0.1,885000.0,0.04,ml_model,0.0,0.6389301341899891,0.1776390761019914,0.26850765550948164,0.0,0.0,0.95,0.0,0.0,0.0,78.0,high,low,True
NBO-0025,-1.346206,36.904539,semi_permanent,RP10,10,0.1,3935000.0,0.0,none,0.0,0.490576147353565,0.10201066538119516,0.0,0.0,0.0,0.9,0.0,0.0,0.0,0.0,negligible,medium,True
NBO-0029,-1.341011,36.910065,concrete_rcc,RP10,10,0.1,398200000.0,0.04,ml_model,0.0905699282884597,0.5642934268773273,0.12608406302085665,0.2371418985619293,0.0,0.0,0.8,0.0,0.0,0.0,46.0,low,low,True
NBO-0030,-1.281853,36.761267,informal_iron_sheet,RP10,10,0.1,755000.0,0.004,known_hotspot,0.0,0.27254447097286083,0.07818485403983684,0.03205382797798736,0.0,0.0,0.95,0.0,0.0,0.0,38.2,low,medium,True
NBO-0031,-1.229115,36.841887,permanent_masonry,RP10,10,0.1,23060000.0,0.04,ml_model,0.1423778533935547,0.5259687602297385,0.1214192970702918,0.22103612135864814,0.0,0.0,0.85,0.0,0.0,0.0,49.3,low,low,True
NBO-0032,-1.315429,36.938988,informal_iron_sheet,RP10,10,0.1,670000.0,0.004,proxy,0.035210084170103,0.1917471835398378,0.1264473942699909,0.035210084170103,0.0,0.0,0.95,0.0,0.0,0.0,38.5,low,medium,True
NBO-0034,-1.306502,36.792338,semi_permanent,RP10,10,0.1,5695000.0,0.04,known_hotspot,0.12514628469944,0.42043533208894657,0.12092692529973016,0.17916178715968842,0.0,0.0,0.9,0.0,0.0,0.0,44.3,low,medium,True
NBO-0039,-1.265985,36.799534,informal_iron_sheet,RP10,10,0.1,1500000.0,0.04,ml_model,0.0,0.6562749118255679,0.09652636112291851,0.27579672410876876,0.0,0.0,0.95,0.0,0.0,0.0,79.3,high,low,True
NBO-0040,-1.313586,36.81551,concrete_rcc,RP10,10,0.1,341070000.0,0.01,known_hotspot,0.1382979452610016,0.4843046623768014,0.11627422504465829,0.16320461456798263,0.0,0.0,0.8,0.0,0.0,0.0,43.0,low,medium,True
NBO-0041,-1.347614,36.723077,concrete_rcc,RP10,10,0.1,263095000.0,0.0,none,0.0,0.0025454067751920478,0.004293682533524385,0.0,0.0,0.0,0.8,0.0,0.0,0.0,0.0,negligible,medium,True
NBO-0042,-1.216402,36.823009,semi_permanent,RP10,10,0.1,3535000.0,0.04,ml_model,0.0,0.6325488913137273,0.1610409732655462,0.2658259654900966,0.0,0.0,0.9,0.0,0.0,0.0,69.3,medium,low,True
NBO-0043,-1.272502,36.757256,semi_permanent,RP10,10,0.1,3605000.0,0.04,ml_model,0.0,0.5509816559179808,0.12249949681691857,0.23154768376486903,0.0,0.0,0.9,0.0,0.0,0.0,56.7,medium,low,True
NBO-0044,-1.266109,36.723283,semi_permanent,RP10,10,0.1,3690000.0,0.0,none,0.0,0.3984844184127737,0.12377941928816577,0.0,0.0,0.0,0.9,0.0,0.0,0.0,0.0,negligible,medium,True
NBO-0045,-1.286932,36.722819,concrete_rcc,RP10,10,0.1,427250000.0,0.01,proxy,0.130946010351181,0.0869349704387955,0.06004084086217655,0.130946010351181,0.0,0.0,0.8,0.0,0.0,0.0,41.8,low,medium,True
NBO-0046,-1.288172,36.753956,permanent_masonry,RP10,10,0.1,76160000.0,0.004,known_hotspot,0.0,0.34074679487663306,0.11454451313557062,0.03578829206206638,0.0,0.0,0.85,0.0,0.0,0.0,37.3,low,medium,True
NBO-0047,-1.253496,36.874782,permanent_masonry,RP10,10,0.1,34465000.0,0.04,proxy,0.2410086989402771,0.5571729747852936,0.20253547647302728,0.2410086989402771,0.0,0.0,0.85,0.0,0.0,0.0,53.8,medium,medium,True
NBO-0048,-1.255831,36.744796,permanent_masonry,RP10,10,0.1,43405000.0,0.0,none,0.0,0.0103431321892681,0.007635682392707464,0.0,0.0,0.0,0.85,0.0,0.0,0.0,0.0,negligible,medium,True
NBO-0049,-1.289351,36.842097,concrete_rcc,RP10,10,0.1,716255000.0,0.04,ml_model,0.1021496728062629,0.6039094186102759,0.12262018502920688,0.2537903496079619,0.0,0.0,0.8,0.0,0.0,0.0,48.7,low,low,True
NBO-0051,-1.288834,36.941566,concrete_rcc,RP10,10,0.1,706790000.0,0.04,proxy,0.249496653676033,0.5088684281421402,0.14112591569055052,0.249496653676033,0.0,0.0,0.8,0.0,0.0,0.0,47.2,low,high,True
NBO-0052,-1.274863,36.81455,semi_permanent,RP10,10,0.1,4795000.0,0.04,ml_model,0.0522333420813083,0.6047193799483984,0.14087527556830573,0.2541307323952416,0.0,0.0,0.9,0.0,0.0,0.0,65.2,medium,low,True
NBO-0054,-1.345737,36.708724,informal_iron_sheet,RP10,10,0.1,1860000.0,0.0,none,0.0,0.24099148354047226,0.09214568639853536,0.0,0.0,0.0,0.95,0.0,0.0,0.0,0.0,negligible,medium,True
NBO-0055,-1.338598,36.861152,informal_iron_sheet,RP10,10,0.1,695000.0,0.04,ml_model,0.1093970388174057,0.5552198745464051,0.1254464622816848,0.23332877701209478,0.0,0.0,0.95,0.0,0.0,0.0,66.3,medium,low,True
NBO-0056,-1.195179,36.945076,permanent_masonry,RP10,10,0.1,45575000.0,0.04,proxy,0.269245445728302,0.5950097673624922,0.12199894027890965,0.269245445728302,0.0,0.0,0.85,0.0,0.0,0.0,63.7,medium,high,True
NBO-0057,-1.269395,36.711846,permanent_masonry,RP10,10,0.1,88405000.0,0.04,ml_model,0.0048050079494714,0.5529667916882715,0.13244868663029516,0.23238192857979628,0.0,0.0,0.85,0.0,0.0,0.0,51.5,medium,low,True
NBO-0058,-1.326314,36.926912,semi_permanent,RP10,10,0.1,4960000.0,0.04,ml_model,0.0,0.6389520595164425,0.11275669897807071,0.26851686953412573,0.0,0.0,0.9,0.0,0.0,0.0,70.0,medium,low,True
NBO-0059,-1.242227,36.738945,permanent_masonry,RP10,10,0.1,31905000.0,0.0,none,0.0,0.035400316581336515,0.024173730134887727,0.0,0.0,0.0,0.85,0.0,0.0,0.0,0.0,negligible,medium,True
NBO-0061,-1.290067,36.706319,semi_permanent,RP10,10,0.1,5495000.0,0.0,none,0.0,0.2565585809112713,0.08912564019567883,0.0,0.0,0.0,0.9,0.0,0.0,0.0,0.0,negligible,medium,True
NBO-0062,-1.278869,36.715366,semi_permanent,RP10,10,0.1,6215000.0,0.0,none,0.0,0.49855263288562857,0.1436385104497038,0.0,0.0,0.0,0.9,0.0,0.0,0.0,0.0,negligible,medium,True
NBO-0063,-1.194166,36.733674,semi_permanent,RP10,10,0.1,2720000.0,0.0,none,0.0,0.008495456467683241,0.006937121015518223,0.0,0.0,0.0,0.9,0.0,0.0,0.0,0.0,negligible,medium,True
NBO-0067,-1.290213,36.862364,informal_iron_sheet,RP10,10,0.1,1155000.0,0.04,ml_model,0.0,0.6236234989098738,0.1414121282766606,0.26207510751577506,0.0,0.0,0.95,0.0,0.0,0.0,76.0,high,low,True
NBO-0068,-1.339728,36.77344,informal_iron_sheet,RP10,10,0.1,1240000.0,0.0,none,0.0,0.014201682609880808,0.009034632111365805,0.0,0.0,0.0,0.95,0.0,0.0,0.0,0.0,negligible,medium,True
NBO-0069,-1.22829,36.832026,semi_permanent,RP10,10,0.1,5025000.0,0.04,ml_model,0.0,0.6228036461133033,0.19373904701959824,0.2617305678853989,0.0,0.0,0.9,0.0,0.0,0.0,68.3,medium,low,True
NBO-0070,-1.316407,36.820467,permanent_masonry,RP10,10,0.1,34970000.0,0.004,known_hotspot,0.0,0.4930510812722062,0.09412850618564753,0.08160008671859882,0.0,0.0,0.85,0.0,0.0,0.0,39.8,low,medium,True
NBO-0072,-1.203775,36.813551,concrete_rcc,RP10,10,0.1,1196260000.0,0.0,none,0.0,0.0173132863698468,0.009913806303497297,0.0,0.0,0.0,0.8,0.0,0.0,0.0,0.0,negligible,medium,True
NBO-0076,-1.305358,36.913093,informal_iron_sheet,RP10,10,0.1,995000.0,0.04,ml_model,0.0,0.5722435164396048,0.10197296932506375,0.24048288968948628,0.0,0.0,0.95,0.0,0.0,0.0,69.0,medium,low,True
NBO-0077,-1.298235,36.947971,informal_iron_sheet,RP10,10,0.1,510000.0,0.01,proxy,0.1006443053483963,0.25085333303413715,0.12517883791586792,0.1006443053483963,0.0,0.0,0.95,0.0,0.0,0.0,42.2,low,medium,True
NBO-0078,-1.297084,36.756761,permanent_masonry,RP10,10,0.1,71955000.0,0.0,none,0.0,0.4697302190238303,0.1383671398476014,0.0,0.0,0.0,0.85,0.0,0.0,0.0,0.0,negligible,medium,True
NBO-0080,-1.204947,36.819248,concrete_rcc,RP10,10,0.1,534130000.0,0.004,proxy,0.0685459449887275,0.019945752403925873,0.01480347624520731,0.0685459449887275,0.0,0.0,0.8,0.0,0.0,0.0,38.0,low,medium,True
NBO-0081,-1.223301,36.827346,informal_iron_sheet,RP10,10,0.1,1670000.0,0.04,ml_model,0.0,0.6233596263451259,0.1768605404724369,0.26196421619930343,0.0,0.0,0.95,0.0,0.0,0.0,75.7,high,low,True
NBO-0082,-1.245203,36.83545,informal_iron_sheet,RP10,10,0.1,1090000.0,0.04,ml_model,0.0,0.6353995907166355,0.11679088656218498,0.26702395971869497,0.0,0.0,0.95,0.0,0.0,0.0,77.5,high,low,True
NBO-0083,-1.334989,36.72296,semi_permanent,RP10,10,0.1,3375000.0,0.0,none,0.0,0.0005018599749097458,0.0014286389621417043,0.0,0.0,0.0,0.9,0.0,0.0,0.0,0.0,negligible,medium,True
NBO-0084,-1.286346,36.920269,permanent_masonry,RP10,10,0.1,66900000.0,0.04,ml_model,0.1707343310117721,0.6402314050501308,0.1431416172197696,0.26905450902153644,0.0,0.0,0.85,0.0,0.0,0.0,63.5,medium,low,True
NBO-0085,-1.273428,36.851099,concrete_rcc,RP10,10,0.1,491280000.0,0.0,none,0.0,0.3522773218369387,0.12769587727207685,0.0,0.0,0.0,0.8,0.0,0.0,0.0,0.0,negligible,medium,True
NBO-0086,-1.232924,36.726327,informal_iron_sheet,RP10,10,0.1,1010000.0,0.0,none,0.0,0.0031434477913934184,0.005324723436082269,0.0,0.0,0.0,0.95,0.0,0.0,0.0,0.0,negligible,medium,True
NBO-0088,-1.269745,36.728359,permanent_masonry,RP10,10,0.1,69520000.0,0.04,ml_model,0.0,0.5233575222425938,0.1024986921346111,0.21993875976559324,0.0,0.0,0.85,0.0,0.0,0.0,48.8,low,low,True
NBO-0089,-1.212553,36.795312,permanent_masonry,RP10,10,0.1,32095000.0,0.04,proxy,0.238679438829422,0.28850404968191623,0.12806048931909358,0.238679438829422,0.0,0.0,0.85,0.0,0.0,0.0,53.3,medium,medium,True
NBO-0092,-1.333203,36.716242,semi_permanent,RP10,10,0.1,4880000.0,0.0,none,0.0,0.0015810350579657116,0.0034420101443953157,0.0,0.0,0.0,0.9,0.0,0.0,0.0,0.0,negligible,medium,True
NBO-0093,-1.299334,36.855565,informal_iron_sheet,RP10,10,0.1,1040000.0,0.0,none,0.0,0.3798144607683111,0.11685335955788033,0.0,0.0,0.0,0.95,0.0,0.0,0.0,0.0,negligible,medium,True
NBO-0094,-1.271576,36.791682,informal_iron_sheet,RP10,10,0.1,695000.0,0.04,ml_model,0.1444067060947418,0.5578829556422151,0.13760614391056727,0.2344479254497782,0.0,0.0,0.95,0.0,0.0,0.0,66.7,medium,low,True
NBO-0095,-1.224116,36.795335,semi_permanent,RP10,10,0.1,4705000.0,0.01,proxy,0.158087283372879,0.34923770041897795,0.14898335310583044,0.158087283372879,0.0,0.0,0.9,0.0,0.0,0.0,44.0,low,medium,True
NBO-0096,-1.201989,36.740738,informal_iron_sheet,RP10,10,0.1,1010000.0,0.0,none,0.0,0.03584491169132114,0.01811857217914306,0.0,0.0,0.0,0.95,0.0,0.0,0.0,0.0,negligible,medium,True
NBO-0097,-1.279198,36.745978,semi_permanent,RP10,10,0.1,5565000.0,0.04,ml_model,0.0,0.506622428210786,0.16345190756633354,0.21290590809252552,0.0,0.0,0.9,0.0,0.0,0.0,50.2,medium,low,True
NBO-0098,-1.29751,36.948272,semi_permanent,RP10,10,0.1,5545000.0,0.004,proxy,0.0561462230980396,0.30788207618137436,0.1403779612965136,0.0561462230980396,0.0,0.0,0.9,0.0,0.0,0.0,39.0,low,medium,True
NBO-0099,-1.260843,36.851111,concrete_rcc,RP10,10,0.1,543755000.0,0.04,ml_model,0.1666184812784195,0.6624114384364733,0.1573627942795864,0.2783755731645496,0.0,0.0,0.8,0.0,0.0,0.0,53.0,medium,low,True
NBO-0100,-1.286345,36.846856,semi_permanent,RP10,10,0.1,7865000.0,0.04,ml_model,0.1653144210577011,0.5225756736374235,0.15591045557039732,0.2196101912340686,0.0,0.0,0.9,0.0,0.0,0.0,52.3,medium,low,True
NBO-0102,-1.222723,36.795885,semi_permanent,RP10,10,0.1,2150000.0,0.04,ml_model,0.0230146870017051,0.5726595922715308,0.1343995413657963,0.24065774377785423,0.0,0.0,0.9,0.0,0.0,0.0,60.7,medium,low,True
NBO-0103,-1.306432,36.73854,semi_permanent,RP10,10,0.1,2925000.0,0.0,none,0.0,0.3121650312146827,0.12512646744492775,0.0,0.0,0.0,0.9,0.0,0.0,0.0,0.0,negligible,medium,True
NBO-0104,-1.226248,36.851791,permanent_masonry,RP10,10,0.1,36035000.0,0.04,ml_model,0.0,0.5641731683380858,0.12998268824276013,0.23709136042528678,0.0,0.0,0.85,0.0,0.0,0.0,52.8,medium,low,True
NBO-0105,-1.23934,36.801209,permanent_masonry,RP10,10,0.1,43850000.0,0.0,none,0.0,0.06843059957986865,0.03518859396880359,0.0,0.0,0.0,0.85,0.0,0.0,0.0,0.0,negligible,medium,True
NBO-0106,-1.296068,36.800864,semi_permanent,RP10,10,0.1,3435000.0,0.004,proxy,0.0255433842539787,0.21329058272590232,0.0869102887299219,0.0255433842539787,0.0,0.0,0.9,0.0,0.0,0.0,36.8,low,medium,True
NBO-0107,-1.213736,36.721958,permanent_masonry,RP10,10,0.1,55225000.0,0.0,none,0.0,0.0007406019269593149,0.0015528481815348615,0.0,0.0,0.0,0.85,0.0,0.0,0.0,0.0,negligible,medium,True
NBO-0108,-1.295765,36.805226,semi_permanent,RP10,10,0.1,4520000.0,0.0,none,0.0,0.3112908491768503,0.1005339305757571,0.0,0.0,0.0,0.9,0.0,0.0,0.0,0.0,negligible,medium,True
NBO-0109,-1.207673,36.712984,informal_iron_sheet,RP10,10,0.1,1090000.0,0.0,none,0.0,0.00022599209496522568,0.0010401236136964075,0.0,0.0,0.0,0.95,0.0,0.0,0.0,0.0,negligible,medium,True
NBO-0110,-1.238154,36.925489,semi_permanent,RP10,10,0.1,7450000.0,0.04,ml_model,0.2431769371032714,0.6154117691517025,0.18781091202819256,0.2586241632152072,0.0,0.0,0.9,0.0,0.0,0.0,67.0,medium,low,True
NBO-0111,-1.334044,36.793712,informal_iron_sheet,RP10,10,0.1,1090000.0,0.0,none,0.0,0.07322167344910052,0.03948665925300725,0.0,0.0,0.0,0.95,0.0,0.0,0.0,0.0,negligible,medium,True
NBO-0112,-1.271695,36.878829,permanent_masonry,RP10,10,0.1,27190000.0,0.04,ml_model,0.1458158493041992,0.5705800826149109,0.11715724670951527,0.23978383874093465,0.0,0.0,0.85,0.0,0.0,0.0,53.5,medium,low,True
NBO-0113,-1.317103,36.847082,permanent_masonry,RP10,10,0.1,78030000.0,0.04,ml_model,0.0978768467903137,0.6640036846258782,0.12629599774298308,0.27904470781391627,0.0,0.0,0.85,0.0,0.0,0.0,66.2,medium,low,True
NBO-0114,-1.268416,36.810036,permanent_masonry,RP10,10,0.1,72885000.0,0.04,ml_model,0.0,0.6624108259953618,0.0871312413197307,0.27837531578879254,0.0,0.0,0.85,0.0,0.0,0.0,65.7,medium,high,True
NBO-0115,-1.340624,36.784613,semi_permanent,RP10,10,0.1,5820000.0,0.0,none,0.0,0.013482710689090332,0.012100662237530467,0.0,0.0,0.0,0.9,0.0,0.0,0.0,0.0,negligible,medium,True
NBO-0116,-1.335686,36.707985,informal_iron_sheet,RP10,10,0.1,970000.0,0.0,none,0.0,0.13225317808584813,0.06100983455369176,0.0,0.0,0.0,0.95,0.0,0.0,0.0,0.0,negligible,medium,True
NBO-0117,-1.258956,36.863648,informal_iron_sheet,RP10,10,0.1,1470000.0,0.04,ml_model,0.1767629981040954,0.6287367304193461,0.18288853531518726,0.26422392118290033,0.0,0.0,0.95,0.0,0.0,0.0,76.7,high,low,True
NBO-0118,-1.228914,36.724864,semi_permanent,RP10,10,0.1,6680000.0,0.0,none,0.0,0.001275776044950714,0.0020891923829455643,0.0,0.0,0.0,0.9,0.0,0.0,0.0,0.0,negligible,medium,True
NBO-0119,-1.321806,36.758701,semi_permanent,RP10,10,0.1,3215000.0,0.004,proxy,0.0631742551922798,0.3532737803797209,0.10188290591151827,0.0631742551922798,0.0,0.0,0.9,0.0,0.0,0.0,39.7,low,medium,True
NBO-0121,-1.229133,36.79396,permanent_masonry,RP10,10,0.1,38180000.0,0.04,ml_model,0.0,0.524675839830389,0.14619231586384632,0.22049277709201745,0.0,0.0,0.85,0.0,0.0,0.0,49.2,low,low,True
NBO-0122,-1.207446,36.790624,semi_permanent,RP10,10,0.1,3745000.0,0.04,ml_model,0.0,0.5118601121643865,0.18792074206676646,0.21510702236688017,0.0,0.0,0.9,0.0,0.0,0.0,50.8,medium,low,True
NBO-0124,-1.181446,36.767437,informal_iron_sheet,RP10,10,0.1,930000.0,0.0,none,0.0,0.3659644793000544,0.116879148057461,0.0,0.0,0.0,0.95,0.0,0.0,0.0,0.0,negligible,medium,True
NBO-0125,-1.183533,36.792047,informal_iron_sheet,RP10,10,0.1,900000.0,0.0,none,0.0,0.09965233876925406,0.0433316202785814,0.0,0.0,0.0,0.95,0.0,0.0,0.0,0.0,negligible,medium,True
NBO-0126,-1.210898,36.776869,informal_iron_sheet,RP10,10,0.1,925000.0,0.04,proxy,0.2796441912651062,0.16142656294927132,0.10741335780035154,0.2796441912651062,0.0,0.0,0.95,0.0,0.0,0.0,80.2,high,medium,True
NBO-0127,-1.290697,36.873831,semi_permanent,RP10,10,0.1,3180000.0,0.04,ml_model,0.0345160253345966,0.5121227462114275,0.1355522567346533,0.21521739320158395,0.0,0.0,0.9,0.0,0.0,0.0,51.0,medium,low,True
NBO-0128,-1.321205,36.719321,informal_iron_sheet,RP10,10,0.1,910000.0,0.0,none,0.0,0.0056082231108103495,0.006464267554504395,0.0,0.0,0.0,0.95,0.0,0.0,0.0,0.0,negligible,medium,True
NBO-0131,-1.340893,36.860238,permanent_masonry,RP10,10,0.1,83420000.0,0.04,ml_model,0.1200344860553741,0.6378434104426652,0.14492293693404684,0.2680509645037423,0.0,0.0,0.85,0.0,0.0,0.0,63.0,medium,low,True
NBO-0132,-1.27855,36.818788,semi_permanent,RP10,10,0.1,5665000.0,0.04,ml_model,0.0129572013393044,0.6038716857922386,0.16652255772847985,0.2537744925526051,0.0,0.0,0.9,0.0,0.0,0.0,65.0,medium,low,True
NBO-0133,-1.207541,36.772299,permanent_masonry,RP10,10,0.1,25915000.0,0.04,ml_model,0.0,0.6518944027697072,0.17065317174746,0.27395583391814043,0.0,0.0,0.85,0.0,0.0,0.0,64.7,medium,low,True
NBO-0134,-1.313321,36.705669,permanent_masonry,RP10,10,0.1,53635000.0,0.0,none,0.0,0.17310490334105394,0.07512182491884763,0.0,0.0,0.0,0.85,0.0,0.0,0.0,0.0,negligible,medium,True
NBO-0135,-1.328732,36.927373,semi_permanent,RP10,10,0.1,4760000.0,0.04,ml_model,0.1276225000619888,0.5191583324889157,0.12245524532467172,0.2181740682360116,0.0,0.0,0.9,0.0,0.0,0.0,51.7,medium,low,True
NBO-0136,-1.308288,36.930201,informal_iron_sheet,RP10,10,0.1,1520000.0,0.04,ml_model,0.0894166082143783,0.6223578368329097,0.12090486402426125,0.261543218442514,0.0,0.0,0.95,0.0,0.0,0.0,75.5,high,low,True
NBO-0139,-1.33467,36.848323,permanent_masonry,RP10,10,0.1,67680000.0,0.0,none,0.0,0.298874780525084,0.10257596869950052,0.0,0.0,0.0,0.85,0.0,0.0,0.0,0.0,negligible,medium,True
NBO-0140,-1.324226,36.772249,permanent_masonry,RP10,10,0.1,49900000.0,0.0,none,0.0,0.4220355100846752,0.144427106562328,0.0,0.0,0.0,0.85,0.0,0.0,0.0,0.0,negligible,medium,True
NBO-0143,-1.227186,36.774168,informal_iron_sheet,RP10,10,0.1,1100000.0,0.0,none,0.0,0.05486072842800128,0.030677625853041526,0.0,0.0,0.0,0.95,0.0,0.0,0.0,0.0,negligible,medium,True
NBO-0144,-1.310914,36.773765,concrete_rcc,RP10,10,0.1,760755000.0,0.04,ml_model,0.0,0.5539870425585997,0.1892081523553782,0.23281068464335342,0.0,0.0,0.8,0.0,0.0,0.0,45.7,low,low,True
NBO-0148,-1.221177,36.725933,informal_iron_sheet,RP10,10,0.1,925000.0,0.0,none,0.0,0.0012179164291206798,0.002315837538437121,0.0,0.0,0.0,0.95,0.0,0.0,0.0,0.0,negligible,medium,True
NBO-0152,-1.184332,36.749384,informal_iron_sheet,RP10,10,0.1,1110000.0,0.0,none,0.0,0.06769860311807684,0.029326944734584498,0.0,0.0,0.0,0.95,0.0,0.0,0.0,0.0,negligible,medium,True
NBO-0153,-1.245369,36.735718,permanent_masonry,RP10,10,0.1,64995000.0,0.0,none,0.0,0.01967377381252584,0.01694105708214196,0.0,0.0,0.0,0.85,0.0,0.0,0.0,0.0,negligible,medium,True
NBO-0154,-1.324387,36.883553,permanent_masonry,RP10,10,0.1,40495000.0,0.0,none,0.0,0.14055168201168927,0.06845388830172706,0.0,0.0,0.0,0.85,0.0,0.0,0.0,0.0,negligible,medium,True
NBO-0155,-1.284631,36.934741,permanent_masonry,RP10,10,0.1,72965000.0,0.04,ml_model,0.1744741797447204,0.5833721264539601,0.11467420781169463,0.24515964043911573,0.0,0.0,0.85,0.0,0.0,0.0,55.0,medium,low,True
NBO-0157,-1.209491,36.725,permanent_masonry,RP10,10,0.1,36455000.0,0.0,none,0.0,0.0024004458362474656,0.0039672414619155655,0.0,0.0,0.0,0.85,0.0,0.0,0.0,0.0,negligible,medium,True
NBO-0158,-1.323821,36.781637,concrete_rcc,RP10,10,0.1,376910000.0,0.04,ml_model,0.0,0.5860966945811628,0.15930772058820616,0.24630462853869645,0.0,0.0,0.8,0.0,0.0,0.0,46.7,low,low,True
NBO-0160,-1.267116,36.905938,semi_permanent,RP10,10,0.1,5905000.0,0.04,ml_model,0.0737608298659324,0.6646256893992429,0.10849396419037599,0.2793061026589467,0.0,0.0,0.9,0.0,0.0,0.0,72.3,medium,low,True
NBO-0161,-1.264529,36.758589,informal_iron_sheet,RP10,10,0.1,1240000.0,0.04,ml_model,0.0,0.5146561676750533,0.11639516325332852,0.2162820527335341,0.0,0.0,0.95,0.0,0.0,0.0,58.2,medium,low,True
NBO-0162,-1.207852,36.738724,permanent_masonry,RP10,10,0.1,33235000.0,0.0,none,0.0,0.02199034432340677,0.012769741574912162,0.0,0.0,0.0,0.85,0.0,0.0,0.0,0.0,negligible,medium,True
NBO-0163,-1.342246,36.823872,informal_iron_sheet,RP10,10,0.1,900000.0,0.0,none,0.0,0.480609051232946,0.11519089636820308,0.0,0.0,0.0,0.95,0.0,0.0,0.0,0.0,negligible,medium,True
NBO-0164,-1.318571,36.780133,semi_permanent,RP10,10,0.1,4000000.0,0.04,ml_model,0.0,0.572817804508535,0.179096325415964,0.2407242317936132,0.0,0.0,0.9,0.0,0.0,0.0,60.8,medium,low,True
NBO-0165,-1.315888,36.912665,informal_iron_sheet,RP10,10,0.1,1320000.0,0.004,proxy,0.0557259246706962,0.12186875446355144,0.08189222081001894,0.0557259246706962,0.0,0.0,0.95,0.0,0.0,0.0,40.3,low,medium,True
NBO-0166,-1.273681,36.816244,informal_iron_sheet,RP10,10,0.1,630000.0,0.04,ml_model,0.0,0.6322840540579293,0.13155964879245166,0.2657146687663382,0.0,0.0,0.95,0.0,0.0,0.0,77.0,high,low,True
NBO-0167,-1.194379,36.756692,informal_iron_sheet,RP10,10,0.1,1245000.0,0.004,proxy,0.0631651803851127,0.4029223920217416,0.13348905897229668,0.0631651803851127,0.0,0.0,0.95,0.0,0.0,0.0,40.5,low,medium,True
NBO-0168,-1.226041,36.807618,permanent_masonry,RP10,10,0.1,56855000.0,0.04,ml_model,0.0,0.6327615139831927,0.09906724613338844,0.2659153192573261,0.0,0.0,0.85,0.0,0.0,0.0,62.0,medium,low,True
NBO-0169,-1.274509,36.755653,semi_permanent,RP10,10,0.1,3735000.0,0.04,ml_model,0.0,0.5447928983874328,0.1226075705199948,0.22894688488855566,0.0,0.0,0.9,0.0,0.0,0.0,55.5,medium,low,True
NBO-0170,-1.292702,36.875973,informal_iron_sheet,RP10,10,0.1,1245000.0,0.0,none,0.0,0.16502890780061485,0.07052291332936769,0.0,0.0,0.0,0.95,0.0,0.0,0.0,0.0,negligible,medium,True
NBO-0171,-1.212602,36.943006,permanent_masonry,RP10,10,0.1,136925000.0,0.04,ml_model,0.2369648814201355,0.6402087197909057,0.14100792632727624,0.2690449756383961,0.0,0.0,0.85,0.0,0.0,0.0,63.3,medium,low,True
NBO-0172,-1.240316,36.852111,permanent_masonry,RP10,10,0.1,93240000.0,0.04,ml_model,0.0,0.5868000690716118,0.1261750199091788,0.2466002186592267,0.0,0.0,0.85,0.0,0.0,0.0,55.8,medium,low,True
NBO-0173,-1.230335,36.759392,permanent_masonry,RP10,10,0.1,53255000.0,0.0,none,0.0,0.0677255229652451,0.036716949605533455,0.0,0.0,0.0,0.85,0.0,0.0,0.0,0.0,negligible,medium,True
NBO-0175,-1.341161,36.791211,concrete_rcc,RP10,10,0.1,457070000.0,0.0,none,0.0,0.02867627594885297,0.013941420678822043,0.0,0.0,0.0,0.8,0.0,0.0,0.0,0.0,negligible,medium,True
NBO-0176,-1.212321,36.722038,informal_iron_sheet,RP10,10,0.1,1370000.0,0.0,none,0.0,0.0008555970267328925,0.0016483718125827,0.0,0.0,0.0,0.95,0.0,0.0,0.0,0.0,negligible,medium,True
NBO-0177,-1.182082,36.738428,permanent_masonry,RP10,10,0.1,102100000.0,0.0,none,0.0,0.0072427297668969486,0.004808858571331609,0.0,0.0,0.0,0.85,0.0,0.0,0.0,0.0,negligible,medium,True
NBO-0179,-1.337228,36.908714,semi_permanent,RP10,10,0.1,4500000.0,0.04,ml_model,0.1453894227743148,0.5886480392689482,0.15590688999855037,0.24737682022892296,0.0,0.0,0.9,0.0,0.0,0.0,63.2,medium,low,True
NBO-0180,-1.333631,36.756666,semi_permanent,RP10,10,0.1,5520000.0,0.0,none,0.0,0.021053732443264424,0.0181794308961476,0.0,0.0,0.0,0.9,0.0,0.0,0.0,0.0,negligible,medium,True
NBO-0181,-1.195501,36.89562,informal_iron_sheet,RP10,10,0.1,865000.0,0.04,ml_model,0.1580795347690582,0.6373139219914957,0.14907683699054086,0.2678284492473237,0.0,0.0,0.95,0.0,0.0,0.0,77.7,high,low,True
NBO-0182,-1.319569,36.720591,informal_iron_sheet,RP10,10,0.1,1360000.0,0.0,none,0.0,0.01061667907409155,0.010529957509291065,0.0,0.0,0.0,0.95,0.0,0.0,0.0,0.0,negligible,medium,True
NBO-0183,-1.218746,36.909908,semi_permanent,RP10,10,0.1,4535000.0,0.04,ml_model,0.1909132599830627,0.5556518370769921,0.1545168704852614,0.2335103074176107,0.0,0.0,0.9,0.0,0.0,0.0,57.5,medium,low,True
NBO-0184,-1.221434,36.878747,permanent_masonry,RP10,10,0.1,36975000.0,0.0,none,0.0,0.49444602744499133,0.08853499985791297,0.0,0.0,0.0,0.85,0.0,0.0,0.0,0.0,negligible,medium,True
NBO-0185,-1.28124,36.722067,semi_permanent,RP10,10,0.1,4485000.0,0.0,none,0.0,0.3643583542729904,0.12299037836908715,0.0,0.0,0.0,0.9,0.0,0.0,0.0,0.0,negligible,medium,True
NBO-0186,-1.311268,36.710595,concrete_rcc,RP10,10,0.1,993560000.0,0.0,none,0.0,0.2150178730701556,0.10226860762366476,0.0,0.0,0.0,0.8,0.0,0.0,0.0,0.0,negligible,medium,True
NBO-0187,-1.330025,36.762867,informal_iron_sheet,RP10,10,0.1,805000.0,0.0,none,0.0,0.1030311378664077,0.045908687641358914,0.0,0.0,0.0,0.95,0.0,0.0,0.0,0.0,negligible,medium,True
NBO-0188,-1.301215,36.744807,semi_permanent,RP10,10,0.1,3595000.0,0.0,none,0.0,0.15066547140164446,0.058171322041086757,0.0,0.0,0.0,0.9,0.0,0.0,0.0,0.0,negligible,medium,True
NBO-0190,-1.20887,36.81776,concrete_rcc,RP10,10,0.1,464040000.0,0.0,none,0.0,0.04990270928856754,0.025523811285984434,0.0,0.0,0.0,0.8,0.0,0.0,0.0,0.0,negligible,medium,True
NBO-0192,-1.329844,36.771296,semi_permanent,RP10,10,0.1,4215000.0,0.0,none,0.0,0.013378364051541976,0.012136900940015485,0.0,0.0,0.0,0.9,0.0,0.0,0.0,0.0,negligible,medium,True
NBO-0193,-1.210185,36.944592,permanent_masonry,RP10,10,0.1,88580000.0,0.04,ml_model,0.269862949848175,0.6509329206430833,0.1448803503121492,0.27355177516770857,0.0,0.0,0.85,0.0,0.0,0.0,64.3,medium,low,True
NBO-0194,-1.264517,36.725531,concrete_rcc,RP10,10,0.1,395825000.0,0.0,none,0.0,0.33495746199760396,0.11271389347069087,0.0,0.0,0.0,0.8,0.0,0.0,0.0,0.0,negligible,medium,True
NBO-0195,-1.27448,36.865735,concrete_rcc,RP10,10,0.1,1055700000.0,0.04,ml_model,0.0330983623862266,0.5921143938546377,0.1315740009187123,0.248833540914273,0.0,0.0,0.8,0.0,0.0,0.0,47.0,low,low,True
NBO-0196,-1.224155,36.832879,semi_permanent,RP10,10,0.1,4445000.0,0.04,ml_model,0.0,0.6235879219595843,0.19330390453008856,0.2620601564546164,0.0,0.0,0.9,0.0,0.0,0.0,68.5,medium,low,True
NBO-0197,-1.343618,36.947469,informal_iron_sheet,RP10,10,0.1,2575000.0,0.004,proxy,0.0544748902320861,0.22254085685713798,0.12598699208050107,0.0544748902320861,0.0,0.0,0.95,0.0,0.0,0.0,40.0,low,medium,True
NBO-0198,-1.319233,36.938714,concrete_rcc,RP10,10,0.1,1029420000.0,0.04,ml_model,0.0253351777791976,0.5944822036583357,0.13691840327532342,0.24982860285463576,0.0,0.0,0.8,0.0,0.0,0.0,47.3,low,low,True
NBO-0199,-1.344312,36.819906,permanent_masonry,RP10,10,0.1,32725000.0,0.004,proxy,0.0267174895852804,0.4580335349493864,0.13501424722657654,0.0267174895852804,0.0,0.0,0.85,0.0,0.0,0.0,36.2,low,medium,True
NBO-0202,-1.318579,36.742962,permanent_masonry,RP10,10,0.1,31350000.0,0.0,none,0.0,0.45584283717566537,0.15079867419304754,0.0,0.0,0.0,0.85,0.0,0.0,0.0,0.0,negligible,medium,True
NBO-0204,-1.336469,36.921711,concrete_rcc,RP10,10,0.1,563530000.0,0.04,ml_model,0.0,0.5657537474277358,0.14378917037967587,0.23775559202589402,0.0,0.0,0.8,0.0,0.0,0.0,46.2,low,low,True
NBO-0205,-1.289884,36.819049,semi_permanent,RP10,10,0.1,3240000.0,0.04,proxy,0.2068036645650863,0.3420086425137934,0.15516382066896756,0.2068036645650863,0.0,0.0,0.9,0.0,0.0,0.0,49.0,low,medium,True
NBO-0207,-1.319881,36.761287,permanent_masonry,RP10,10,0.1,32605000.0,0.0,none,0.0,0.47662014531309027,0.1549125614411903,0.0,0.0,0.0,0.85,0.0,0.0,0.0,0.0,negligible,medium,True
NBO-0210,-1.291279,36.929862,concrete_rcc,RP10,10,0.1,283520000.0,0.04,ml_model,0.1663005650043487,0.5142205217637558,0.11881201737773113,0.2160989744030323,0.0,0.0,0.8,0.0,0.0,0.0,44.5,low,low,True
NBO-0212,-1.317846,36.837696,semi_permanent,RP10,10,0.1,3325000.0,0.04,ml_model,0.0227607246488332,0.6123367988135268,0.07859706056765381,0.25733192008550804,0.0,0.0,0.9,0.0,0.0,0.0,66.5,medium,low,True
NBO-0213,-1.287925,36.788302,informal_iron_sheet,RP10,10,0.1,1440000.0,0.04,ml_model,0.0,0.5619710634874646,0.10907763122290828,0.2361659352825582,0.0,0.0,0.95,0.0,0.0,0.0,67.7,medium,low,True
NBO-0214,-1.285278,36.707129,informal_iron_sheet,RP10,10,0.1,695000.0,0.0,none,0.0,0.4504846349966073,0.14474416902573414,0.0,0.0,0.0,0.95,0.0,0.0,0.0,0.0,negligible,medium,True
NBO-0215,-1.235394,36.793707,informal_iron_sheet,RP10,10,0.1,925000.0,0.0,none,0.0,0.0762338301618669,0.034798202562116375,0.0,0.0,0.0,0.95,0.0,0.0,0.0,0.0,negligible,medium,True
NBO-0217,-1.295741,36.827042,permanent_masonry,RP10,10,0.1,42040000.0,0.04,ml_model,0.0455809794366359,0.5000038204766762,0.08858039685524066,0.2101244665070919,0.0,0.0,0.85,0.0,0.0,0.0,46.3,low,low,True
NBO-0219,-1.307356,36.740224,informal_iron_sheet,RP10,10,0.1,1245000.0,0.0,none,0.0,0.301174551808621,0.14454004016667543,0.0,0.0,0.0,0.95,0.0,0.0,0.0,0.0,negligible,medium,True
NBO-0220,-1.200512,36.883541,semi_permanent,RP10,10,0.1,3360000.0,0.04,ml_model,0.2107815593481063,0.6381896048809055,0.21123777086309226,0.2681964512353709,0.0,0.0,0.9,0.0,0.0,0.0,69.8,medium,low,True
NBO-0221,-1.328457,36.847573,concrete_rcc,RP10,10,0.1,1129100000.0,0.004,proxy,0.0106329144909977,0.3284166950623097,0.10062705612616726,0.0106329144909977,0.0,0.0,0.8,0.0,0.0,0.0,34.5,low,medium,True
NBO-0224,-1.295518,36.816631,concrete_rcc,RP10,10,0.1,1394785000.0,0.04,ml_model,0.0,0.5167230905060322,0.098164263305722,0.21715066821082527,0.0,0.0,0.8,0.0,0.0,0.0,44.7,low,low,True
NBO-0225,-1.285168,36.767894,permanent_masonry,RP10,10,0.1,49225000.0,0.0,none,0.0,0.45738170567386016,0.14357408765990423,0.0,0.0,0.0,0.85,0.0,0.0,0.0,0.0,negligible,medium,True
NBO-0227,-1.26086,36.717133,permanent_masonry,RP10,10,0.1,68610000.0,0.0,none,0.0,0.1804022672412847,0.08017343395446418,0.0,0.0,0.0,0.85,0.0,0.0,0.0,0.0,negligible,medium,True
NBO-0228,-1.197482,36.882829,semi_permanent,RP10,10,0.1,4865000.0,0.04,proxy,0.2758456170558929,0.5447246824939017,0.1339752018831285,0.2758456170558929,0.0,0.0,0.9,0.0,0.0,0.0,71.7,medium,high,True
NBO-0229,-1.184356,36.908604,informal_iron_sheet,RP10,10,0.1,570000.0,0.04,ml_model,0.2379405349493026,0.6559134429200268,0.11444856902606322,0.2756448183476022,0.0,0.0,0.95,0.0,0.0,0.0,79.2,high,low,True
NBO-0230,-1.332177,36.762032,informal_iron_sheet,RP10,10,0.1,1055000.0,0.0,none,0.0,0.0709773930933144,0.03688879247432663,0.0,0.0,0.0,0.95,0.0,0.0,0.0,0.0,negligible,medium,True
NBO-0231,-1.33616,36.789645,concrete_rcc,RP10,10,0.1,1455240000.0,0.0,none,0.0,0.015428666639303864,0.009082194855735996,0.0,0.0,0.0,0.8,0.0,0.0,0.0,0.0,negligible,medium,True
NBO-0232,-1.284456,36.786377,informal_iron_sheet,RP10,10,0.1,680000.0,0.04,proxy,0.2111669778823852,0.2225041142381822,0.12000528787137638,0.2111669778823852,0.0,0.0,0.95,0.0,0.0,0.0,55.2,medium,medium,True
NBO-0234,-1.226429,36.738966,semi_permanent,RP10,10,0.1,7695000.0,0.0,none,0.0,0.010387317327482812,0.010112877086188155,0.0,0.0,0.0,0.9,0.0,0.0,0.0,0.0,negligible,medium,True
NBO-0235,-1.290382,36.928578,informal_iron_sheet,RP10,10,0.1,675000.0,0.04,ml_model,0.1120080575346946,0.6142666907313645,0.11608022803612972,0.25814294890777867,0.0,0.0,0.95,0.0,0.0,0.0,74.3,medium,low,True
NBO-0236,-1.187621,36.72315,semi_permanent,RP10,10,0.1,9120000.0,0.0,none,0.0,0.0008578802541732187,0.0014984996505824856,0.0,0.0,0.0,0.9,0.0,0.0,0.0,0.0,negligible,medium,True
NBO-0237,-1.199153,36.70927,concrete_rcc,RP10,10,0.1,697740000.0,0.0,none,0.0,5.0776675592966177e-05,0.00027589544901381345,0.0,0.0,0.0,0.8,0.0,0.0,0.0,0.0,negligible,medium,True
NBO-0238,-1.281576,36.902948,permanent_masonry,RP10,10,0.1,31835000.0,0.04,ml_model,0.0682321786880493,0.5655364573086776,0.12656530542588526,0.23766427678294083,0.0,0.0,0.85,0.0,0.0,0.0,53.2,medium,low,True
NBO-0239,-1.188579,36.716339,permanent_masonry,RP10,10,0.1,37440000.0,0.0,none,0.0,0.00027306329644746747,0.0008364756625144935,0.0,0.0,0.0,0.85,0.0,0.0,0.0,0.0,negligible,medium,True
NBO-0240,-1.211563,36.84204,permanent_masonry,RP10,10,0.1,18665000.0,0.04,ml_model,0.0,0.5938875490750262,0.16157443605896607,0.24957870180997016,0.0,0.0,0.85,0.0,0.0,0.0,56.8,medium,low,True
NBO-0245,-1.236395,36.870383,informal_iron_sheet,RP10,10,0.1,1470000.0,0.04,ml_model,0.1757399886846542,0.6336910393552218,0.2172427934153384,0.2663059483183525,0.0,0.0,0.95,0.0,0.0,0.0,77.2,high,low,True
NBO-0246,-1.271319,36.783572,semi_permanent,RP10,10,0.1,2350000.0,0.04,ml_model,0.0033656794112175,0.5923670816040104,0.12491272806545874,0.2489397318599326,0.0,0.0,0.9,0.0,0.0,0.0,64.0,medium,low,True
NBO-0247,-1.186897,36.934355,informal_iron_sheet,RP10,10,0.1,1930000.0,0.04,proxy,0.2489110231399536,0.422626544163259,0.14667635275836904,0.2489110231399536,0.0,0.0,0.95,0.0,0.0,0.0,71.5,medium,medium,True
NBO-0248,-1.303397,36.719771,permanent_masonry,RP10,10,0.1,67115000.0,0.0,none,0.0,0.21042446092216618,0.07508592648937867,0.0,0.0,0.0,0.85,0.0,0.0,0.0,0.0,negligible,medium,True
NBO-0249,-1.201491,36.870552,semi_permanent,RP10,10,0.1,2705000.0,0.04,proxy,0.2466067969799041,0.5858659695534922,0.2279749686188499,0.2466067969799041,0.0,0.0,0.9,0.0,0.0,0.0,62.5,medium,medium,True
NBO-0250,-1.309464,36.727057,concrete_rcc,RP10,10,0.1,346390000.0,0.004,proxy,0.0657281130552291,0.28380828363961436,0.10832060984437872,0.0657281130552291,0.0,0.0,0.8,0.0,0.0,0.0,37.8,low,medium,True
NBO-0251,-1.310908,36.74482,semi_permanent,RP10,10,0.1,3695000.0,0.0,none,0.0,0.40447102112807026,0.1198555549729505,0.0,0.0,0.0,0.9,0.0,0.0,0.0,0.0,negligible,medium,True
NBO-0253,-1.197507,36.82492,semi_permanent,RP10,10,0.1,5710000.0,0.0,none,0.0,0.25426395010958236,0.09254737784857112,0.0,0.0,0.0,0.9,0.0,0.0,0.0,0.0,negligible,medium,True
NBO-0254,-1.225363,36.713396,informal_iron_sheet,RP10,10,0.1,1930000.0,0.0,none,0.0,0.00016058025613904914,0.0005109026620798728,0.0,0.0,0.0,0.95,0.0,0.0,0.0,0.0,negligible,medium,True
NBO-0255,-1.306528,36.801425,permanent_masonry,RP10,10,0.1,59540000.0,0.04,ml_model,0.0,0.5802200012057939,0.10021781776213898,0.2438349732885667,0.0,0.0,0.85,0.0,0.0,0.0,54.5,medium,low,True
NBO-0256,-1.32265,36.834249,semi_permanent,RP10,10,0.1,3650000.0,0.0,none,0.0,0.4335756627058733,0.08522006274194528,0.0,0.0,0.0,0.9,0.0,0.0,0.0,0.0,negligible,medium,True
NBO-0257,-1.23058,36.769731,concrete_rcc,RP10,10,0.1,1181605000.0,0.004,known_hotspot,0.0,0.05753632966044178,0.025009715572301597,0.03751815456308388,0.0,0.0,0.8,0.0,0.0,0.0,36.0,low,medium,True
NBO-0258,-1.325808,36.801523,permanent_masonry,RP10,10,0.1,36655000.0,0.04,ml_model,0.0,0.5180517951586415,0.14028301442682112,0.21770905065680113,0.0,0.0,0.85,0.0,0.0,0.0,47.7,low,low,True
NBO-0260,-1.328899,36.747618,semi_permanent,RP10,10,0.1,10010000.0,0.0,none,0.0,0.2491301410371159,0.09063634981672344,0.0,0.0,0.0,0.9,0.0,0.0,0.0,0.0,negligible,medium,True
NBO-0261,-1.23631,36.777251,concrete_rcc,RP10,10,0.1,823910000.0,0.01,known_hotspot,0.0211133081465959,0.25744856941695804,0.07599994978224305,0.10722211395301535,0.0,0.0,0.8,0.0,0.0,0.0,41.3,low,medium,True
NBO-0263,-1.240543,36.762234,semi_permanent,RP10,10,0.1,3240000.0,0.004,known_hotspot,0.0,0.4447416472379719,0.12316378161832016,0.062042808614037756,0.0,0.0,0.9,0.0,0.0,0.0,39.5,low,medium,True
NBO-0264,-1.194188,36.709318,concrete_rcc,RP10,10,0.1,850565000.0,0.0,none,0.0,7.80923621236049e-05,0.00042889813445541993,0.0,0.0,0.0,0.8,0.0,0.0,0.0,0.0,negligible,medium,True
NBO-0267,-1.265873,36.781748,permanent_masonry,RP10,10,0.1,28335000.0,0.04,proxy,0.2188541740179062,0.3031757163777691,0.14059739518580575,0.2188541740179062,0.0,0.0,0.85,0.0,0.0,0.0,48.0,low,medium,True
NBO-0269,-1.230379,36.705483,semi_permanent,RP10,10,0.1,3310000.0,0.0,none,0.0,0.00010870786741375232,0.00045352339753067694,0.0,0.0,0.0,0.9,0.0,0.0,0.0,0.0,negligible,medium,True
NBO-0270,-1.22036,36.726497,permanent_masonry,RP10,10,0.1,106590000.0,0.0,none,0.0,0.0016421689926224689,0.003035039910609108,0.0,0.0,0.0,0.85,0.0,0.0,0.0,0.0,negligible,medium,True
NBO-0271,-1.238975,36.704695,semi_permanent,RP10,10,0.1,3125000.0,0.0,none,0.0,0.00021471587650150035,0.001179809967496735,0.0,0.0,0.0,0.9,0.0,0.0,0.0,0.0,negligible,medium,True
NBO-0272,-1.268976,36.707647,permanent_masonry,RP10,10,0.1,84745000.0,0.0,none,0.0,0.4707893373873312,0.14738214441419528,0.0,0.0,0.0,0.85,0.0,0.0,0.0,0.0,negligible,medium,True
NBO-0273,-1.224272,36.70066,semi_permanent,RP10,10,0.1,3775000.0,0.0,none,0.0,0.00011327947904536049,0.00038594374363430976,0.0,0.0,0.0,0.9,0.0,0.0,0.0,0.0,negligible,medium,True
NBO-0274,-1.290944,36.852137,permanent_masonry,RP10,10,0.1,38080000.0,0.04,ml_model,0.1202279850840568,0.6322771521201963,0.13365193639254194,0.2657117682565328,0.0,0.0,0.85,0.0,0.0,0.0,61.7,medium,low,True
NBO-0276,-1.341675,36.788527,informal_iron_sheet,RP10,10,0.1,2025000.0,0.0,none,0.0,0.020212347492843095,0.01197255736834949,0.0,0.0,0.0,0.95,0.0,0.0,0.0,0.0,negligible,medium,True
NBO-0277,-1.316557,36.932,semi_permanent,RP10,10,0.1,3990000.0,0.004,proxy,0.0851205959916114,0.12527774716369924,0.09048380417427432,0.0851205959916114,0.0,0.0,0.9,0.0,0.0,0.0,41.0,low,medium,True
NBO-0280,-1.286231,36.892072,concrete_rcc,RP10,10,0.1,609445000.0,0.004,known_hotspot,0.0034659986849874,0.4362296469085145,0.12484984510139743,0.004866627253643489,0.0,0.0,0.8,0.0,0.0,0.0,33.8,low,medium,True
NBO-0281,-1.187574,36.830611,permanent_masonry,RP10,10,0.1,24840000.0,0.0,none,0.0,0.4772815425542254,0.11908375073010831,0.0,0.0,0.0,0.85,0.0,0.0,0.0,0.0,negligible,medium,True
NBO-0282,-1.338431,36.714023,permanent_masonry,RP10,10,0.1,46565000.0,0.0,none,0.0,0.006766070228547596,0.008487178101008503,0.0,0.0,0.0,0.85,0.0,0.0,0.0,0.0,negligible,medium,True
NBO-0283,-1.295195,36.729934,informal_iron_sheet,RP10,10,0.1,850000.0,0.0,none,0.0,0.08981159828164322,0.04428903257379217,0.0,0.0,0.0,0.95,0.0,0.0,0.0,0.0,negligible,medium,True
NBO-0284,-1.27871,36.781699,semi_permanent,RP10,10,0.1,11015000.0,0.01,known_hotspot,0.0482361502945423,0.48320927506874467,0.12743259829843395,0.147455420904916,0.0,0.0,0.9,0.0,0.0,0.0,43.8,low,medium,True
NBO-0285,-1.308304,36.733992,semi_permanent,RP10,10,0.1,3770000.0,0.0,none,0.0,0.44114557116505754,0.13246398456994718,0.0,0.0,0.0,0.9,0.0,0.0,0.0,0.0,negligible,medium,True
NBO-0286,-1.211654,36.859362,permanent_masonry,RP10,10,0.1,27450000.0,0.04,ml_model,0.0472190491855144,0.6160680887462523,0.1694673834856896,0.2588999787170397,0.0,0.0,0.85,0.0,0.0,0.0,60.0,medium,low,True
NBO-0287,-1.305027,36.717376,informal_iron_sheet,RP10,10,0.1,700000.0,0.0,none,0.0,0.3870183120691367,0.10811995088634213,0.0,0.0,0.0,0.95,0.0,0.0,0.0,0.0,negligible,medium,True
NBO-0289,-1.185153,36.790811,semi_permanent,RP10,10,0.1,3625000.0,0.0,none,0.0,0.09342398361695198,0.03812956783540545,0.0,0.0,0.0,0.9,0.0,0.0,0.0,0.0,negligible,medium,True
NBO-0290,-1.266469,36.795974,semi_permanent,RP10,10,0.1,3005000.0,0.04,ml_model,0.0,0.6289227574925419,0.16480999890648218,0.2643020982645752,0.0,0.0,0.9,0.0,0.0,0.0,68.8,medium,low,True
NBO-0291,-1.309713,36.71976,permanent_masonry,RP10,10,0.1,25425000.0,0.004,proxy,0.0076628164388239,0.2156193552544424,0.07829409606660076,0.0076628164388239,0.0,0.0,0.85,0.0,0.0,0.0,34.7,low,medium,True
NBO-0294,-1.28955,36.779763,informal_iron_sheet,RP10,10,0.1,715000.0,0.04,proxy,0.2126947343349456,0.19232612272601066,0.10840315918746397,0.2126947343349456,0.0,0.0,0.95,0.0,0.0,0.0,56.5,medium,medium,True
NBO-0295,-1.33716,36.794091,permanent_masonry,RP10,10,0.1,62920000.0,0.0,none,0.0,0.0719400735146425,0.03497459307860244,0.0,0.0,0.0,0.85,0.0,0.0,0.0,0.0,negligible,medium,True
NBO-0296,-1.278423,36.873103,informal_iron_sheet,RP10,10,0.1,1230000.0,0.04,proxy,0.2212733775377273,0.5036118292387786,0.14677932592522264,0.2212733775377273,0.0,0.0,0.95,0.0,0.0,0.0,61.0,medium,high,True
NBO-0297,-1.213308,36.732977,semi_permanent,RP10,10,0.1,4370000.0,0.0,none,0.0,0.007666855868836697,0.0074434719862643715,0.0,0.0,0.0,0.9,0.0,0.0,0.0,0.0,negligible,medium,True
NBO-0298,-1.323806,36.853642,semi_permanent,RP10,10,0.1,2400000.0,0.04,ml_model,0.0,0.5134986849160135,0.10132630163697139,0.21579562555583268,0.0,0.0,0.9,0.0,0.0,0.0,51.2,medium,low,True
NBO-0299,-1.298429,36.785526,semi_permanent,RP10,10,0.1,2280000.0,0.004,known_hotspot,0.0,0.14164180466676352,0.05147505839614439,0.00507722671968464,0.0,0.0,0.9,0.0,0.0,0.0,34.2,low,medium,True
NBO-0300,-1.316479,36.875112,permanent_masonry,RP10,10,0.1,48805000.0,0.04,ml_model,0.1420998126268386,0.6001736287703443,0.12482520282340438,0.25222039990967776,0.0,0.0,0.85,0.0,0.0,0.0,57.8,medium,low,True
NBO-0302,-1.207697,36.777948,semi_permanent,RP10,10,0.1,4830000.0,0.04,ml_model,0.0,0.6165594853654827,0.1489372082894837,0.2591064860440452,0.0,0.0,0.9,0.0,0.0,0.0,67.2,medium,low,True
NBO-0303,-1.326648,36.769993,concrete_rcc,RP10,10,0.1,305250000.0,0.0,none,0.0,0.22154995096778105,0.09753771948495372,0.0,0.0,0.0,0.8,0.0,0.0,0.0,0.0,negligible,medium,True
NBO-0304,-1.32852,36.797975,permanent_masonry,RP10,10,0.1,58110000.0,0.004,known_hotspot,0.0,0.3486850186171976,0.11311143265994995,0.009007544343668489,0.0,0.0,0.85,0.0,0.0,0.0,35.0,low,medium,True
NBO-0305,-1.310833,36.773989,concrete_rcc,RP10,10,0.1,838115000.0,0.04,ml_model,0.0,0.5442209834301158,0.18827458738039343,0.22870654007443186,0.0,0.0,0.8,0.0,0.0,0.0,45.2,low,low,True
NBO-0306,-1.220163,36.889739,permanent_masonry,RP10,10,0.1,67155000.0,0.04,ml_model,0.183804303407669,0.5797922666120728,0.1333698122585888,0.2436552196554313,0.0,0.0,0.85,0.0,0.0,0.0,54.3,medium,low,True
NBO-0307,-1.335209,36.897649,informal_iron_sheet,RP10,10,0.1,960000.0,0.04,ml_model,0.1050631180405616,0.6060713107272682,0.12559913278513354,0.2546988755214155,0.0,0.0,0.95,0.0,0.0,0.0,73.7,medium,low,True
NBO-0309,-1.230274,36.759232,semi_permanent,RP10,10,0.1,6120000.0,0.0,none,0.0,0.06601281312567112,0.03672925279034786,0.0,0.0,0.0,0.9,0.0,0.0,0.0,0.0,negligible,medium,True
NBO-0310,-1.193935,36.823109,permanent_masonry,RP10,10,0.1,37675000.0,0.0,none,0.0,0.26666942576507735,0.09593060307668429,0.0,0.0,0.0,0.85,0.0,0.0,0.0,0.0,negligible,medium,True
NBO-0312,-1.27629,36.836385,semi_permanent,RP10,10,0.1,3975000.0,0.04,ml_model,0.0,0.5460219392337371,0.10830786453012879,0.2294633840462999,0.0,0.0,0.9,0.0,0.0,0.0,56.2,medium,low,True
NBO-0313,-1.204866,36.703881,permanent_masonry,RP10,10,0.1,49505000.0,0.0,none,0.0,3.247220421114138e-05,0.0002893830537231651,0.0,0.0,0.0,0.85,0.0,0.0,0.0,0.0,negligible,medium,True
NBO-0314,-1.182174,36.721902,permanent_masonry,RP10,10,0.1,114670000.0,0.0,none,0.0,0.0007521009422793809,0.0017626179622125954,0.0,0.0,0.0,0.85,0.0,0.0,0.0,0.0,negligible,medium,True
NBO-0315,-1.181293,36.796118,semi_permanent,RP10,10,0.1,3770000.0,0.0,none,0.0,0.04058719510998407,0.01790148067377903,0.0,0.0,0.0,0.9,0.0,0.0,0.0,0.0,negligible,medium,True
NBO-0317,-1.245344,36.806905,informal_iron_sheet,RP10,10,0.1,2150000.0,0.0,none,0.0,0.19798764541028555,0.07978070648038373,0.0,0.0,0.0,0.95,0.0,0.0,0.0,0.0,negligible,medium,True
NBO-0318,-1.332425,36.855886,informal_iron_sheet,RP10,10,0.1,1335000.0,0.0,none,0.0,0.34915150684232826,0.09790030265497719,0.0,0.0,0.0,0.95,0.0,0.0,0.0,0.0,negligible,medium,True
NBO-0320,-1.348242,36.720226,semi_permanent,RP10,10,0.1,4105000.0,0.0,none,0.0,0.005331665589691122,0.006874267845502807,0.0,0.0,0.0,0.9,0.0,0.0,0.0,0.0,negligible,medium,True
NBO-0321,-1.214463,36.819394,semi_permanent,RP10,10,0.1,3110000.0,0.0,none,0.0,0.452163794504986,0.13910278620116046,0.0,0.0,0.0,0.9,0.0,0.0,0.0,0.0,negligible,medium,True
NBO-0322,-1.317859,36.80791,concrete_rcc,RP10,10,0.1,394920000.0,0.01,proxy,0.0951244160532951,0.4422046546494407,0.13891077792044548,0.0951244160532951,0.0,0.0,0.8,0.0,0.0,0.0,40.2,low,medium,True
NBO-0323,-1.269099,36.814491,permanent_masonry,RP10,10,0.1,36045000.0,0.01,known_hotspot,0.0,0.4996790480654245,0.1344164165450847,0.11801240312020368,0.0,0.0,0.85,0.0,0.0,0.0,42.3,low,medium,True
NBO-0324,-1.327675,36.927681,concrete_rcc,RP10,10,0.1,310620000.0,0.04,ml_model,0.111393854022026,0.5235724450412875,0.12090848685979215,0.22002908015229083,0.0,0.0,0.8,0.0,0.0,0.0,44.8,low,low,True
NBO-0325,-1.213059,36.774836,concrete_rcc,RP10,10,0.1,1116695000.0,0.04,ml_model,0.0,0.5450478257138562,0.17609428113445255,0.22905401700688974,0.0,0.0,0.8,0.0,0.0,0.0,45.3,low,low,True
NBO-0327,-1.285088,36.818006,informal_iron_sheet,RP10,10,0.1,1080000.0,0.04,ml_model,0.0,0.6150068884186478,0.09411202117524432,0.2584540138192466,0.0,0.0,0.95,0.0,0.0,0.0,74.5,medium,low,True
NBO-0328,-1.341179,36.819429,semi_permanent,RP10,10,0.1,5435000.0,0.0,none,0.0,0.44379228322016095,0.11270571751012913,0.0,0.0,0.0,0.9,0.0,0.0,0.0,0.0,negligible,medium,True
NBO-0330,-1.344911,36.819275,permanent_masonry,RP10,10,0.1,56410000.0,0.004,proxy,0.037077147513628,0.468458687973857,0.14518554897076957,0.037077147513628,0.0,0.0,0.85,0.0,0.0,0.0,37.5,low,medium,True
NBO-0331,-1.299253,36.714793,semi_permanent,RP10,10,0.1,3410000.0,0.0,none,0.0,0.23436208079432003,0.08396105554824591,0.0,0.0,0.0,0.9,0.0,0.0,0.0,0.0,negligible,medium,True
NBO-0332,-1.210051,36.840545,informal_iron_sheet,RP10,10,0.1,975000.0,0.04,ml_model,0.0,0.5513890082656715,0.1757210225443503,0.23171887184630674,0.0,0.0,0.95,0.0,0.0,0.0,65.3,medium,low,True
NBO-0333,-1.271368,36.72167,informal_iron_sheet,RP10,10,0.1,1585000.0,0.04,ml_model,0.0,0.5697070648206606,0.12442794755112307,0.23941695674772676,0.0,0.0,0.95,0.0,0.0,0.0,68.7,medium,low,True
NBO-0334,-1.300269,36.932332,semi_permanent,RP10,10,0.1,3980000.0,0.04,ml_model,0.1508359909057617,0.6336273101957075,0.14009417822115447,0.26627916641170407,0.0,0.0,0.9,0.0,0.0,0.0,69.5,medium,low,True
NBO-0335,-1.204821,36.777835,concrete_rcc,RP10,10,0.1,499980000.0,0.04,ml_model,0.0,0.6032365394008615,0.16090340590723365,0.25350757499882565,0.0,0.0,0.8,0.0,0.0,0.0,48.3,low,low,True
NBO-0336,-1.31156,36.933433,concrete_rcc,RP10,10,0.1,425295000.0,0.04,ml_model,0.0389851070940494,0.5566860737171592,0.1481268873058648,0.23394494094111062,0.0,0.0,0.8,0.0,0.0,0.0,45.8,low,low,True
NBO-0337,-1.182634,36.829649,semi_permanent,RP10,10,0.1,7645000.0,0.0,none,0.0,0.1804706296180766,0.08201049095854394,0.0,0.0,0.0,0.9,0.0,0.0,0.0,0.0,negligible,medium,True
NBO-0338,-1.300632,36.895328,semi_permanent,RP10,10,0.1,7740000.0,0.04,ml_model,0.1854711174964904,0.6599521535324439,0.12013920450071798,0.27734206920460885,0.0,0.0,0.9,0.0,0.0,0.0,71.8,medium,low,True
NBO-0340,-1.1977,36.752666,semi_permanent,RP10,10,0.1,8060000.0,0.04,ml_model,0.0,0.5391631861221791,0.10740157264819662,0.22658102239335087,0.0,0.0,0.9,0.0,0.0,0.0,54.2,medium,low,True
NBO-0341,-1.346872,36.949269,semi_permanent,RP10,10,0.1,6365000.0,0.004,proxy,0.0418274588882923,0.09967832406275254,0.0976433808933743,0.0418274588882923,0.0,0.0,0.9,0.0,0.0,0.0,38.3,low,medium,True
NBO-0343,-1.254997,36.812644,semi_permanent,RP10,10,0.1,5850000.0,0.04,ml_model,0.0,0.616737881810855,0.14461981827425888,0.2591814563870215,0.0,0.0,0.9,0.0,0.0,0.0,67.3,medium,low,True
NBO-0345,-1.278319,36.839113,semi_permanent,RP10,10,0.1,6630000.0,0.04,ml_model,0.0,0.6090429418843256,0.10897557716552983,0.2559476908023413,0.0,0.0,0.9,0.0,0.0,0.0,66.0,medium,low,True
NBO-0346,-1.306948,36.801566,informal_iron_sheet,RP10,10,0.1,1700000.0,0.04,ml_model,0.0,0.5731518000396923,0.10944899300402065,0.24086459198672788,0.0,0.0,0.95,0.0,0.0,0.0,69.2,medium,low,True
NBO-0348,-1.317463,36.783427,concrete_rcc,RP10,10,0.1,626905000.0,0.01,proxy,0.1504411995410919,0.3930347130435967,0.14446173147963806,0.1504411995410919,0.0,0.0,0.8,0.0,0.0,0.0,42.7,low,medium,True
NBO-0349,-1.343824,36.902898,informal_iron_sheet,RP10,10,0.1,1540000.0,0.04,ml_model,0.0437379330396652,0.5339973821814095,0.12724596797819546,0.22441011538688116,0.0,0.0,0.95,0.0,0.0,0.0,61.8,medium,low,True
NBO-0350,-1.292185,36.740383,concrete_rcc,RP10,10,0.1,475860000.0,0.004,proxy,0.0534680858254432,0.0856109558360067,0.04105879140431351,0.0534680858254432,0.0,0.0,0.8,0.0,0.0,0.0,37.7,low,medium,True
NBO-0351,-1.241881,36.815722,informal_iron_sheet,RP10,10,0.1,1350000.0,0.0,none,0.0,0.49721165796228145,0.10732852366883018,0.0,0.0,0.0,0.95,0.0,0.0,0.0,0.0,negligible,medium,True
NBO-0352,-1.310166,36.860695,semi_permanent,RP10,10,0.1,6100000.0,0.04,ml_model,0.0,0.6346152644664844,0.10471246018719568,0.26669434996746666,0.0,0.0,0.9,0.0,0.0,0.0,69.7,medium,low,True
NBO-0353,-1.331766,36.81104,concrete_rcc,RP10,10,0.1,393455000.0,0.0,none,0.0,0.4037851359489272,0.11507122507883584,0.0,0.0,0.0,0.8,0.0,0.0,0.0,0.0,negligible,medium,True
NBO-0354,-1.225862,36.799735,permanent_masonry,RP10,10,0.1,31610000.0,0.04,ml_model,0.0,0.6116337555529022,0.11292136846159409,0.2570364691628945,0.0,0.0,0.85,0.0,0.0,0.0,59.5,medium,low,True
NBO-0355,-1.347451,36.709257,informal_iron_sheet,RP10,10,0.1,1065000.0,0.0,none,0.0,0.19130836288621064,0.07941089832177431,0.0,0.0,0.0,0.95,0.0,0.0,0.0,0.0,negligible,medium,True
NBO-0357,-1.347865,36.718488,permanent_masonry,RP10,10,0.1,48595000.0,0.0,none,0.0,0.006516281752070474,0.008030585810075472,0.0,0.0,0.0,0.85,0.0,0.0,0.0,0.0,negligible,medium,True
NBO-0358,-1.310107,36.808186,permanent_masonry,RP10,10,0.1,33745000.0,0.04,proxy,0.2464310377836227,0.29218970625071766,0.1157172139374752,0.2464310377836227,0.0,0.0,0.85,0.0,0.0,0.0,55.7,medium,medium,True
NBO-0359,-1.274801,36.721075,semi_permanent,RP10,10,0.1,3600000.0,0.04,ml_model,0.0,0.5633840178619006,0.13408315787372668,0.236759723313706,0.0,0.0,0.9,0.0,0.0,0.0,59.0,medium,low,True
NBO-0360,-1.306434,36.778519,informal_iron_sheet,RP10,10,0.1,1340000.0,0.04,ml_model,0.0,0.6036711244421494,0.09696527573528134,0.25369020750324434,0.0,0.0,0.95,0.0,0.0,0.0,72.8,medium,low,True
NBO-0361,-1.260813,36.895214,informal_iron_sheet,RP10,10,0.1,485000.0,0.04,ml_model,0.1997514367103576,0.5787423615977165,0.1504502409035648,0.24321400156470868,0.0,0.0,0.95,0.0,0.0,0.0,70.2,medium,low,True
NBO-0363,-1.265965,36.71004,permanent_masonry,RP10,10,0.1,41830000.0,0.01,proxy,0.1573828756809234,0.26998642177375287,0.10595592973339703,0.1573828756809234,0.0,0.0,0.85,0.0,0.0,0.0,43.7,low,medium,True
NBO-0366,-1.294328,36.79296,informal_iron_sheet,RP10,10,0.1,805000.0,0.004,proxy,0.0217334646731615,0.11814540484772969,0.0777920847524783,0.0217334646731615,0.0,0.0,0.95,0.0,0.0,0.0,37.0,low,medium,True
NBO-0367,-1.279863,36.946799,informal_iron_sheet,RP10,10,0.1,1430000.0,0.04,ml_model,0.2002120167016983,0.5652234671628138,0.11184567427656375,0.23753274401313335,0.0,0.0,0.95,0.0,0.0,0.0,68.0,medium,low,True
NBO-0368,-1.281142,36.73553,permanent_masonry,RP10,10,0.1,88130000.0,0.04,ml_model,0.0,0.5210449706457589,0.1531757743722428,0.2189669198502666,0.0,0.0,0.85,0.0,0.0,0.0,48.2,low,low,True
NBO-0369,-1.304822,36.734471,semi_permanent,RP10,10,0.1,5615000.0,0.0,none,0.0,0.28221531386312687,0.10449505226346954,0.0,0.0,0.0,0.9,0.0,0.0,0.0,0.0,negligible,medium,True
NBO-0371,-1.18152,36.87356,permanent_masonry,RP10,10,0.1,63800000.0,0.04,ml_model,0.0,0.5627304512451374,0.08775617463085171,0.23648506473901096,0.0,0.0,0.85,0.0,0.0,0.0,52.7,medium,low,True
NBO-0373,-1.333748,36.718557,permanent_masonry,RP10,10,0.1,104225000.0,0.0,none,0.0,0.0009103183899530682,0.0025224037723611675,0.0,0.0,0.0,0.85,0.0,0.0,0.0,0.0,negligible,medium,True
NBO-0374,-1.306874,36.704134,informal_iron_sheet,RP10,10,0.1,1175000.0,0.0,none,0.0,0.44282443307108443,0.14471324309348108,0.0,0.0,0.0,0.95,0.0,0.0,0.0,0.0,negligible,medium,True
NBO-0375,-1.265587,36.732079,permanent_masonry,RP10,10,0.1,53235000.0,0.04,ml_model,0.0,0.5163627487608763,0.13781018322242913,0.2169992361339885,0.0,0.0,0.85,0.0,0.0,0.0,47.5,low,low,True
NBO-0377,-1.240753,36.808486,semi_permanent,RP10,10,0.1,6520000.0,0.01,proxy,0.0881503224372863,0.11283308823616067,0.05575113928489143,0.0881503224372863,0.0,0.0,0.9,0.0,0.0,0.0,41.2,low,medium,True
NBO-0378,-1.232748,36.807252,semi_permanent,RP10,10,0.1,1970000.0,0.04,ml_model,0.0,0.5025843521594617,0.14819872046860866,0.21120892390710339,0.0,0.0,0.9,0.0,0.0,0.0,49.7,low,low,True
NBO-0379,-1.244467,36.767451,permanent_masonry,RP10,10,0.1,52055000.0,0.04,ml_model,0.0,0.6365042889679396,0.1152690400631267,0.26748820443283594,0.0,0.0,0.85,0.0,0.0,0.0,62.3,medium,low,True
NBO-0380,-1.256632,36.748659,permanent_masonry,RP10,10,0.1,75325000.0,0.004,known_hotspot,0.0,0.02428417284240902,0.01443235499615238,0.012353817522104973,0.0,0.0,0.85,0.0,0.0,0.0,35.3,low,medium,True
NBO-0381,-1.305364,36.729212,permanent_masonry,RP10,10,0.1,49750000.0,0.0,none,0.0,0.4596865633889593,0.12065397056419913,0.0,0.0,0.0,0.85,0.0,0.0,0.0,0.0,negligible,medium,True
NBO-0382,-1.287241,36.888335,informal_iron_sheet,RP10,10,0.1,1785000.0,0.004,proxy,0.0494835041463375,0.38491428102093234,0.0883671467298374,0.0494835041463375,0.0,0.0,0.95,0.0,0.0,0.0,39.3,low,medium,True
NBO-0383,-1.306754,36.710739,concrete_rcc,RP10,10,0.1,941095000.0,0.0,none,0.0,0.38218768572768785,0.1300415853128758,0.0,0.0,0.0,0.8,0.0,0.0,0.0,0.0,negligible,medium,True
NBO-0384,-1.266942,36.885308,concrete_rcc,RP10,10,0.1,841500000.0,0.04,proxy,0.2662652432918548,0.4357697762317188,0.11333557799563082,0.2662652432918548,0.0,0.0,0.8,0.0,0.0,0.0,50.5,medium,medium,True
NBO-0385,-1.20217,36.825202,informal_iron_sheet,RP10,10,0.1,590000.0,0.0,none,0.0,0.09065018131454915,0.03975208295586523,0.0,0.0,0.0,0.95,0.0,0.0,0.0,0.0,negligible,medium,True
NBO-0386,-1.290194,36.745156,permanent_masonry,RP10,10,0.1,76960000.0,0.004,known_hotspot,0.0,0.27532531466042115,0.09756811284910609,0.004941889996280462,0.0,0.0,0.85,0.0,0.0,0.0,34.0,low,medium,True
NBO-0387,-1.229012,36.757269,semi_permanent,RP10,10,0.1,2525000.0,0.0,none,0.0,0.060417472151971276,0.03557291853558759,0.0,0.0,0.0,0.9,0.0,0.0,0.0,0.0,negligible,medium,True
NBO-0388,-1.278278,36.710888,concrete_rcc,RP10,10,0.1,430330000.0,0.04,proxy,0.2529658675193786,0.15082363708373608,0.09548608726470385,0.2529658675193786,0.0,0.0,0.8,0.0,0.0,0.0,47.8,low,medium,True
NBO-0390,-1.19186,36.849251,semi_permanent,RP10,10,0.1,5340000.0,0.04,ml_model,0.0,0.5540172108656645,0.14092690754657503,0.23282336274533547,0.0,0.0,0.9,0.0,0.0,0.0,57.2,medium,low,True
NBO-0392,-1.199582,36.834712,informal_iron_sheet,RP10,10,0.1,730000.0,0.04,ml_model,0.0,0.6471327578818311,0.12327777264160317,0.271954773024631,0.0,0.0,0.95,0.0,0.0,0.0,78.3,high,low,True
NBO-0393,-1.333316,36.714996,semi_permanent,RP10,10,0.1,3390000.0,0.0,none,0.0,0.002400409360212549,0.004364652548387999,0.0,0.0,0.0,0.9,0.0,0.0,0.0,0.0,negligible,medium,True
NBO-0394,-1.223109,36.877667,informal_iron_sheet,RP10,10,0.1,1385000.0,0.0,none,0.0,0.3765775058558609,0.08752637402671211,0.0,0.0,0.0,0.95,0.0,0.0,0.0,0.0,negligible,medium,True
NBO-0396,-1.202279,36.766078,informal_iron_sheet,RP10,10,0.1,1185000.0,0.04,ml_model,0.0,0.5165274808934521,0.15331013514287736,0.21706846410796893,0.0,0.0,0.95,0.0,0.0,0.0,58.5,medium,low,True
NBO-0397,-1.334262,36.797507,concrete_rcc,RP10,10,0.1,950380000.0,0.0,none,0.0,0.26094290322257446,0.09548328900335051,0.0,0.0,0.0,0.8,0.0,0.0,0.0,0.0,negligible,medium,True
NBO-0398,-1.212112,36.947855,semi_permanent,RP10,10,0.1,3605000.0,0.04,proxy,0.2611806988716125,0.5324633964566834,0.15226777183458778,0.2611806988716125,0.0,0.0,0.9,0.0,0.0,0.0,67.8,medium,high,True
NBO-0400,-1.183815,36.732616,permanent_masonry,RP10,10,0.1,59920000.0,0.0,none,0.0,0.0024969058580201764,0.002425855683922287,0.0,0.0,0.0,0.85,0.0,0.0,0.0,0.0,negligible,medium,True
NBO-0401,-1.225953,36.743443,informal_iron_sheet,RP10,10,0.1,885000.0,0.0,none,0.0,0.01773107185580475,0.015717877162236837,0.0,0.0,0.0,0.95,0.0,0.0,0.0,0.0,negligible,medium,True
NBO-0402,-1.317633,36.764405,permanent_masonry,RP10,10,0.1,86790000.0,0.004,proxy,0.0331294387578964,0.45944509691803204,0.15161610867810507,0.0331294387578964,0.0,0.0,0.85,0.0,0.0,0.0,37.2,low,medium,True
NBO-0405,-1.182548,36.704197,permanent_masonry,RP10,10,0.1,86580000.0,0.0,none,0.0,6.826736196339851e-06,8.14116929982666e-05,0.0,0.0,0.0,0.85,0.0,0.0,0.0,0.0,negligible,medium,True
NBO-0406,-1.210983,36.840534,semi_permanent,RP10,10,0.1,3390000.0,0.04,ml_model,0.0,0.5421068523447434,0.1673028801766075,0.22781808553019173,0.0,0.0,0.9,0.0,0.0,0.0,54.8,medium,low,True
NBO-0407,-1.253995,36.750024,semi_permanent,RP10,10,0.1,3505000.0,0.0,none,0.0,0.08963986212373644,0.03736266865930244,0.0,0.0,0.0,0.9,0.0,0.0,0.0,0.0,negligible,medium,True
NBO-0408,-1.334527,36.762454,semi_permanent,RP10,10,0.1,3650000.0,0.0,none,0.0,0.00785951300010887,0.00856124322062354,0.0,0.0,0.0,0.9,0.0,0.0,0.0,0.0,negligible,medium,True
NBO-0410,-1.247716,36.748189,permanent_masonry,RP10,10,0.1,67745000.0,0.0,none,0.0,0.32915302711850597,0.09392763081549495,0.0,0.0,0.0,0.85,0.0,0.0,0.0,0.0,negligible,medium,True
NBO-0411,-1.189573,36.871599,permanent_masonry,RP10,10,0.1,51210000.0,0.04,ml_model,0.0,0.5780190641681044,0.13092343206116408,0.24291003891422674,0.0,0.0,0.85,0.0,0.0,0.0,54.0,medium,low,True
NBO-0412,-1.323981,36.709497,permanent_masonry,RP10,10,0.1,64635000.0,0.0,none,0.0,0.0019774856628977638,0.004028577590006373,0.0,0.0,0.0,0.85,0.0,0.0,0.0,0.0,negligible,medium,True
NBO-0413,-1.29912,36.707958,semi_permanent,RP10,10,0.1,6125000.0,0.0,none,0.0,0.185766552266066,0.10572024776101183,0.0,0.0,0.0,0.9,0.0,0.0,0.0,0.0,negligible,medium,True
NBO-0414,-1.222829,36.772325,concrete_rcc,RP10,10,0.1,268000000.0,0.0,none,0.0,0.09209417991261988,0.03826426377058693,0.0,0.0,0.0,0.8,0.0,0.0,0.0,0.0,negligible,medium,True
NBO-0415,-1.182905,36.723088,informal_iron_sheet,RP10,10,0.1,635000.0,0.0,none,0.0,0.0010528354147961718,0.002220302840663129,0.0,0.0,0.0,0.95,0.0,0.0,0.0,0.0,negligible,medium,True
NBO-0419,-1.322424,36.883627,concrete_rcc,RP10,10,0.1,452325000.0,0.0,none,0.0,0.2913591693836706,0.09620313705639028,0.0,0.0,0.0,0.8,0.0,0.0,0.0,0.0,negligible,medium,True
NBO-0420,-1.339096,36.702452,informal_iron_sheet,RP10,10,0.1,1360000.0,0.0,none,0.0,0.47251555285724534,0.15390682488649135,0.0,0.0,0.0,0.95,0.0,0.0,0.0,0.0,negligible,medium,True
NBO-0422,-1.281913,36.829603,semi_permanent,RP10,10,0.1,5305000.0,0.04,ml_model,0.1076729446649551,0.5196324340131638,0.13533683520161346,0.2183733073733403,0.0,0.0,0.9,0.0,0.0,0.0,51.8,medium,low,True
NBO-0424,-1.290479,36.84768,informal_iron_sheet,RP10,10,0.1,900000.0,0.04,ml_model,0.0708576738834381,0.6117557204452496,0.14839303983958962,0.2570877243871299,0.0,0.0,0.95,0.0,0.0,0.0,74.0,medium,low,True
NBO-0425,-1.348616,36.782807,permanent_masonry,RP10,10,0.1,81015000.0,0.0,none,0.0,0.02711732838004344,0.021095772792744796,0.0,0.0,0.0,0.85,0.0,0.0,0.0,0.0,negligible,medium,True
NBO-0426,-1.315744,36.762556,concrete_rcc,RP10,10,0.1,296295000.0,0.04,ml_model,0.0,0.6104806664587361,0.11998074072296637,0.2565518884040599,0.0,0.0,0.8,0.0,0.0,0.0,49.5,low,low,True
NBO-0427,-1.344614,36.914871,informal_iron_sheet,RP10,10,0.1,1150000.0,0.04,ml_model,0.0384162925183773,0.5060145944551989,0.12600510503766096,0.21265046855709163,0.0,0.0,0.95,0.0,0.0,0.0,56.3,medium,low,True
NBO-0428,-1.211801,36.839118,informal_iron_sheet,RP10,10,0.1,1070000.0,0.04,ml_model,0.0,0.5168804931339585,0.17941824207741824,0.21721681599183282,0.0,0.0,0.95,0.0,0.0,0.0,58.7,medium,low,True
NBO-0430,-1.323625,36.725838,permanent_masonry,RP10,10,0.1,45600000.0,0.0,none,0.0,0.00687682475154261,0.006564341243702674,0.0,0.0,0.0,0.85,0.0,0.0,0.0,0.0,negligible,medium,True
NBO-0431,-1.339077,36.900695,informal_iron_sheet,RP10,10,0.1,560000.0,0.04,proxy,0.2480089515447616,0.4507793127488741,0.1678279170499463,0.2480089515447616,0.0,0.0,0.95,0.0,0.0,0.0,71.3,medium,medium,True
NBO-0432,-1.211213,36.717387,permanent_masonry,RP10,10,0.1,45590000.0,0.0,none,0.0,0.0003912804727969433,0.0010798824923572944,0.0,0.0,0.0,0.85,0.0,0.0,0.0,0.0,negligible,medium,True
NBO-0434,-1.317629,36.800261,informal_iron_sheet,RP10,10,0.1,910000.0,0.04,proxy,0.1806525737047195,0.46573991267749176,0.1546621025173607,0.1806525737047195,0.0,0.0,0.95,0.0,0.0,0.0,45.0,low,medium,True
NBO-0435,-1.314949,36.71617,semi_permanent,RP10,10,0.1,5220000.0,0.0,none,0.0,0.1561645107104151,0.058931620684205765,0.0,0.0,0.0,0.9,0.0,0.0,0.0,0.0,negligible,medium,True
NBO-0436,-1.316654,36.932326,permanent_masonry,RP10,10,0.1,37945000.0,0.004,proxy,0.0221096333116292,0.1796155508989133,0.11951921554510976,0.0221096333116292,0.0,0.0,0.85,0.0,0.0,0.0,35.7,low,medium,True
NBO-0437,-1.323597,36.803865,informal_iron_sheet,RP10,10,0.1,600000.0,0.04,ml_model,0.0,0.5291607743280812,0.12089943377866755,0.2223775516278368,0.0,0.0,0.95,0.0,0.0,0.0,61.3,medium,low,True
NBO-0438,-1.276598,36.716169,semi_permanent,RP10,10,0.1,6225000.0,0.0,none,0.0,0.49995784407157234,0.14192103070850365,0.0,0.0,0.0,0.9,0.0,0.0,0.0,0.0,negligible,medium,True
NBO-0440,-1.18851,36.783672,semi_permanent,RP10,10,0.1,3105000.0,0.0,none,0.0,0.31433670269560976,0.09360279709468376,0.0,0.0,0.0,0.9,0.0,0.0,0.0,0.0,negligible,medium,True
NBO-0441,-1.185484,36.849843,informal_iron_sheet,RP10,10,0.1,740000.0,0.0,none,0.0,0.3603813770097094,0.0930983081465567,0.0,0.0,0.0,0.95,0.0,0.0,0.0,0.0,negligible,medium,True
NBO-0442,-1.33239,36.866631,informal_iron_sheet,RP10,10,0.1,1470000.0,0.0,none,0.0,0.2617699930280528,0.09827184815694379,0.0,0.0,0.0,0.95,0.0,0.0,0.0,0.0,negligible,medium,True
NBO-0444,-1.290744,36.843866,concrete_rcc,RP10,10,0.1,590960000.0,0.04,ml_model,0.1171948462724685,0.5523414333617496,0.13747508201900702,0.23211912441839824,0.0,0.0,0.8,0.0,0.0,0.0,45.5,low,low,True
NBO-0445,-1.259144,36.860661,permanent_masonry,RP10,10,0.1,47880000.0,0.04,ml_model,0.1833299994468689,0.662808056237557,0.15713422719274328,0.27854225009869876,0.0,0.0,0.85,0.0,0.0,0.0,65.8,medium,low,True
NBO-0446,-1.29806,36.939987,informal_iron_sheet,RP10,10,0.1,1330000.0,0.04,ml_model,0.1593229323625564,0.5409067172584198,0.11441942481773858,0.22731373389441864,0.0,0.0,0.95,0.0,0.0,0.0,63.8,medium,low,True
NBO-0447,-1.232566,36.780822,informal_iron_sheet,RP10,10,0.1,885000.0,0.004,known_hotspot,0.0,0.16793611047753876,0.06251505726694069,0.008684066167539741,0.0,0.0,0.95,0.0,0.0,0.0,35.5,low,medium,True
NBO-0448,-1.294373,36.783096,semi_permanent,RP10,10,0.1,3375000.0,0.0,none,0.0,0.2840686369992242,0.11004668563927993,0.0,0.0,0.0,0.9,0.0,0.0,0.0,0.0,negligible,medium,True
NBO-0449,-1.200878,36.877885,permanent_masonry,RP10,10,0.1,35640000.0,0.04,proxy,0.2776331305503845,0.5398237796410068,0.19232090510675173,0.2776331305503845,0.0,0.0,0.85,0.0,0.0,0.0,65.5,medium,high,True
NBO-0450,-1.313857,36.861033,semi_permanent,RP10,10,0.1,7390000.0,0.04,proxy,0.2292035818099975,0.41764901920350606,0.13129760980834665,0.2292035818099975,0.0,0.0,0.9,0.0,0.0,0.0,56.0,medium,medium,True
NBO-0451,-1.286896,36.782238,informal_iron_sheet,RP10,10,0.1,850000.0,0.04,proxy,0.1974048018455505,0.21724574565923557,0.10248054132809443,0.1974048018455505,0.0,0.0,0.95,0.0,0.0,0.0,49.8,low,medium,True
NBO-0454,-1.339888,36.948654,permanent_masonry,RP10,10,0.1,74880000.0,0.04,ml_model,0.0921917185187339,0.5587678436925541,0.14277231449892858,0.2348197958673256,0.0,0.0,0.85,0.0,0.0,0.0,52.2,medium,low,True
NBO-0455,-1.33227,36.874249,concrete_rcc,RP10,10,0.1,381775000.0,0.0,none,0.0,0.17203177140628823,0.07777130104609184,0.0,0.0,0.0,0.8,0.0,0.0,0.0,0.0,negligible,medium,True
NBO-0456,-1.232817,36.907698,permanent_masonry,RP10,10,0.1,73600000.0,0.04,proxy,0.2559123039245605,0.5517255338708454,0.20457702201279412,0.2559123039245605,0.0,0.0,0.85,0.0,0.0,0.0,59.2,medium,medium,True
NBO-0457,-1.186498,36.925161,permanent_masonry,RP10,10,0.1,28450000.0,0.01,proxy,0.1254225820302963,0.4819159660475415,0.17320471754150196,0.1254225820302963,0.0,0.0,0.85,0.0,0.0,0.0,42.8,low,medium,True
NBO-0460,-1.33452,36.837781,semi_permanent,RP10,10,0.1,3150000.0,0.0,none,0.0,0.04713733382085628,0.02826658081863774,0.0,0.0,0.0,0.9,0.0,0.0,0.0,0.0,negligible,medium,True
NBO-0461,-1.332897,36.781192,informal_iron_sheet,RP10,10,0.1,1080000.0,0.0,none,0.0,0.016155953243916624,0.009774115349071294,0.0,0.0,0.0,0.95,0.0,0.0,0.0,0.0,negligible,medium,True
NBO-0462,-1.315129,36.829882,informal_iron_sheet,RP10,10,0.1,910000.0,0.04,ml_model,0.0019488359102979,0.5269666466015581,0.08717279409518014,0.2214554788373838,0.0,0.0,0.95,0.0,0.0,0.0,61.2,medium,low,True
NBO-0463,-1.263233,36.740277,permanent_masonry,RP10,10,0.1,64740000.0,0.004,known_hotspot,0.0,0.11418965196428549,0.06290221911334437,0.006728525998369781,0.0,0.0,0.85,0.0,0.0,0.0,34.3,low,medium,True
NBO-0464,-1.29875,36.943049,informal_iron_sheet,RP10,10,0.1,610000.0,0.04,ml_model,0.0811929255723953,0.6384705128932093,0.11123798945429282,0.2683145016257992,0.0,0.0,0.95,0.0,0.0,0.0,77.8,high,low,True
NBO-0465,-1.291747,36.740285,semi_permanent,RP10,10,0.1,3200000.0,0.004,proxy,0.084365077316761,0.06934114732349582,0.03706378115816829,0.084365077316761,0.0,0.0,0.9,0.0,0.0,0.0,40.8,low,medium,True
NBO-0467,-1.198678,36.731266,concrete_rcc,RP10,10,0.1,1592010000.0,0.0,none,0.0,0.0036440862585974503,0.003289560089250885,0.0,0.0,0.0,0.8,0.0,0.0,0.0,0.0,negligible,medium,True
NBO-0468,-1.333948,36.907328,concrete_rcc,RP10,10,0.1,914905000.0,0.04,proxy,0.2699817419052124,0.4704477653602378,0.1941682708005148,0.2699817419052124,0.0,0.0,0.8,0.0,0.0,0.0,51.3,medium,medium,True
NBO-0469,-1.32826,36.885924,semi_permanent,RP10,10,0.1,8010000.0,0.0,none,0.0,0.0825229583562562,0.041678598893262774,0.0,0.0,0.0,0.9,0.0,0.0,0.0,0.0,negligible,medium,True
NBO-0470,-1.317417,36.911355,semi_permanent,RP10,10,0.1,3905000.0,0.004,known_hotspot,0.0,0.09197398357332973,0.05767672610520227,0.0065404147422579145,0.0,0.0,0.9,0.0,0.0,0.0,34.8,low,medium,True
NBO-0472,-1.280935,36.89564,semi_permanent,RP10,10,0.1,5280000.0,0.0,none,0.0,0.2937539214363988,0.1208956011740409,0.0,0.0,0.0,0.9,0.0,0.0,0.0,0.0,negligible,medium,True
NBO-0473,-1.204539,36.850227,semi_permanent,RP10,10,0.1,5015000.0,0.04,ml_model,0.0887950211763382,0.6025381860322756,0.20097991143863728,0.2532140949832776,0.0,0.0,0.9,0.0,0.0,0.0,64.8,medium,low,True
NBO-0475,-1.321852,36.912497,informal_iron_sheet,RP10,10,0.1,580000.0,0.004,proxy,0.047514084726572,0.173842814624597,0.10310801636616684,0.047514084726572,0.0,0.0,0.95,0.0,0.0,0.0,39.2,low,medium,True
NBO-0476,-1.239714,36.739798,informal_iron_sheet,RP10,10,0.1,560000.0,0.0,none,0.0,0.04381949475963709,0.023900545489274026,0.0,0.0,0.0,0.95,0.0,0.0,0.0,0.0,negligible,medium,True
NBO-0477,-1.319008,36.757525,permanent_masonry,RP10,10,0.1,45370000.0,0.04,ml_model,0.0,0.5057351800397936,0.14237195901289146,0.21253304584437022,0.0,0.0,0.85,0.0,0.0,0.0,46.5,low,low,True
NBO-0478,-1.2108,36.844853,permanent_masonry,RP10,10,0.1,101200000.0,0.04,ml_model,0.0,0.6192616312921855,0.17438833122694242,0.26024205130978945,0.0,0.0,0.85,0.0,0.0,0.0,60.5,medium,low,True
NBO-0479,-1.319025,36.818722,informal_iron_sheet,RP10,10,0.1,790000.0,0.004,known_hotspot,0.0,0.3816184244697248,0.11466633467742036,0.018775858905014667,0.0,0.0,0.95,0.0,0.0,0.0,36.5,low,medium,True
NBO-0480,-1.313874,36.93348,semi_permanent,RP10,10,0.1,5855000.0,0.0,none,0.0,0.33226482859065265,0.14854130545843888,0.0,0.0,0.0,0.9,0.0,0.0,0.0,0.0,negligible,medium,True
NBO-0482,-1.211464,36.717203,permanent_masonry,RP10,10,0.1,35925000.0,0.0,none,0.0,0.000346216853920827,0.000978518542602373,0.0,0.0,0.0,0.85,0.0,0.0,0.0,0.0,negligible,medium,True
NBO-0483,-1.24542,36.771289,semi_permanent,RP10,10,0.1,5375000.0,0.04,known_hotspot,0.0,0.4892157135003546,0.21646943203673932,0.223790616223573,0.0,0.0,0.9,0.0,0.0,0.0,53.7,medium,medium,True
NBO-0484,-1.271068,36.744576,concrete_rcc,RP10,10,0.1,641870000.0,0.004,known_hotspot,0.0,0.38997877608607273,0.1806429343221597,0.07639313100002937,0.0,0.0,0.8,0.0,0.0,0.0,38.7,low,medium,True
NBO-0485,-1.233919,36.806192,informal_iron_sheet,RP10,10,0.1,715000.0,0.0,none,0.0,0.48594246832523885,0.1300361366009943,0.0,0.0,0.0,0.95,0.0,0.0,0.0,0.0,negligible,medium,True
NBO-0486,-1.309357,36.726474,informal_iron_sheet,RP10,10,0.1,945000.0,0.01,proxy,0.1514707058668136,0.18288635387955784,0.08459627556546806,0.1514707058668136,0.0,0.0,0.95,0.0,0.0,0.0,44.2,low,medium,True
NBO-0487,-1.344056,36.855521,permanent_masonry,RP10,10,0.1,116700000.0,0.04,proxy,0.2592668235301971,0.5130051287889563,0.18448424096736432,0.2592668235301971,0.0,0.0,0.85,0.0,0.0,0.0,60.2,medium,high,True
NBO-0488,-1.289708,36.796945,semi_permanent,RP10,10,0.1,5085000.0,0.0,none,0.0,0.3201353959957779,0.09557812052662246,0.0,0.0,0.0,0.9,0.0,0.0,0.0,0.0,negligible,medium,True
NBO-0489,-1.244082,36.757179,permanent_masonry,RP10,10,0.1,33945000.0,0.0,none,0.0,0.4580309952088512,0.1602298200036618,0.0,0.0,0.0,0.85,0.0,0.0,0.0,0.0,negligible,medium,True
NBO-0490,-1.317731,36.92187,permanent_masonry,RP10,10,0.1,72865000.0,0.0,none,0.0,0.1733407314910968,0.14084428801868304,0.0,0.0,0.0,0.85,0.0,0.0,0.0,0.0,negligible,medium,True
NBO-0493,-1.28459,36.726722,concrete_rcc,RP10,10,0.1,935855000.0,0.0,none,0.0,0.40991037722472595,0.10098446916669865,0.0,0.0,0.0,0.8,0.0,0.0,0.0,0.0,negligible,medium,True
NBO-0494,-1.291975,36.831562,informal_iron_sheet,RP10,10,0.1,2070000.0,0.04,ml_model,0.0,0.5309891154928686,0.12006874110069396,0.2231459041805786,0.0,0.0,0.95,0.0,0.0,0.0,61.5,medium,low,True
NBO-0495,-1.328919,36.874954,semi_permanent,RP10,10,0.1,6580000.0,0.0,none,0.0,0.05128822997995146,0.0330827692409406,0.0,0.0,0.0,0.9,0.0,0.0,0.0,0.0,negligible,medium,True
NBO-0496,-1.212958,36.816976,informal_iron_sheet,RP10,10,0.1,1650000.0,0.0,none,0.0,0.45098902778789496,0.14552651314919637,0.0,0.0,0.0,0.95,0.0,0.0,0.0,0.0,negligible,medium,True
NBO-0497,-1.285034,36.742151,informal_iron_sheet,RP10,10,0.1,855000.0,0.004,known_hotspot,0.0,0.2899247241822438,0.09722128811769651,0.015584117670217765,0.0,0.0,0.95,0.0,0.0,0.0,35.8,low,medium,True
NBO-0498,-1.185994,36.786739,informal_iron_sheet,RP10,10,0.1,935000.0,0.0,none,0.0,0.2358654013360375,0.07834844967807038,0.0,0.0,0.0,0.95,0.0,0.0,0.0,0.0,negligible,medium,True
NBO-0500,-1.25312,36.710253,informal_iron_sheet,RP10,10,0.1,1275000.0,0.0,none,0.0,0.007734550592205869,0.007958927487002653,0.0,0.0,0.0,0.95,0.0,0.0,0.0,0.0,negligible,medium,True
NBO-0501,-1.295026,36.712918,concrete_rcc,RP10,10,0.1,476605000.0,0.0,none,0.0,0.20636175397254644,0.06437929279578938,0.0,0.0,0.0,0.8,0.0,0.0,0.0,0.0,negligible,medium,True
NBO-0504,-1.305311,36.854259,concrete_rcc,RP10,10,0.1,871025000.0,0.0,none,0.0,0.4537528775002508,0.13037196375680554,0.0,0.0,0.0,0.8,0.0,0.0,0.0,0.0,negligible,medium,True
NBO-0505,-1.244107,36.925259,permanent_masonry,RP10,10,0.1,37065000.0,0.04,proxy,0.2582066655158996,0.6095104109637011,0.20647903576385226,0.2582066655158996,0.0,0.0,0.85,0.0,0.0,0.0,59.7,medium,medium,True
NBO-0506,-1.182312,36.828437,informal_iron_sheet,RP10,10,0.1,720000.0,0.0,none,0.0,0.1710540187470108,0.07264844269334031,0.0,0.0,0.0,0.95,0.0,0.0,0.0,0.0,negligible,medium,True
NBO-0508,-1.319233,36.80786,semi_permanent,RP10,10,0.1,4750000.0,0.01,proxy,0.1353619396686554,0.31815746724375454,0.11047765661799522,0.1353619396686554,0.0,0.0,0.9,0.0,0.0,0.0,43.3,low,medium,True
NBO-0510,-1.336823,36.70879,informal_iron_sheet,RP10,10,0.1,890000.0,0.0,none,0.0,0.11963970621885936,0.058543700699426944,0.0,0.0,0.0,0.95,0.0,0.0,0.0,0.0,negligible,medium,True
NBO-0511,-1.184776,36.797872,informal_iron_sheet,RP10,10,0.1,720000.0,0.0,none,0.0,0.02542866195738499,0.013713099651399854,0.0,0.0,0.0,0.95,0.0,0.0,0.0,0.0,negligible,medium,True
NBO-0512,-1.188377,36.790529,informal_iron_sheet,RP10,10,0.1,1020000.0,0.0,none,0.0,0.05852479114287201,0.026316423624892057,0.0,0.0,0.0,0.95,0.0,0.0,0.0,0.0,negligible,medium,True
NBO-0513,-1.290784,36.727271,concrete_rcc,RP10,10,0.1,451570000.0,0.0,none,0.0,0.07161174096450423,0.039991797711333085,0.0,0.0,0.0,0.8,0.0,0.0,0.0,0.0,negligible,medium,True
NBO-0514,-1.265043,36.819492,semi_permanent,RP10,10,0.1,4725000.0,0.04,proxy,0.2468424439430236,0.30238212249805035,0.16464417789203942,0.2468424439430236,0.0,0.0,0.9,0.0,0.0,0.0,62.8,medium,medium,True
NBO-0515,-1.325057,36.886173,informal_iron_sheet,RP10,10,0.1,625000.0,0.0,none,0.0,0.07813494524833625,0.05540596858361857,0.0,0.0,0.0,0.95,0.0,0.0,0.0,0.0,negligible,medium,True
NBO-0516,-1.249747,36.737112,permanent_masonry,RP10,10,0.1,43265000.0,0.0,none,0.0,0.01724475739839995,0.011930461416292483,0.0,0.0,0.0,0.85,0.0,0.0,0.0,0.0,negligible,medium,True
NBO-0517,-1.34537,36.948643,semi_permanent,RP10,10,0.1,3700000.0,0.004,proxy,0.0525328740477561,0.1435582132186327,0.11242157691860039,0.0525328740477561,0.0,0.0,0.9,0.0,0.0,0.0,38.8,low,medium,True
NBO-0518,-1.207065,36.750001,permanent_masonry,RP10,10,0.1,58300000.0,0.0,none,0.0,0.44821262503921566,0.12867972986923906,0.0,0.0,0.0,0.85,0.0,0.0,0.0,0.0,negligible,medium,True
NBO-0520,-1.193567,36.704825,informal_iron_sheet,RP10,10,0.1,610000.0,0.0,none,0.0,1.9398523979845498e-05,0.00016653992538929658,0.0,0.0,0.0,0.95,0.0,0.0,0.0,0.0,negligible,medium,True
NBO-0521,-1.311918,36.827583,informal_iron_sheet,RP10,10,0.1,1680000.0,0.04,known_hotspot,0.1949077397584915,0.44778196596626435,0.1464805738442055,0.19791530445435046,0.0,0.0,0.95,0.0,0.0,0.0,50.0,medium,medium,True
NBO-0522,-1.288577,36.715379,informal_iron_sheet,RP10,10,0.1,1080000.0,0.004,proxy,0.0773663446307182,0.11522146392583173,0.06320904517477625,0.0773663446307182,0.0,0.0,0.95,0.0,0.0,0.0,41.5,low,medium,True
NBO-0523,-1.345307,36.773551,informal_iron_sheet,RP10,10,0.1,1165000.0,0.0,none,0.0,0.0524034060212618,0.022606434722806608,0.0,0.0,0.0,0.95,0.0,0.0,0.0,0.0,negligible,medium,True
NBO-0525,-1.339053,36.852392,informal_iron_sheet,RP10,10,0.1,1140000.0,0.04,ml_model,0.0304293073713779,0.6054840999813459,0.1362479477089062,0.2544521027175667,0.0,0.0,0.95,0.0,0.0,0.0,73.5,medium,low,True
NBO-0527,-1.210956,36.822111,informal_iron_sheet,RP10,10,0.1,1120000.0,0.0,none,0.0,0.06828860650720799,0.03444503144920202,0.0,0.0,0.0,0.95,0.0,0.0,0.0,0.0,negligible,medium,True
NBO-0528,-1.183892,36.727219,informal_iron_sheet,RP10,10,0.1,1655000.0,0.0,none,0.0,0.0014994242919184769,0.0020876309287457522,0.0,0.0,0.0,0.95,0.0,0.0,0.0,0.0,negligible,medium,True
NBO-0529,-1.27367,36.719198,semi_permanent,RP10,10,0.1,3100000.0,0.04,ml_model,0.0023091877810657,0.5989950672084312,0.13760072169474222,0.2517251144552453,0.0,0.0,0.9,0.0,0.0,0.0,64.5,medium,low,True
NBO-0530,-1.243356,36.83222,informal_iron_sheet,RP10,10,0.1,1710000.0,0.04,ml_model,0.0,0.5802798805166504,0.13009109461650814,0.24386013731278663,0.0,0.0,0.95,0.0,0.0,0.0,70.7,medium,low,True
NBO-0534,-1.214277,36.717458,concrete_rcc,RP10,10,0.1,1036940000.0,0.0,none,0.0,0.00044830210294492524,0.0014431472373654288,0.0,0.0,0.0,0.8,0.0,0.0,0.0,0.0,negligible,medium,True
NBO-0535,-1.295993,36.743629,semi_permanent,RP10,10,0.1,2675000.0,0.0,none,0.0,0.24815099181780761,0.08230778079450304,0.0,0.0,0.0,0.9,0.0,0.0,0.0,0.0,negligible,medium,True
NBO-0539,-1.312574,36.820574,informal_iron_sheet,RP10,10,0.1,490000.0,0.04,known_hotspot,0.0576923601329326,0.5687398459365968,0.13462308195820855,0.2478307596837513,0.0,0.0,0.95,0.0,0.0,0.0,71.2,medium,high,True
NBO-0540,-1.324529,36.76911,semi_permanent,RP10,10,0.1,7295000.0,0.0,none,0.0,0.4617222634624869,0.15121657969857025,0.0,0.0,0.0,0.9,0.0,0.0,0.0,0.0,negligible,medium,True
NBO-0541,-1.212603,36.730007,informal_iron_sheet,RP10,10,0.1,980000.0,0.0,none,0.0,0.0049060994099602295,0.007270188485305133,0.0,0.0,0.0,0.95,0.0,0.0,0.0,0.0,negligible,medium,True
NBO-0543,-1.315547,36.926666,informal_iron_sheet,RP10,10,0.1,925000.0,0.01,proxy,0.086611233651638,0.2323372453272929,0.10572280203278143,0.086611233651638,0.0,0.0,0.95,0.0,0.0,0.0,41.7,low,medium,True
NBO-0545,-1.242225,36.740313,permanent_masonry,RP10,10,0.1,39810000.0,0.0,none,0.0,0.04769195726943263,0.026496284098176396,0.0,0.0,0.0,0.85,0.0,0.0,0.0,0.0,negligible,medium,True
NBO-0546,-1.330179,36.854297,informal_iron_sheet,RP10,10,0.1,925000.0,0.0,none,0.0,0.18119497488295813,0.09116177738506648,0.0,0.0,0.0,0.95,0.0,0.0,0.0,0.0,negligible,medium,True
NBO-0548,-1.316532,36.819529,informal_iron_sheet,RP10,10,0.1,945000.0,0.004,known_hotspot,0.0,0.4760761614772859,0.10009748246970054,0.06736317750801639,0.0,0.0,0.95,0.0,0.0,0.0,40.7,low,medium,True
NBO-0549,-1.237462,36.709771,semi_permanent,RP10,10,0.1,5080000.0,0.0,none,0.0,0.00027368274222887865,0.0007975795994094569,0.0,0.0,0.0,0.9,0.0,0.0,0.0,0.0,negligible,medium,True
NBO-0550,-1.259167,36.767873,permanent_masonry,RP10,10,0.1,34820000.0,0.04,ml_model,0.0,0.5983785706470612,0.1504024711859815,0.2514660344127412,0.0,0.0,0.85,0.0,0.0,0.0,57.3,medium,low,True
NBO-0552,-1.250584,36.731432,informal_iron_sheet,RP10,10,0.1,1455000.0,0.0,none,0.0,0.020770768919983435,0.0125845479247679,0.0,0.0,0.0,0.95,0.0,0.0,0.0,0.0,negligible,medium,True
NBO-0553,-1.323114,36.787484,semi_permanent,RP10,10,0.1,3040000.0,0.04,known_hotspot,0.0,0.42327931681921216,0.12015076880318708,0.23509053646517192,0.0,0.0,0.9,0.0,0.0,0.0,58.3,medium,medium,True
NBO-0554,-1.340246,36.945013,semi_permanent,RP10,10,0.1,5180000.0,0.04,ml_model,0.098816879093647,0.6226126370655855,0.13378213748226545,0.26165029715024435,0.0,0.0,0.9,0.0,0.0,0.0,68.2,medium,low,True
NBO-0555,-1.234729,36.732582,permanent_masonry,RP10,10,0.1,28945000.0,0.0,none,0.0,0.010072650319974367,0.011668504119173724,0.0,0.0,0.0,0.85,0.0,0.0,0.0,0.0,negligible,medium,True
NBO-0556,-1.196393,36.809098,concrete_rcc,RP10,10,0.1,521240000.0,0.0,none,0.0,0.007739057985822021,0.005481445155460438,0.0,0.0,0.0,0.8,0.0,0.0,0.0,0.0,negligible,medium,True
NBO-0558,-1.196781,36.753065,permanent_masonry,RP10,10,0.1,35710000.0,0.04,ml_model,0.0,0.5463908979226634,0.1349627252452115,0.22961843735689239,0.0,0.0,0.85,0.0,0.0,0.0,50.7,medium,low,True
NBO-0560,-1.255496,36.743072,semi_permanent,RP10,10,0.1,5635000.0,0.0,none,0.0,0.008570595934002927,0.006953448232418022,0.0,0.0,0.0,0.9,0.0,0.0,0.0,0.0,negligible,medium,True
NBO-0561,-1.295388,36.849583,concrete_rcc,RP10,10,0.1,432790000.0,0.04,ml_model,0.0475454106926918,0.5905131551314343,0.11965837836738055,0.24816062719104817,0.0,0.0,0.8,0.0,0.0,0.0,46.8,low,low,True
NBO-0562,-1.315337,36.709384,informal_iron_sheet,RP10,10,0.1,520000.0,0.0,none,0.0,0.07097103586384518,0.041950910232168945,0.0,0.0,0.0,0.95,0.0,0.0,0.0,0.0,negligible,medium,True
NBO-0563,-1.25133,36.949922,informal_iron_sheet,RP10,10,0.1,1345000.0,0.04,ml_model,0.2357229739427566,0.6024323843371878,0.20866642581317446,0.2531696322735434,0.0,0.0,0.95,0.0,0.0,0.0,72.5,medium,low,True
NBO-0565,-1.343686,36.759716,informal_iron_sheet,RP10,10,0.1,410000.0,0.0,none,0.0,0.08335428970164446,0.036332309853557246,0.0,0.0,0.0,0.95,0.0,0.0,0.0,0.0,negligible,medium,True
NBO-0566,-1.263318,36.733818,semi_permanent,RP10,10,0.1,5305000.0,0.0,none,0.0,0.3172705591411652,0.11273384036062704,0.0,0.0,0.0,0.9,0.0,0.0,0.0,0.0,negligible,medium,True
NBO-0567,-1.182158,36.710157,informal_iron_sheet,RP10,10,0.1,2375000.0,0.0,none,0.0,4.8003633586931294e-05,0.00027895982326351434,0.0,0.0,0.0,0.95,0.0,0.0,0.0,0.0,negligible,medium,True
NBO-0568,-1.215505,36.766714,informal_iron_sheet,RP10,10,0.1,1325000.0,0.04,ml_model,0.0,0.5138844512861297,0.15654028816797375,0.21595774222254088,0.0,0.0,0.95,0.0,0.0,0.0,58.0,medium,low,True
NBO-0570,-1.301884,36.762107,permanent_masonry,RP10,10,0.1,59055000.0,0.0,none,0.0,0.3750124849815691,0.11575195911464398,0.0,0.0,0.0,0.85,0.0,0.0,0.0,0.0,negligible,medium,True
NBO-0571,-1.343186,36.934871,concrete_rcc,RP10,10,0.1,404475000.0,0.04,ml_model,0.0851868018507957,0.6332876683407013,0.13397774828132658,0.2661364333751472,0.0,0.0,0.8,0.0,0.0,0.0,50.3,medium,low,True
NBO-0572,-1.218469,36.948093,concrete_rcc,RP10,10,0.1,831600000.0,0.04,ml_model,0.2475674003362655,0.6539244793027883,0.16601834510264685,0.27480896489637086,0.0,0.0,0.8,0.0,0.0,0.0,52.0,medium,low,True
NBO-0573,-1.209108,36.843527,informal_iron_sheet,RP10,10,0.1,705000.0,0.04,ml_model,0.0461423248052597,0.607757113648056,0.17612737250848137,0.25540732698690416,0.0,0.0,0.95,0.0,0.0,0.0,73.8,medium,low,True
NBO-0574,-1.328134,36.729186,semi_permanent,RP10,10,0.1,6125000.0,0.0,none,0.0,0.01258714505793947,0.007835491684287625,0.0,0.0,0.0,0.9,0.0,0.0,0.0,0.0,negligible,medium,True
NBO-0575,-1.330035,36.785141,permanent_masonry,RP10,10,0.1,56840000.0,0.004,known_hotspot,0.0,0.015168339072277118,0.011969434936740624,0.011338309079435532,0.0,0.0,0.85,0.0,0.0,0.0,35.2,low,medium,True
NBO-0576,-1.32098,36.87598,semi_permanent,RP10,10,0.1,4980000.0,0.04,ml_model,0.0,0.5959095748432669,0.08602721125007545,0.2504284494887181,0.0,0.0,0.9,0.0,0.0,0.0,64.2,medium,low,True
NBO-0577,-1.254205,36.793286,permanent_masonry,RP10,10,0.1,81530000.0,0.04,ml_model,0.0,0.6190758638923272,0.11203699609759991,0.26016398335472374,0.0,0.0,0.85,0.0,0.0,0.0,60.3,medium,low,True
NBO-0579,-1.284944,36.872587,informal_iron_sheet,RP10,10,0.1,1100000.0,0.04,ml_model,0.0394090451300144,0.6582342925243975,0.12054128046745081,0.27662014546509633,0.0,0.0,0.95,0.0,0.0,0.0,79.5,high,low,True
NBO-0580,-1.184273,36.742328,informal_iron_sheet,RP10,10,0.1,1260000.0,0.0,none,0.0,0.023917093602986737,0.013431174167875681,0.0,0.0,0.0,0.95,0.0,0.0,0.0,0.0,negligible,medium,True
NBO-0581,-1.223779,36.773558,informal_iron_sheet,RP10,10,0.1,855000.0,0.0,none,0.0,0.10000794851846011,0.04331487098116012,0.0,0.0,0.0,0.95,0.0,0.0,0.0,0.0,negligible,medium,True
NBO-0583,-1.318733,36.827757,informal_iron_sheet,RP10,10,0.1,815000.0,0.004,known_hotspot,0.0,0.41010183511685916,0.1030921965703379,0.02041197009359884,0.0,0.0,0.95,0.0,0.0,0.0,36.7,low,medium,True
NBO-0584,-1.337643,36.82649,informal_iron_sheet,RP10,10,0.1,1585000.0,0.0,none,0.0,0.044992825539371076,0.024557172308783362,0.0,0.0,0.0,0.95,0.0,0.0,0.0,0.0,negligible,medium,True
NBO-0585,-1.267538,36.730176,permanent_masonry,RP10,10,0.1,57585000.0,0.0,none,0.0,0.49019770807232627,0.127940676055766,0.0,0.0,0.0,0.85,0.0,0.0,0.0,0.0,negligible,medium,True
NBO-0586,-1.196646,36.92581,permanent_masonry,RP10,10,0.1,37075000.0,0.04,ml_model,0.2206043452024459,0.6372908360061692,0.12312963903380844,0.2678187474607535,0.0,0.0,0.85,0.0,0.0,0.0,62.7,medium,low,True
NBO-0587,-1.230529,36.707301,semi_permanent,RP10,10,0.1,3810000.0,0.0,none,0.0,0.0001100361633477345,0.0004360318567783023,0.0,0.0,0.0,0.9,0.0,0.0,0.0,0.0,negligible,medium,True
NBO-0589,-1.303936,36.77295,concrete_rcc,RP10,10,0.1,767380000.0,0.0,none,0.0,0.4739099354693274,0.1495250063973521,0.0,0.0,0.0,0.8,0.0,0.0,0.0,0.0,negligible,medium,True
NBO-0590,-1.284527,36.892554,permanent_masonry,RP10,10,0.1,50695000.0,0.0,none,0.0,0.39692008479305313,0.11397505378809582,0.0,0.0,0.0,0.85,0.0,0.0,0.0,0.0,negligible,medium,True
NBO-0594,-1.325088,36.940654,informal_iron_sheet,RP10,10,0.1,1090000.0,0.04,ml_model,0.133851945400238,0.5862328905104066,0.13304817809553832,0.2463618642953063,0.0,0.0,0.95,0.0,0.0,0.0,70.8,medium,low,True
NBO-0597,-1.296252,36.788082,informal_iron_sheet,RP10,10,0.1,780000.0,0.0,none,0.0,0.1440085926258712,0.05825246378222324,0.0,0.0,0.0,0.95,0.0,0.0,0.0,0.0,negligible,medium,True
NBO-0598,-1.340629,36.87552,semi_permanent,RP10,10,0.1,6200000.0,0.04,ml_model,0.0,0.5561180045551006,0.10331254143809453,0.23370621230599162,0.0,0.0,0.9,0.0,0.0,0.0,57.7,medium,low,True
NBO-0599,-1.298736,36.871765,concrete_rcc,RP10,10,0.1,704215000.0,0.0,none,0.0,0.11263786116090264,0.059325563835589804,0.0,0.0,0.0,0.8,0.0,0.0,0.0,0.0,negligible,medium,True
NBO-0416,-1.181257,36.913667,concrete_rcc,RP25,25,0.04,1356500000.0,0.1,ml_model,0.1890417337417602,0.8489979070832966,0.08008610317052174,0.3567877383845648,0.2223473571299378,0.7356320215973793,0.8,0.22478157283781297,304916203.5544933,27010064.960336085,82.2,high,low,True
NBO-0403,-1.231914,36.931956,concrete_rcc,RP25,25,0.04,946115000.0,0.2,known_hotspot,0.1412157714366912,0.7966106540689323,0.10774658693611791,0.39572514917104035,0.2694232327181487,0.8913816647432815,0.8,0.2596694929024951,245677202.27744412,0.0,89.8,high,high,True
NBO-0316,-1.206311,36.910658,concrete_rcc,RP25,25,0.04,522650000.0,0.2,proxy,0.6274335384368896,0.0972197105652129,0.09392305035556024,0.6274335384368896,0.5495619241591466,1.8182152218066787,0.8,0.4618251965794025,241372938.99222472,241372938.99222472,97.0,very_high,medium,True
NBO-0151,-1.26734,36.901219,concrete_rcc,RP25,25,0.04,1108710000.0,0.1,ml_model,0.0129179852083325,0.7906344535117883,0.11525401613421414,0.3322607467037149,0.19269388029110757,0.6375240548739798,0.8,0.19635740890118578,217703422.8228337,0.0,76.2,high,low,True
NBO-0452,-1.222582,36.9336,concrete_rcc,RP25,25,0.04,380470000.0,0.2,proxy,0.6099970936775208,0.12963879101529024,0.13911044127417985,0.6099970936775208,0.5284810179660243,1.7484694427692031,0.8,0.4471785829815327,170138035.46698374,170138035.46698374,96.7,very_high,medium,True
NBO-0311,-1.185447,36.889115,concrete_rcc,RP25,25,0.04,743690000.0,0.1,ml_model,0.1163301318883895,0.8187645970868985,0.06777222937080668,0.34408231919860677,0.20698632718949872,0.6848103448535472,0.8,0.21092158621489251,156860274.4521534,0.0,79.8,high,low,True
NBO-0130,-1.194198,36.949316,concrete_rcc,RP25,25,0.04,958965000.0,0.1,proxy,0.2919898331165313,0.6194855649584395,0.14575106152186373,0.2919898331165313,0.14400578111959494,0.4764404005252454,0.8,0.1467436433617756,140722017.95642513,140722017.95642513,59.3,medium,high,True
NBO-0200,-1.306727,36.812002,concrete_rcc,RP25,25,0.04,789520000.0,0.1,known_hotspot,0.0343876369297504,0.5408021363096635,0.0678301087934469,0.31569079534273153,0.1726605767658691,0.5712442494300463,0.8,0.17594322882445426,138910698.02148312,0.0,70.5,medium,high,True
NBO-0362,-1.218859,36.931263,concrete_rcc,RP25,25,0.04,827820000.0,0.1,proxy,0.2912556231021881,0.5953146015005545,0.18490077808785524,0.2912556231021881,0.14311811091778368,0.47350356046787256,0.8,0.14583909662410474,120728520.96736638,120728520.96736638,58.8,medium,high,True
NBO-0466,-1.248392,36.783232,concrete_rcc,RP25,25,0.04,526250000.0,0.1,proxy,0.351980060338974,0.10888902209122603,0.10187026891457572,0.351980060338974,0.21653480696363306,0.7164013094150161,0.8,0.2204738933089636,116024386.3538421,116024386.3538421,81.5,high,high,True
NBO-0533,-1.256164,36.887888,concrete_rcc,RP25,25,0.04,485690000.0,0.1,proxy,0.3583325147628784,0.31598931648539785,0.13557967542619467,0.3583325147628784,0.22421501343086367,0.7418111271106338,0.8,0.22616569247278195,109846415.17710547,109846415.17710547,82.7,high,medium,True
NBO-0468,-1.333948,36.907328,concrete_rcc,RP25,25,0.04,914905000.0,0.04,proxy,0.2699817419052124,0.4704477653602378,0.1941682708005148,0.2699817419052124,0.11739769026631443,0.38840803567996973,0.8,0.11962967498943067,109449787.79620506,109449787.79620506,51.3,medium,medium,True
NBO-0572,-1.218469,36.948093,concrete_rcc,RP25,25,0.04,831600000.0,0.04,ml_model,0.2475674003362655,0.6539244793027883,0.16601834510264685,0.27480896489637086,0.12323387054585314,0.40771692764460354,0.8,0.12557681371453788,104429678.2850097,76519845.45636751,52.0,medium,low,True
NBO-0159,-1.2755,36.909436,concrete_rcc,RP25,25,0.04,523215000.0,0.1,ml_model,0.0515363663434982,0.7839780105023499,0.09401027535640803,0.32946340500568616,0.18931185495623717,0.6263346880818648,0.8,0.19291108392921433,100933972.77802387,0.0,74.8,medium,high,True
NBO-0195,-1.27448,36.865735,concrete_rcc,RP25,25,0.04,1055700000.0,0.04,ml_model,0.0330983623862266,0.5921143938546377,0.1315740009187123,0.248833540914273,0.09182921874612437,0.30381523171621216,0.8,0.09357509136859334,98787223.95782399,0.0,47.0,low,low,True
NBO-0423,-1.249578,36.901111,concrete_rcc,RP25,25,0.04,633555000.0,0.1,ml_model,0.1210682392120361,0.7099109973057399,0.14505016313126382,0.29833705957321677,0.1516796669011557,0.5018293063519872,0.8,0.15456342635641204,97924431.58523664,0.0,62.2,medium,low,True
NBO-0198,-1.319233,36.938714,concrete_rcc,RP25,25,0.04,1029420000.0,0.04,ml_model,0.0253351777791976,0.5944822036583357,0.13691840327532342,0.24982860285463576,0.09303226258393783,0.30779547947766317,0.8,0.09480100767912025,97590053.32503997,0.0,47.3,low,low,True
NBO-0384,-1.266942,36.885308,concrete_rcc,RP25,25,0.04,841500000.0,0.04,proxy,0.2662652432918548,0.4357697762317188,0.11333557799563082,0.2662652432918548,0.11290439133317247,0.37354204122653933,0.8,0.1150509486977741,96815373.3291769,96815373.3291769,50.5,medium,medium,True
NBO-0325,-1.213059,36.774836,concrete_rcc,RP25,25,0.04,1116695000.0,0.04,ml_model,0.0,0.5450478257138562,0.17609428113445255,0.22905401700688974,0.06791549701038335,0.22469713608667907,0.8,0.06920671791469714,77282795.86175272,0.0,45.3,low,low,True
NBO-0224,-1.295518,36.816631,concrete_rcc,RP25,25,0.04,1394785000.0,0.04,ml_model,0.0,0.5167230905060322,0.098164263305722,0.21715066821082527,0.05352418141727654,0.17708374090242118,0.8,0.05454179219794572,76074073.63081172,0.0,44.7,low,low,True
NBO-0421,-1.245747,36.759842,concrete_rcc,RP25,25,0.04,391420000.0,0.1,proxy,0.3255207538604736,0.1078987954063219,0.10820393084415017,0.3255207538604736,0.18454513444116347,0.6105640835010144,0.8,0.18805373771831244,73607994.01770185,73607994.01770185,73.3,medium,medium,True
NBO-0049,-1.289351,36.842097,concrete_rcc,RP25,25,0.04,716255000.0,0.04,ml_model,0.1021496728062629,0.6039094186102759,0.12262018502920688,0.2537903496079619,0.09782206995696321,0.3236424664909676,0.8,0.09968187967921802,71397644.7296383,0.0,48.7,low,low,True
NBO-0099,-1.260843,36.851111,concrete_rcc,RP25,25,0.04,543755000.0,0.04,ml_model,0.1666184812784195,0.6624114384364733,0.1573627942795864,0.2783755731645496,0.1275459499500385,0.42198336071731846,0.8,0.12997087510093408,70672313.19050841,0.0,53.0,medium,low,True
NBO-0051,-1.288834,36.941566,concrete_rcc,RP25,25,0.04,706790000.0,0.04,proxy,0.249496653676033,0.5088684281421402,0.14112591569055052,0.249496653676033,0.09263093137269714,0.3064676827632521,0.8,0.09439204629108164,66715354.39807359,66715354.39807359,47.2,low,high,True
NBO-0146,-1.209838,36.867674,concrete_rcc,RP25,25,0.04,266365000.0,0.1,ml_model,0.0,0.861789658578926,0.0666063856713733,0.3621634172266744,0.2288466282232594,0.7571347369658177,0.8,0.22959818108034316,61156919.50346561,0.0,83.2,high,low,True
NBO-0339,-1.310599,36.826601,concrete_rcc,RP25,25,0.04,439535000.0,0.1,known_hotspot,0.2111832946538925,0.4514887937455888,0.15881506576248527,0.2838643484665984,0.13418195624916932,0.4439384619255138,0.8,0.13673304627305824,60098959.49362865,20741651.36494525,54.7,medium,high,True
NBO-0305,-1.310833,36.773989,concrete_rcc,RP25,25,0.04,838115000.0,0.04,ml_model,0.0,0.5442209834301158,0.18827458738039343,0.22870654007443186,0.06749539252701482,0.22330722835684758,0.8,0.06877862633390905,57644398.40984418,0.0,45.2,low,low,True
NBO-0020,-1.268428,36.826895,concrete_rcc,RP25,25,0.04,579255000.0,0.04,ml_model,0.0410050489008426,0.6032597355864004,0.15958734567668836,0.2535173230965636,0.09749197707653645,0.32255036044537455,0.8,0.09934551101717536,57546383.98425391,0.0,48.5,low,low,True
NBO-0144,-1.310914,36.773765,concrete_rcc,RP25,25,0.04,760755000.0,0.04,ml_model,0.0,0.5539870425585997,0.1892081523553782,0.23281068464335342,0.07245736085567654,0.2397238066325338,0.8,0.0738349324428204,56170294.03053783,0.0,45.7,low,low,True
NBO-0024,-1.198924,36.910241,concrete_rcc,RP25,25,0.04,229970000.0,0.1,proxy,0.3686547875404358,0.30894820163912323,0.18421715464025115,0.3686547875404358,0.23669478594908794,0.7831002182208633,0.8,0.23541444888147336,54138260.80927243,54138260.80927243,84.5,high,medium,True
NBO-0335,-1.204821,36.777835,concrete_rcc,RP25,25,0.04,499980000.0,0.04,ml_model,0.0,0.6032365394008615,0.16090340590723365,0.25350757499882565,0.09748019148969168,0.3225113680544227,0.8,0.09933350136076219,49664764.01035388,0.0,48.3,low,low,True
NBO-0571,-1.343186,36.934871,concrete_rcc,RP25,25,0.04,404475000.0,0.04,ml_model,0.0851868018507957,0.6332876683407013,0.13397774828132658,0.2661364333751472,0.11274865833780953,0.3730268015597089,0.8,0.11489225488039033,46471044.79274588,0.0,50.3,medium,low,True
NBO-0204,-1.336469,36.921711,concrete_rcc,RP25,25,0.04,563530000.0,0.04,ml_model,0.0,0.5657537474277358,0.14378917037967587,0.23775559202589402,0.07843582321446703,0.2595034361626962,0.8,0.07992705833811044,45041295.185275376,0.0,46.2,low,low,True
NBO-0444,-1.290744,36.843866,concrete_rcc,RP25,25,0.04,590960000.0,0.04,ml_model,0.1171948462724685,0.5523414333617496,0.13747508201900702,0.23211912441839824,0.07162125484723458,0.2369575657327131,0.8,0.07298293024567563,43129992.45798447,0.0,45.5,low,low,True
NBO-0075,-1.242933,36.931356,concrete_rcc,RP25,25,0.04,161250000.0,0.2,proxy,0.402626633644104,0.40769906587643107,0.24263992400818346,0.402626633644104,0.2777672242128467,0.9189876026355361,0.8,0.26585322299036007,42868832.207195565,42868832.207195565,90.3,very_high,medium,True
NBO-0388,-1.278278,36.710888,concrete_rcc,RP25,25,0.04,430330000.0,0.04,proxy,0.2529658675193786,0.15082363708373608,0.09548608726470385,0.2529658675193786,0.09682525955167721,0.32034453813663455,0.8,0.09866611774608343,42458990.44967208,42458990.44967208,47.8,low,medium,True
NBO-0578,-1.255227,36.862573,concrete_rcc,RP25,25,0.04,219745000.0,0.1,ml_model,0.0,0.7665375096751802,0.11694337283053266,0.32213410914464286,0.1804506334950632,0.5970175046376915,0.8,0.18388139142840898,40407016.35943573,0.0,72.0,medium,low,True
NBO-0561,-1.295388,36.849583,concrete_rcc,RP25,25,0.04,432790000.0,0.04,ml_model,0.0475454106926918,0.5905131551314343,0.11965837836738055,0.24816062719104817,0.09101565661971983,0.3011235768233128,0.8,0.09274606166158035,40139568.02651536,0.0,46.8,low,low,True
NBO-0027,-1.255159,36.817647,concrete_rcc,RP25,25,0.04,239875000.0,0.1,ml_model,0.0,0.7335975477190672,0.13064608833446315,0.3082912310518443,0.16371439978776947,0.5416459922664973,0.8,0.1668269656180812,40017618.37763722,0.0,67.5,medium,low,True
NBO-0158,-1.323821,36.781637,concrete_rcc,RP25,25,0.04,376910000.0,0.04,ml_model,0.0,0.5860966945811628,0.15930772058820616,0.24630462853869645,0.08877172822578706,0.2936995822139059,0.8,0.09045947132188302,34095079.33593093,0.0,46.7,low,low,True
NBO-0218,-1.235727,36.901794,permanent_masonry,RP25,25,0.04,58185000.0,0.2,proxy,0.5980092883110046,0.16826179091483573,0.14509080708870067,0.5980092883110046,0.513987593195063,1.7005182213031387,0.85,0.5741140086866905,33404823.595435087,33404823.595435087,98.2,very_high,medium,True
NBO-0233,-1.188452,36.919106,permanent_masonry,RP25,25,0.04,130825000.0,0.1,ml_model,0.1766581684350967,0.75964040127512,0.09819016583285574,0.31923562884578716,0.1769463301737133,0.5854235834422687,0.85,0.247335546701526,32357672.89722714,869992.31920502,83.0,high,low,True
NBO-0336,-1.31156,36.933433,concrete_rcc,RP25,25,0.04,425295000.0,0.04,ml_model,0.0389851070940494,0.5566860737171592,0.1481268873058648,0.23394494094111062,0.07382869262324515,0.24426083182356262,0.8,0.07523233620165728,31995936.424883835,0.0,45.8,low,low,True
NBO-0588,-1.194468,36.887787,permanent_masonry,RP25,25,0.04,92395000.0,0.2,proxy,0.3935819566249847,0.47960883407310356,0.1923351520177114,0.3935819566249847,0.2668320828799386,0.8828088945590589,0.85,0.3424988462588988,31645180.900090955,31645180.900090955,94.0,very_high,medium,True
NBO-0029,-1.341011,36.910065,concrete_rcc,RP25,25,0.04,398200000.0,0.04,ml_model,0.0905699282884597,0.5642934268773273,0.12608406302085665,0.2371418985619293,0.07769385921184423,0.2570486623068373,0.8,0.0791709879905059,31525887.417819448,0.0,46.0,low,low,True
NBO-0426,-1.315744,36.762556,concrete_rcc,RP25,25,0.04,296295000.0,0.04,ml_model,0.0,0.6104806664587361,0.11998074072296637,0.2565518884040599,0.10116080908140143,0.33468862167535973,0.8,0.10308409547601079,30543302.069064617,0.0,49.5,low,low,True
NBO-0557,-1.267599,36.862228,concrete_rcc,RP25,25,0.04,195090000.0,0.1,ml_model,0.0135989477857947,0.6974031186822864,0.14240916988205882,0.2930806770912129,0.14532462677987434,0.48080377642397165,0.8,0.14808756313858326,28890402.69270621,0.0,59.8,medium,low,True
NBO-0149,-1.201048,36.932221,permanent_masonry,RP25,25,0.04,43470000.0,0.2,proxy,0.6828710436820984,0.08567422561875514,0.11483622356014887,0.6828710436820984,0.6165866452983013,2.0399652427875137,0.85,0.6471937437017524,28133512.038715176,28133512.038715176,99.0,very_high,medium,True
NBO-0491,-1.22655,36.947095,permanent_masonry,RP25,25,0.04,43385000.0,0.2,proxy,0.6811106204986572,0.07820292774748604,0.12084315206545727,0.6811106204986572,0.6144582689863596,2.032923550053749,0.85,0.6459262390096748,28023509.879434742,28023509.879434742,98.8,very_high,medium,True
NBO-0065,-1.209508,36.895722,permanent_masonry,RP25,25,0.04,107485000.0,0.1,ml_model,0.1351150274276733,0.780503397816741,0.09682919520245897,0.32800321388917364,0.18754646342281167,0.6204939236158147,0.85,0.2585580555570607,27791112.60155067,0.0,85.0,high,low,True
NBO-0308,-1.253911,36.823871,permanent_masonry,RP25,25,0.04,56055000.0,0.2,proxy,0.5121504068374634,0.07757964839573314,0.13716731486103922,0.5121504068374634,0.41018300165310895,1.3570826954089736,0.85,0.48712480862269214,27305781.147345006,27305781.147345006,96.8,very_high,medium,True
NBO-0544,-1.257331,36.882131,permanent_masonry,RP25,25,0.04,76430000.0,0.2,known_hotspot,0.0716006457805633,0.7407412194677412,0.12962856458109645,0.38870407301490284,0.26093465320180126,0.8632973601187315,0.85,0.3362551552379941,25699981.514839888,0.0,93.8,very_high,high,True
NBO-0301,-1.196509,36.858876,permanent_masonry,RP25,25,0.04,95790000.0,0.1,ml_model,0.0,0.7906858768042093,0.06549446931173689,0.3322823571223627,0.1927200075902557,0.6376104965485709,0.85,0.2640353588955427,25291947.028604034,0.0,86.7,high,low,True
NBO-0203,-1.344032,36.870461,permanent_masonry,RP25,25,0.04,70840000.0,0.2,proxy,0.3885695338249206,0.28943480110868625,0.16209438375019833,0.3885695338249206,0.26077199343471824,0.8627592033588025,0.85,0.33608294507481684,23808115.829100024,23808115.829100024,93.7,very_high,medium,True
NBO-0492,-1.20285,36.871324,permanent_masonry,RP25,25,0.04,36180000.0,0.2,proxy,0.6854886412620544,0.09927832007907018,0.1580188590410488,0.6854886412620544,0.6197513574742022,2.050435633107338,0.85,0.6490784139593209,23483657.01704823,23483657.01704823,99.3,very_high,medium,True
NBO-0171,-1.212602,36.943006,permanent_masonry,RP25,25,0.04,136925000.0,0.04,ml_model,0.2369648814201355,0.6402087197909057,0.14100792632727624,0.2690449756383961,0.11626512671519111,0.38466097061270443,0.85,0.16925082706958997,23174669.496503606,15443751.751033423,63.3,medium,low,True
NBO-0365,-1.245682,36.872151,permanent_masonry,RP25,25,0.04,74420000.0,0.1,ml_model,0.0175005178898572,0.8391552219340547,0.09326118150299041,0.35265139205823065,0.21734645642505854,0.7190866362920427,0.85,0.29010772361345366,21589816.79131322,0.0,90.0,very_high,low,True
NBO-0391,-1.303499,36.883827,permanent_masonry,RP25,25,0.04,78850000.0,0.1,ml_model,0.0100945318117737,0.7686210908913024,0.09268862759893606,0.32300972523702487,0.18150926562789954,0.6005199690072196,0.85,0.2521663900823103,19883319.857990168,0.0,83.8,high,low,True
NBO-0569,-1.227372,36.910585,permanent_masonry,RP25,25,0.04,51120000.0,0.2,proxy,0.4277280867099762,0.5056637330141459,0.19346374223766552,0.4277280867099762,0.3081152329207794,1.019393414899025,0.85,0.3858180244697075,19723017.410891447,19723017.410891447,96.0,very_high,high,True
NBO-0324,-1.327675,36.927681,concrete_rcc,RP25,25,0.04,310620000.0,0.04,ml_model,0.111393854022026,0.5235724450412875,0.12090848685979215,0.22002908015229083,0.05700422181316026,0.18859738866828346,0.8,0.05808799570983131,18043293.2273878,0.0,44.8,low,low,True
NBO-0418,-1.225647,36.840018,permanent_masonry,RP25,25,0.04,69265000.0,0.1,ml_model,0.0,0.7835945098042236,0.08199707283617766,0.329302240477939,0.18911700478247848,0.6256900299708761,0.85,0.26022080959068034,18024194.376298472,0.0,85.8,high,low,True
NBO-0487,-1.344056,36.855521,permanent_masonry,RP25,25,0.04,116700000.0,0.04,proxy,0.2592668235301971,0.5130051287889563,0.18448424096736432,0.2592668235301971,0.10444320371541983,0.3455483621799085,0.85,0.15204127935915973,17743217.301213942,17743217.301213942,60.2,medium,high,True
NBO-0326,-1.274304,36.944364,permanent_masonry,RP25,25,0.04,66125000.0,0.1,proxy,0.326412945985794,0.599977574356021,0.1786784567269931,0.326412945985794,0.18562380723023744,0.6141328520022962,0.85,0.2565225126407348,16962551.148368586,16962551.148368586,84.8,high,high,True
NBO-0141,-1.249756,36.907099,permanent_masonry,RP25,25,0.04,46335000.0,0.2,proxy,0.4042948782444,0.3356100661622457,0.14109192181763228,0.4042948782444,0.279784155325316,0.9256605810367202,0.85,0.3562113859317505,16505054.56714766,16505054.56714766,94.3,very_high,medium,True
NBO-0564,-1.19492,36.831777,permanent_masonry,RP25,25,0.04,74785000.0,0.1,ml_model,0.0,0.6981192548578489,0.11071355071238426,0.29338163025531677,0.14568848337498605,0.4820075890803872,0.85,0.21208333919537037,15860652.521725774,0.0,73.0,medium,low,True
NBO-0209,-1.241941,36.938785,permanent_masonry,RP25,25,0.04,24420000.0,0.2,proxy,0.6831744313240051,0.10150246349263495,0.12664169200465475,0.6831744313240051,0.6169534452112109,2.0411787933551406,0.85,0.6474121828039253,15809805.504071856,15809805.504071856,99.2,very_high,medium,True
NBO-0193,-1.210185,36.944592,permanent_masonry,RP25,25,0.04,88580000.0,0.04,ml_model,0.269862949848175,0.6509329206430833,0.1448803503121492,0.27355177516770857,0.12171391053665194,0.4026881687299544,0.85,0.17718279424117994,15694851.91388372,15119761.095508179,64.3,medium,low,True
NBO-0478,-1.2108,36.844853,permanent_masonry,RP25,25,0.04,101200000.0,0.04,ml_model,0.0,0.6192616312921855,0.17438833122694242,0.26024205130978945,0.10562226777476409,0.3494492732982779,0.85,0.15375768025124228,15560277.24142572,0.0,60.5,medium,low,True
NBO-0210,-1.291279,36.929862,concrete_rcc,RP25,25,0.04,283520000.0,0.04,ml_model,0.1663005650043487,0.5142205217637558,0.11881201737773113,0.2160989744030323,0.05225266885769592,0.17287696567124933,0.8,0.05324610542674479,15096335.810590683,0.0,44.5,low,low,True
NBO-0113,-1.317103,36.847082,permanent_masonry,RP25,25,0.04,78030000.0,0.04,ml_model,0.0978768467903137,0.6640036846258782,0.12629599774298308,0.27904470781391627,0.12835494312316156,0.4246598993147852,0.85,0.1868503556985055,14579933.255154384,0.0,66.2,medium,low,True
NBO-0131,-1.340893,36.860238,permanent_masonry,RP25,25,0.04,83420000.0,0.04,ml_model,0.1200344860553741,0.6378434104426652,0.14492293693404684,0.2680509645037423,0.11506335331621328,0.3806849260740892,0.85,0.16750136747259925,13972964.07456423,0.0,63.0,medium,low,True
NBO-0091,-1.308021,36.816316,permanent_masonry,RP25,25,0.04,37840000.0,0.2,known_hotspot,0.0110014136880636,0.678829756695947,0.0777518814887044,0.4065433110090325,0.2825025420633746,0.9346543120952502,0.85,0.35908937987048006,13587942.134298965,0.0,94.8,very_high,high,True
NBO-0592,-1.311754,36.901046,permanent_masonry,RP25,25,0.04,62610000.0,0.1,ml_model,0.0028908329550176,0.7047493245405319,0.14756766140569766,0.29616788867560334,0.14905710887166582,0.4931526227615335,0.85,0.21698715401507473,13585565.712883828,0.0,74.7,medium,low,True
NBO-0114,-1.268416,36.810036,permanent_masonry,RP25,25,0.04,72885000.0,0.04,ml_model,0.0,0.6624108259953618,0.0871312413197307,0.27837531578879254,0.12754563877913955,0.4219823312142903,0.85,0.18567222573428774,13532720.17264356,0.0,65.7,medium,high,True
NBO-0038,-1.257297,36.878574,permanent_masonry,RP25,25,0.04,57240000.0,0.1,ml_model,0.0550626032054424,0.7349021183940724,0.12165400036602726,0.3088394712969787,0.16437722993109685,0.5438389532470349,0.85,0.23402846503905117,13395789.33883529,0.0,80.8,high,high,True
NBO-0417,-1.302171,36.892264,permanent_masonry,RP25,25,0.04,50905000.0,0.1,ml_model,0.012592683546245,0.7821128865284076,0.10535031905899757,0.32867959463475616,0.1883642172278583,0.6231994465981447,0.85,0.2594238229114063,13205969.705305139,0.0,85.7,high,low,True
NBO-0509,-1.193795,36.897925,permanent_masonry,RP25,25,0.04,44085000.0,0.1,proxy,0.3580530881881714,0.36620224135987434,0.1665722086179258,0.3580530881881714,0.22387718278416036,0.7406934208118057,0.85,0.2970218946597778,13094210.226076305,13094210.226076305,90.7,very_high,medium,True
NBO-0551,-1.229688,36.86457,permanent_masonry,RP25,25,0.04,42840000.0,0.1,ml_model,0.0408122949302196,0.8565787391690984,0.09233087738950595,0.3599735506373399,0.2261990488123013,0.7483752706084796,0.85,0.2994800865947135,12829726.909717526,0.0,90.8,very_high,low,True
NBO-0577,-1.254205,36.793286,permanent_masonry,RP25,25,0.04,81530000.0,0.04,ml_model,0.0,0.6190758638923272,0.11203699609759991,0.26016398335472374,0.10552788252248697,0.3491370014780151,0.85,0.15362028065032662,12524661.48142113,0.0,60.3,medium,low,True
NBO-0172,-1.240316,36.852111,permanent_masonry,RP25,25,0.04,93240000.0,0.04,ml_model,0.0,0.5868000690716118,0.1261750199091788,0.2466002186592267,0.08912910082602221,0.29488194269602697,0.85,0.12974805478625187,12097708.628270125,0.0,55.8,medium,low,True
NBO-0084,-1.286346,36.920269,permanent_masonry,RP25,25,0.04,66900000.0,0.04,ml_model,0.1707343310117721,0.6402314050501308,0.1431416172197696,0.26905450902153644,0.11627665270907682,0.38469910414526587,0.85,0.16926760582391698,11324002.829620047,0.0,63.5,medium,low,True
NBO-0519,-1.331527,36.92513,permanent_masonry,RP25,25,0.04,44655000.0,0.1,ml_model,0.0,0.7555164568800826,0.1295862429247158,0.3175025588562698,0.1748510242567488,0.5784913034841994,0.85,0.2451172171149438,10945709.330267815,0.0,82.5,high,low,True
NBO-0456,-1.232817,36.907698,permanent_masonry,RP25,25,0.04,73600000.0,0.04,proxy,0.2559123039245605,0.5517255338708454,0.20457702201279412,0.2559123039245605,0.10038754247797532,0.3321302837573621,0.85,0.14613732485323933,10755707.109198414,10755707.109198414,59.2,medium,medium,True
NBO-0595,-1.259297,36.878847,permanent_masonry,RP25,25,0.04,40365000.0,0.1,known_hotspot,0.1646010726690292,0.5434204743498473,0.12902407571612595,0.3327522279305491,0.19328808798548316,0.6394899797813165,0.85,0.2646367935300213,10682064.17083931,0.0,87.3,high,high,True
NBO-0026,-1.263277,36.866831,permanent_masonry,RP25,25,0.04,44030000.0,0.1,ml_model,0.0,0.7421631624995281,0.12520860608566423,0.3118908940190867,0.16806644278658778,0.556044644135467,0.85,0.23793428612334944,10476246.618011076,0.0,81.2,high,low,True
NBO-0429,-1.335739,36.913418,permanent_masonry,RP25,25,0.04,50595000.0,0.1,ml_model,0.0456912256777286,0.6820537880879227,0.16380788233858537,0.2866301865743467,0.13752589330167397,0.4550018143565069,0.85,0.20020079831686302,10129159.390841685,0.0,70.3,medium,low,True
NBO-0259,-1.194012,36.894882,permanent_masonry,RP25,25,0.04,30340000.0,0.2,proxy,0.3750833570957184,0.3607925819487969,0.14760256587135595,0.3750833570957184,0.2444670166773766,0.8088144964419937,0.85,0.31882063886143797,9673018.183056029,9673018.183056029,93.0,very_high,medium,True
NBO-0168,-1.226041,36.807618,permanent_masonry,RP25,25,0.04,56855000.0,0.04,ml_model,0.0,0.6327615139831927,0.09906724613338844,0.2659153192573261,0.11248132826908912,0.3721423450884245,0.85,0.16374263183890678,9309587.333201045,0.0,62.0,medium,low,True
NBO-0155,-1.284631,36.934741,permanent_masonry,RP25,25,0.04,72965000.0,0.04,ml_model,0.1744741797447204,0.5833721264539601,0.11467420781169463,0.24515964043911573,0.0873874215593416,0.28911962981558303,0.85,0.12721263711885653,9282070.067377366,204756.30174023056,55.0,medium,low,True
NBO-0057,-1.269395,36.711846,permanent_masonry,RP25,25,0.04,88405000.0,0.04,ml_model,0.0048050079494714,0.5529667916882715,0.13244868663029516,0.23238192857979628,0.07193898876318194,0.23800878237830525,0.85,0.10472386424645432,9258113.218707794,0.0,51.5,medium,low,True
NBO-0445,-1.259144,36.860661,permanent_masonry,RP25,25,0.04,47880000.0,0.04,ml_model,0.1833299994468689,0.662808056237557,0.15713422719274328,0.27854225009869876,0.12774746470042753,0.4226500684539152,0.85,0.18596603011972268,8904053.522132322,880631.4144034011,65.8,medium,low,True
NBO-0036,-1.256369,36.829457,permanent_masonry,RP25,25,0.04,31480000.0,0.1,proxy,0.3459735810756683,0.2405682064633302,0.1486538162439744,0.3459735810756683,0.20927288931653665,0.6923753923617932,0.85,0.2815601255557738,8863512.75249576,8863512.75249576,89.2,high,medium,True
NBO-0379,-1.244467,36.767451,permanent_masonry,RP25,25,0.04,52055000.0,0.04,ml_model,0.0,0.6365042889679396,0.1152690400631267,0.26748820443283594,0.11438296849994294,0.3784338857904639,0.85,0.1665109097478041,8667725.406921944,0.0,62.3,medium,low,True
NBO-0252,-1.311595,36.796579,permanent_masonry,RP25,25,0.04,36755000.0,0.1,ml_model,0.0,0.7340387708502637,0.09846515424935254,0.30847665318514894,0.16393857774676673,0.5423876807997159,0.85,0.23356405785590909,8584646.946493939,0.0,80.5,high,low,True
NBO-0306,-1.220163,36.889739,permanent_masonry,RP25,25,0.04,67155000.0,0.04,ml_model,0.183804303407669,0.5797922666120728,0.1333698122585888,0.2436552196554313,0.08556855573815438,0.2831019466808453,0.85,0.12456485653957194,8365152.940914954,1291205.5670264354,54.3,medium,low,True
NBO-0454,-1.339888,36.948654,permanent_masonry,RP25,25,0.04,74880000.0,0.04,ml_model,0.0921917185187339,0.5587678436925541,0.14277231449892858,0.2348197958673256,0.0748864044955131,0.24776025152842251,0.85,0.10901451067250591,8163006.559157242,0.0,52.2,medium,low,True
NBO-0241,-1.230749,36.829461,permanent_masonry,RP25,25,0.04,37825000.0,0.1,ml_model,0.0070095574483275,0.6971811153770489,0.16858590285911337,0.29298738115193107,0.14521183068116605,0.4804305926668444,0.85,0.21138946077341153,7995806.353754291,0.0,72.7,medium,low,True
NBO-0531,-1.262821,36.929629,permanent_masonry,RP25,25,0.04,33350000.0,0.1,ml_model,0.2391031980514526,0.7318882227968313,0.15665368238127586,0.3075728945658757,0.16284592090432828,0.538772646322623,0.85,0.23240724682323938,7750781.681555034,3887052.505527591,80.0,high,low,True
NBO-0056,-1.195179,36.945076,permanent_masonry,RP25,25,0.04,45575000.0,0.04,proxy,0.269245445728302,0.5950097673624922,0.12199894027890965,0.269245445728302,0.11650749786470901,0.38546285097232813,0.85,0.16960365442782438,7729686.550548096,7729686.550548096,63.7,medium,high,True
NBO-0255,-1.306528,36.801425,permanent_masonry,RP25,25,0.04,59540000.0,0.04,ml_model,0.0,0.5802200012057939,0.10021781776213898,0.2438349732885667,0.08578588040096813,0.28382096121338696,0.85,0.12488122293389026,7435428.013483826,0.0,54.5,medium,low,True
NBO-0368,-1.281142,36.73553,permanent_masonry,RP25,25,0.04,88130000.0,0.04,ml_model,0.0,0.5210449706457589,0.1531757743722428,0.2189669198502666,0.055720055115301724,0.18434874746018648,0.85,0.08111344888248205,7148528.250013143,0.0,48.2,low,low,True
NBO-0371,-1.18152,36.87356,permanent_masonry,RP25,25,0.04,63800000.0,0.04,ml_model,0.0,0.5627304512451374,0.08775617463085171,0.23648506473901096,0.07689973791036897,0.25442132701516396,0.85,0.11194538388667215,7142115.491969683,0.0,52.7,medium,low,True
NBO-0502,-1.261483,36.874398,permanent_masonry,RP25,25,0.04,32125000.0,0.1,ml_model,0.051689475774765,0.7080598472692677,0.12894274209233691,0.29755912168972726,0.15073912909243145,0.49871755481802915,0.85,0.21943572411993284,7049372.637352843,0.0,75.3,high,high,True
NBO-0329,-1.231313,36.878088,permanent_masonry,RP25,25,0.04,23595000.0,0.1,ml_model,0.0,0.8494354705299759,0.10634851986253789,0.3569716225511075,0.2225696756655558,0.73636755826355,0.85,0.295637618644336,6975569.611913108,0.0,90.5,very_high,low,True
NBO-0300,-1.316479,36.875112,permanent_masonry,RP25,25,0.04,48805000.0,0.04,ml_model,0.1420998126268386,0.6001736287703443,0.12482520282340438,0.25222039990967776,0.0959239787592341,0.31736266769783117,0.85,0.13963957378704572,6815109.398676766,0.0,57.8,medium,low,True
NBO-0364,-1.270336,36.775293,permanent_masonry,RP25,25,0.04,32130000.0,0.1,known_hotspot,0.0,0.643290883841606,0.09040934865789127,0.2914602634853178,0.1433655240102814,0.47432212200039126,0.85,0.20870173368017214,6705586.703143931,0.0,72.2,medium,high,True
NBO-0344,-1.213194,36.935062,permanent_masonry,RP25,25,0.04,32270000.0,0.1,ml_model,0.1862595975399017,0.6884375673287645,0.13468099560547558,0.28931294249009576,0.14076938281914353,0.46573283801950316,0.85,0.2049224487285814,6612847.420471322,759912.0833560602,71.0,medium,low,True
NBO-0449,-1.200878,36.877885,permanent_masonry,RP25,25,0.04,35640000.0,0.04,proxy,0.2776331305503845,0.5398237796410068,0.19232090510675173,0.2776331305503845,0.12664832641961207,0.4190135902606582,0.85,0.18436597971468963,6570803.517031538,6570803.517031538,65.5,medium,high,True
NBO-0411,-1.189573,36.871599,permanent_masonry,RP25,25,0.04,51210000.0,0.04,ml_model,0.0,0.5780190641681044,0.13092343206116408,0.24291003891422674,0.0846676217737455,0.2801212237160271,0.85,0.12325333843505193,6311803.461259009,0.0,54.0,medium,low,True
NBO-0274,-1.290944,36.852137,permanent_masonry,RP25,25,0.04,38080000.0,0.04,ml_model,0.1202279850840568,0.6322771521201963,0.13365193639254194,0.2657117682565328,0.11223523225511049,0.37132814108525136,0.85,0.1633843820775106,6221677.269511604,0.0,61.7,medium,low,True
NBO-0586,-1.196646,36.92581,permanent_masonry,RP25,25,0.04,37075000.0,0.04,ml_model,0.2206043452024459,0.6372908360061692,0.12312963903380844,0.2678187474607535,0.11478259965528938,0.3797560579021342,0.85,0.16709266547693905,6194960.572557515,3114126.3963984265,62.7,medium,low,True
NBO-0542,-1.189111,36.888,permanent_masonry,RP25,25,0.04,22450000.0,0.1,ml_model,0.1991578191518783,0.7914896487574421,0.10469377839898618,0.3326201388471211,0.1931283904315776,0.6389616234476045,0.85,0.26446771950323344,5937300.302847591,1038299.740617004,87.2,high,low,True
NBO-0088,-1.269745,36.728359,permanent_masonry,RP25,25,0.04,69520000.0,0.04,ml_model,0.0,0.5233575222425938,0.1024986921346111,0.21993875976559324,0.05689502319924698,0.18823610712149308,0.85,0.08282388713345695,5757916.6335179275,0.0,48.8,low,low,True
NBO-0505,-1.244107,36.925259,permanent_masonry,RP25,25,0.04,37065000.0,0.04,proxy,0.2582066655158996,0.6095104109637011,0.20647903576385226,0.2582066655158996,0.10316145781149733,0.34130773012271853,0.85,0.15017540125399614,5566251.247479367,5566251.247479367,59.7,medium,medium,True
NBO-0550,-1.259167,36.767873,permanent_masonry,RP25,25,0.04,34820000.0,0.04,ml_model,0.0,0.5983785706470612,0.1504024711859815,0.2514660344127412,0.09501194029636434,0.31434520571008484,0.85,0.13831189051243734,4816020.027643068,0.0,57.3,medium,low,True
NBO-0354,-1.225862,36.799735,permanent_masonry,RP25,25,0.04,31610000.0,0.04,ml_model,0.0,0.6116337555529022,0.11292136846159409,0.2570364691628945,0.10174667401321304,0.3366269447106982,0.85,0.14811585567270721,4681942.197814275,0.0,59.5,medium,low,True
NBO-0133,-1.207541,36.772299,permanent_masonry,RP25,25,0.04,25915000.0,0.04,ml_model,0.0,0.6518944027697072,0.17065317174746,0.27395583391814043,0.1222024232312933,0.40430440373168186,0.85,0.17789393764194003,4610121.393990876,0.0,64.7,medium,low,True
NBO-0358,-1.310107,36.808186,permanent_masonry,RP25,25,0.04,33745000.0,0.04,proxy,0.2464310377836227,0.29218970625071766,0.1157172139374752,0.2464310377836227,0.08892455877530614,0.29420521919361087,0.85,0.1294502964451888,4368300.253542895,4368300.253542895,55.7,medium,medium,True
NBO-0286,-1.211654,36.859362,permanent_masonry,RP25,25,0.04,27450000.0,0.04,ml_model,0.0472190491855144,0.6160680887462523,0.1694673834856896,0.2588999787170397,0.10399968319272558,0.34408098292727884,0.85,0.1513956324880027,4155810.111795674,0.0,60.0,medium,low,True
NBO-0375,-1.265587,36.732079,permanent_masonry,RP25,25,0.04,53235000.0,0.04,ml_model,0.0,0.5163627487608763,0.13781018322242913,0.2169992361339885,0.053341097913128695,0.17647801259507412,0.85,0.07765032554183261,4133715.0802194593,0.0,47.5,low,low,True
NBO-0047,-1.253496,36.874782,permanent_masonry,RP25,25,0.04,34465000.0,0.04,proxy,0.2410086989402771,0.5571729747852936,0.20253547647302728,0.2410086989402771,0.08236887508626325,0.2725158638202285,0.85,0.11990698008090055,4132594.0684882374,4132594.0684882374,53.8,medium,medium,True
NBO-0104,-1.226248,36.851791,permanent_masonry,RP25,25,0.04,36035000.0,0.04,ml_model,0.0,0.5641731683380858,0.12998268824276013,0.23709136042528678,0.07763275789604052,0.25684650976026724,0.85,0.11301246429451758,4072404.150852941,0.0,52.8,medium,low,True
NBO-0222,-1.24835,36.946666,semi_permanent,RP25,25,0.04,6000000.0,0.2,proxy,0.5876656770706177,0.16287887683428243,0.15993918485366443,0.5876656770706177,0.501482022176088,1.6591437763415908,0.9,0.63801395695418,3828083.7417250797,3828083.7417250797,98.7,very_high,medium,True
NBO-0089,-1.212553,36.795312,permanent_masonry,RP25,25,0.04,32095000.0,0.04,proxy,0.238679438829422,0.28850404968191623,0.12806048931909358,0.238679438829422,0.07955276695332897,0.2631988233768081,0.85,0.11580748228579557,3716841.1439626087,3716841.1439626087,53.3,medium,medium,True
NBO-0178,-1.265205,36.79272,permanent_masonry,RP25,25,0.04,19485000.0,0.1,ml_model,0.0,0.6685519668217924,0.11008250620562961,0.2809561039489079,0.13066584785034255,0.43230548385475176,0.85,0.19021441289609078,3706327.835280329,0.0,66.8,medium,low,True
NBO-0238,-1.281576,36.902948,permanent_masonry,RP25,25,0.04,31835000.0,0.04,ml_model,0.0682321786880493,0.5655364573086776,0.12656530542588526,0.23766427678294083,0.0783254218053917,0.25913817519088345,0.85,0.11402079708398871,3629852.0751687805,0.0,53.2,medium,low,True
NBO-0558,-1.196781,36.753065,permanent_masonry,RP25,25,0.04,35710000.0,0.04,ml_model,0.0,0.5463908979226634,0.1349627252452115,0.22961843735689239,0.06859788912736016,0.22695481748668966,0.85,0.09986011969414345,3566004.8742778627,0.0,50.7,medium,low,True
NBO-0112,-1.271695,36.878829,permanent_masonry,RP25,25,0.04,27190000.0,0.04,ml_model,0.1458158493041992,0.5705800826149109,0.11715724670951527,0.23978383874093465,0.08088800193130699,0.2676164230228587,0.85,0.11775122613005783,3201655.8384762723,0.0,53.5,medium,low,True
NBO-0121,-1.229133,36.79396,permanent_masonry,RP25,25,0.04,38180000.0,0.04,ml_model,0.0,0.524675839830389,0.14619231586384632,0.22049277709201745,0.057564837914855095,0.19045217642718992,0.85,0.08379895762796356,3199444.202235649,0.0,49.2,low,low,True
NBO-0477,-1.319008,36.757525,permanent_masonry,RP25,25,0.04,45370000.0,0.04,ml_model,0.0,0.5057351800397936,0.14237195901289146,0.21253304584437022,0.0479414112318465,0.158613251436601,0.85,0.06978983063210444,3166364.6157785784,0.0,46.5,low,low,True
NBO-0258,-1.325808,36.801523,permanent_masonry,RP25,25,0.04,36655000.0,0.04,ml_model,0.0,0.5180517951586415,0.14028301442682112,0.21770905065680113,0.0541992736236266,0.17931727068632464,0.85,0.07889959910198284,2892064.805083181,0.0,47.7,low,low,True
NBO-0217,-1.295741,36.827042,permanent_masonry,RP25,25,0.04,42040000.0,0.04,ml_model,0.0455809794366359,0.5000038204766762,0.08858039685524066,0.2101244665070919,0.045029405042019605,0.14897893408748775,0.85,0.06555073099849461,2755752.7311767135,0.0,46.3,low,low,True
NBO-0206,-1.274787,36.929401,semi_permanent,RP25,25,0.04,8345000.0,0.1,ml_model,0.1609867513179779,0.8089931531913945,0.09883413273520744,0.3399759117043814,0.20202162295241588,0.6683847148766457,0.9,0.31665973051263197,2642525.451127914,0.0,91.5,very_high,low,True
NBO-0240,-1.211563,36.84204,permanent_masonry,RP25,25,0.04,18665000.0,0.04,ml_model,0.0,0.5938875490750262,0.16157443605896607,0.24957870180997016,0.09273012871703655,0.30679587529900076,0.85,0.13499018513156033,2519591.805480574,0.0,56.8,medium,low,True
NBO-0242,-1.219856,36.921451,semi_permanent,RP25,25,0.04,5850000.0,0.2,proxy,0.3921989500522613,0.3040299749390692,0.14454632263660286,0.3921989500522613,0.26516000854217037,0.8772768682681653,0.9,0.3958196725765395,2315545.084572756,2315545.084572756,95.3,very_high,medium,True
NBO-0267,-1.265873,36.781748,permanent_masonry,RP25,25,0.04,28335000.0,0.04,proxy,0.2188541740179062,0.3031757163777691,0.14059739518580575,0.2188541740179062,0.055583743823151524,0.18389776413074488,0.85,0.08091501621752775,2292726.984523649,2292726.984523649,48.0,low,medium,True
NBO-0376,-1.330722,36.930502,semi_permanent,RP25,25,0.04,8385000.0,0.1,ml_model,0.0513914301991462,0.7333223017764783,0.10910566250700807,0.30817556012199104,0.16357455201173718,0.5411833085470843,0.9,0.26781439048208033,2245623.6641922435,0.0,84.2,high,low,True
NBO-0319,-1.256119,36.841093,semi_permanent,RP25,25,0.04,6610000.0,0.1,ml_model,0.0,0.8306734049771173,0.07850071449945262,0.3490869447678316,0.2130369896733082,0.7048288471304465,0.9,0.33065427729809144,2185624.772940384,0.0,92.8,very_high,low,True
NBO-0031,-1.229115,36.841887,permanent_masonry,RP25,25,0.04,23060000.0,0.04,ml_model,0.1423778533935547,0.5259687602297385,0.1214192970702918,0.22103612135864814,0.05822174875152425,0.1926255534937127,0.85,0.08475524353723358,1954455.9159686065,0.0,49.3,low,low,True
NBO-0079,-1.240748,36.917596,semi_permanent,RP25,25,0.04,3200000.0,0.2,proxy,0.5309082269668579,0.19747964282514532,0.18467691823603166,0.5309082269668579,0.43286146919579743,1.4321139759265518,0.9,0.5780780896446096,1849849.8868627506,1849849.8868627506,97.8,very_high,medium,True
NBO-0538,-1.27839,36.927619,semi_permanent,RP25,25,0.04,5200000.0,0.1,ml_model,0.1317443251609802,0.8680812213223125,0.08098874507670144,0.3648074195538759,0.23204326410880502,0.7677107462746238,0.9,0.3548009265694555,1844964.8181611686,0.0,93.5,very_high,low,True
NBO-0372,-1.244471,36.934206,semi_permanent,RP25,25,0.04,5795000.0,0.1,proxy,0.3388372659683227,0.473719016552436,0.1727062830806231,0.3388372659683227,0.20064498429239577,0.6638301319324109,0.9,0.31491077066204576,1824907.9159865552,1824907.9159865552,91.2,very_high,medium,True
NBO-0404,-1.297077,36.90215,semi_permanent,RP25,25,0.04,4480000.0,0.2,proxy,0.3978939950466156,0.3760252596085075,0.19578562857438234,0.3978939950466156,0.27204539779143727,0.9000570482455825,0.9,0.4040205373684097,1810012.0074104755,1810012.0074104755,95.7,very_high,medium,True
NBO-0060,-1.207116,36.868812,semi_permanent,RP25,25,0.04,6050000.0,0.1,ml_model,0.0506880469620227,0.7684668447298678,0.12816990272817216,0.3229449039475569,0.18143089578006363,0.6002606838493478,0.9,0.29050010259814957,1757525.620718805,0.0,88.8,high,low,True
NBO-0526,-1.192388,36.92264,semi_permanent,RP25,25,0.04,6355000.0,0.1,ml_model,0.205046534538269,0.7398172186091947,0.09893364133267342,0.3109050211352717,0.1668745086469817,0.5521011526002069,0.9,0.2720068425984794,1728603.4847133367,431735.0904126512,85.2,high,low,True
NBO-0279,-1.242356,36.946982,semi_permanent,RP25,25,0.04,3240000.0,0.2,proxy,0.4855479598045349,0.3114974046097574,0.20236257976363584,0.4855479598045349,0.37802027019334034,1.2506729072772598,0.9,0.5301776475211966,1717775.5779686768,1717775.5779686768,97.2,very_high,medium,True
NBO-0338,-1.300632,36.895328,semi_permanent,RP25,25,0.04,7740000.0,0.04,ml_model,0.1854711174964904,0.6599521535324439,0.12013920450071798,0.27734206920460885,0.12629642917155387,0.41784934487755554,0.9,0.22045414843298133,1706315.1088712756,205829.85163959628,71.8,medium,low,True
NBO-0433,-1.247364,36.787692,semi_permanent,RP25,25,0.04,4320000.0,0.2,known_hotspot,0.0,0.5186346610841481,0.1884444405665223,0.38722498160505164,0.2591464109487254,0.8573809944793267,0.9,0.3886571580125576,1678998.922614249,0.0,95.2,very_high,high,True
NBO-0226,-1.317641,36.884345,semi_permanent,RP25,25,0.04,6855000.0,0.1,ml_model,0.0314540527760982,0.6942539575505005,0.14903730282846558,0.291757255597892,0.14372459163855525,0.47551009045068815,0.9,0.24259587473306427,1662994.7212951556,0.0,79.0,high,low,True
NBO-0002,-1.257597,36.896201,semi_permanent,RP25,25,0.04,3300000.0,0.2,proxy,0.4584057033061981,0.22612470795584633,0.10637135544871128,0.4584057033061981,0.3452049015211424,1.1421038812839126,0.9,0.49115739726220853,1620819.410965288,1620819.410965288,96.5,very_high,medium,True
NBO-0071,-1.220708,36.937779,semi_permanent,RP25,25,0.04,3840000.0,0.2,proxy,0.3993943929672241,0.28167273319536035,0.194945682499234,0.3993943929672241,0.27385939991476055,0.9060586399280166,0.9,0.406181110374086,1559735.4638364902,1559735.4638364902,95.8,very_high,medium,True
NBO-0142,-1.257697,36.845664,semi_permanent,RP25,25,0.04,4885000.0,0.1,ml_model,0.0,0.8097834362306842,0.10123007563301888,0.3403080247707616,0.2024231523062774,0.6697131671421666,0.9,0.31716985618259197,1549374.7474519617,0.0,91.8,very_high,low,True
NBO-0014,-1.193437,36.9237,semi_permanent,RP25,25,0.04,5425000.0,0.1,proxy,0.3153730928897857,0.5127791808236406,0.13753611435788143,0.3153730928897857,0.17227647004570315,0.569973439618263,0.9,0.27886980081341295,1512868.6694127652,1512868.6694127652,87.7,high,high,True
NBO-0471,-1.210378,36.930778,semi_permanent,RP25,25,0.04,4990000.0,0.1,ml_model,0.1440567374229431,0.783133111792828,0.1310591910339316,0.3291083399375401,0.18888257631042718,0.6249144278092804,0.9,0.2999671402787637,1496836.029991031,0.0,89.7,high,low,True
NBO-0591,-1.268694,36.778328,semi_permanent,RP25,25,0.04,5395000.0,0.1,ml_model,0.0,0.7481843036937921,0.0955054062580535,0.3144212528471501,0.17112568208826262,0.5661660794477206,0.9,0.2774077745079247,1496614.9434702538,0.0,86.8,high,low,True
NBO-0293,-1.204167,36.891005,semi_permanent,RP25,25,0.04,2185000.0,0.2,proxy,0.6318746209144592,0.11213308921218412,0.11933244339150105,0.6318746209144592,0.5549312551436215,1.835979551716957,0.9,0.6765715831708627,1478308.9092283351,1478308.9092283351,99.8,very_high,medium,True
NBO-0459,-1.276579,36.926282,semi_permanent,RP25,25,0.04,4475000.0,0.1,ml_model,0.1803040653467178,0.8265470743686826,0.07619621889569489,0.3473528719823424,0.21094047136195335,0.6978925559884896,0.9,0.32799074149958,1467758.5682106207,70168.85001498836,92.7,very_high,low,True
NBO-0288,-1.267276,36.835611,semi_permanent,RP25,25,0.04,5600000.0,0.1,ml_model,0.0290607716888189,0.717845185209595,0.09038344535715047,0.30167136809685,0.15571089265707552,0.5151665404465202,0.9,0.25782395153146376,1443814.128576197,0.0,82.3,high,low,True
NBO-0275,-1.305913,36.879391,semi_permanent,RP25,25,0.04,4445000.0,0.1,ml_model,0.0018672097939997,0.8095348300939648,0.07360085772658977,0.34020354910535816,0.2022968397619354,0.6692952644805528,0.9,0.31700938156053227,1409106.701036566,0.0,91.7,very_high,low,True
NBO-0110,-1.238154,36.925489,semi_permanent,RP25,25,0.04,7450000.0,0.04,ml_model,0.2431769371032714,0.6154117691517025,0.18781091202819256,0.2586241632152072,0.10366621838375899,0.34297772091994894,0.9,0.18109223664573304,1349137.163010711,1106084.3284750686,67.0,medium,low,True
NBO-0160,-1.267116,36.905938,semi_permanent,RP25,25,0.04,5905000.0,0.04,ml_model,0.0737608298659324,0.6646256893992429,0.10849396419037599,0.2793061026589467,0.12867097315586024,0.4257054786949068,0.9,0.2234709038188442,1319595.687050275,0.0,72.3,medium,low,True
NBO-0005,-1.202301,36.930681,informal_iron_sheet,RP25,25,0.04,1570000.0,0.2,proxy,0.6697713136672974,0.08751901638409292,0.11201319309629518,0.6697713136672974,0.6007488880370988,1.9875663227283096,0.95,0.8166429071366436,1282129.3642045304,1282129.3642045304,100.0,very_high,medium,True
NBO-0458,-1.271154,36.849901,semi_permanent,RP25,25,0.04,4480000.0,0.1,ml_model,0.0,0.7473326565081592,0.12931051328485532,0.31406335176078887,0.17069297465666627,0.5647344751022756,0.9,0.2768580384392738,1240324.0122079467,0.0,86.5,high,low,True
NBO-0439,-1.192567,36.872725,semi_permanent,RP25,25,0.04,5215000.0,0.1,ml_model,0.0,0.6824937463826215,0.14102460767311203,0.28681507716552423,0.13774942861878672,0.45574137672121706,0.9,0.23500468866094734,1225549.4513668404,0.0,76.8,high,low,True
NBO-0503,-1.225395,36.907248,semi_permanent,RP25,25,0.04,4345000.0,0.1,proxy,0.3172338306903839,0.6313400617502413,0.18149447050330555,0.3172338306903839,0.17452612813631424,0.5774163908206558,0.9,0.2817278940751318,1224107.6997564477,1224107.6997564477,88.3,high,high,True
NBO-0352,-1.310166,36.860695,semi_permanent,RP25,25,0.04,6100000.0,0.04,ml_model,0.0,0.6346152644664844,0.10471246018719568,0.26669434996746666,0.1134231873205572,0.37525846792898676,0.9,0.198136471066505,1208632.4735056804,0.0,69.7,medium,low,True
NBO-0559,-1.180076,36.902401,semi_permanent,RP25,25,0.04,4615000.0,0.1,ml_model,0.2211252897977829,0.7126277627343409,0.11942545583722644,0.2994787686220906,0.1530600091493205,0.5063961425474826,0.9,0.25445611873823326,1174314.9879769464,470243.65278523334,81.7,high,low,True
NBO-0021,-1.31688,36.792734,semi_permanent,RP25,25,0.04,4265000.0,0.1,known_hotspot,0.0192247051745653,0.7164752506734561,0.1544095299072848,0.31300303401575674,0.16941103563604598,0.5604932041221471,0.9,0.2752293903829045,1173853.3499830877,0.0,86.3,high,high,True
NBO-0345,-1.278319,36.839113,semi_permanent,RP25,25,0.04,6630000.0,0.04,ml_model,0.0,0.6090429418843256,0.10897557716552983,0.2559476908023413,0.10043032570937713,0.33227183126848536,0.9,0.17543952690976025,1163164.0634117106,0.0,66.0,medium,low,True
NBO-0409,-1.286737,36.831791,semi_permanent,RP25,25,0.04,4740000.0,0.1,ml_model,0.0,0.6978771735770039,0.06450002284413107,0.29327989663268084,0.1455654859987966,0.48160065458984347,0.9,0.24493465136249987,1160990.2474582493,0.0,79.7,high,low,True
NBO-0087,-1.210741,36.884764,semi_permanent,RP25,25,0.04,3110000.0,0.2,ml_model,0.0,0.8915681522094728,0.06396254348885758,0.3746777017806168,0.2439765737136639,0.8071918751815874,0.9,0.3699616800697295,1150580.8250168588,0.0,94.2,very_high,low,True
NBO-0243,-1.190807,36.86859,semi_permanent,RP25,25,0.04,4500000.0,0.1,ml_model,0.0,0.7137690688326176,0.11674870392115344,0.2999583976273111,0.15363988734158332,0.5083146585683644,0.9,0.25519282889025197,1148367.730006134,0.0,82.0,high,low,True
NBO-0156,-1.31803,36.786682,semi_permanent,RP25,25,0.04,4130000.0,0.1,known_hotspot,0.0292692780494689,0.6740743330662681,0.12878523279025103,0.31462171766705826,0.17136804686627932,0.5669679387273532,0.9,0.2777156884713036,1146965.793386484,0.0,87.0,high,high,True
NBO-0278,-1.184995,36.888914,semi_permanent,RP25,25,0.04,3950000.0,0.1,ml_model,0.1691483855247497,0.7444605171602743,0.09521420130392505,0.31285634748703556,0.16923368956610793,0.5599064580072624,0.9,0.27500407987478875,1086266.1155054155,0.0,86.2,high,low,True
NBO-0035,-1.259929,36.817481,semi_permanent,RP25,25,0.04,3940000.0,0.1,ml_model,0.0,0.7406144563177521,0.10786548350137071,0.3112400568716592,0.1672795715498612,0.5534412955457568,0.9,0.27252145748957063,1073734.5425089083,0.0,85.5,high,low,True
NBO-0343,-1.254997,36.812644,semi_permanent,RP25,25,0.04,5850000.0,0.04,ml_model,0.0,0.616737881810855,0.14461981827425888,0.2591814563870215,0.10433999364237484,0.34520689360720613,0.9,0.18226923982460483,1066275.0529739382,0.0,67.3,medium,low,True
NBO-0228,-1.197482,36.882829,semi_permanent,RP25,25,0.04,4865000.0,0.04,proxy,0.2758456170558929,0.5447246824939017,0.1339752018831285,0.2758456170558929,0.12448719754177297,0.4118635362826917,0.9,0.2174639471572612,1057962.1029200756,1057962.1029200756,71.7,medium,high,True
NBO-0174,-1.198222,36.903014,semi_permanent,RP25,25,0.04,4610000.0,0.1,ml_model,0.1815550923347473,0.6697508059360318,0.16713762533200752,0.2814599109579568,0.1312749575882374,0.43432071189094734,0.9,0.22677915336612375,1045451.8970178305,84466.07474198981,73.2,medium,low,True
NBO-0058,-1.326314,36.926912,semi_permanent,RP25,25,0.04,4960000.0,0.04,ml_model,0.0,0.6389520595164425,0.11275669897807071,0.26851686953412573,0.11562663903047221,0.38254854619562306,0.9,0.20198563239128897,1001848.7366607933,0.0,70.0,medium,low,True
NBO-0266,-1.245469,36.827153,semi_permanent,RP25,25,0.04,3960000.0,0.1,ml_model,0.0,0.7006037086566981,0.11647653732321561,0.29442571133563133,0.14695079204030606,0.48618391340164546,0.9,0.24669462274623186,976910.7060750781,0.0,80.7,high,low,True
NBO-0138,-1.243781,36.81987,semi_permanent,RP25,25,0.04,4115000.0,0.1,ml_model,0.0,0.6841737799076824,0.13682661078424196,0.2875211040671405,0.1386030250421514,0.45856548432768207,0.9,0.23608914598182992,971506.8357152301,0.0,77.3,high,low,True
NBO-0554,-1.340246,36.945013,semi_permanent,RP25,25,0.04,5180000.0,0.04,ml_model,0.098816879093647,0.6226126370655855,0.13378213748226545,0.26165029715024435,0.1073248567411033,0.3550822566600975,0.9,0.1874834315165315,971164.1752556331,0.0,68.2,medium,low,True
NBO-0132,-1.27855,36.818788,semi_permanent,RP25,25,0.04,5665000.0,0.04,ml_model,0.0129572013393044,0.6038716857922386,0.16652255772847985,0.2537744925526051,0.09780289855470267,0.3235790382695405,0.9,0.17084973220631738,967863.732948788,0.0,65.0,medium,low,True
NBO-0069,-1.22829,36.832026,semi_permanent,RP25,25,0.04,5025000.0,0.04,ml_model,0.0,0.6228036461133033,0.19373904701959824,0.2617305678853989,0.10742190518539334,0.3554033396007157,0.9,0.18765296330917788,942956.1406286189,0.0,68.3,medium,low,True
NBO-0073,-1.265598,36.886731,semi_permanent,RP25,25,0.04,3550000.0,0.1,proxy,0.3062759339809418,0.47609456891987767,0.12034812353621414,0.3062759339809418,0.1612778773722614,0.5335848039828872,0.9,0.2648965647294287,940382.8047894718,940382.8047894718,83.7,high,medium,True
NBO-0216,-1.217864,36.946273,semi_permanent,RP25,25,0.04,4005000.0,0.1,proxy,0.2864344120025635,0.5982878437659452,0.16267607404281384,0.2864344120025635,0.137289199099403,0.45421871606937403,0.9,0.23441998697063962,938852.0478174117,938852.0478174117,76.5,high,high,True
NBO-0389,-1.270773,36.910552,semi_permanent,RP25,25,0.04,3325000.0,0.1,known_hotspot,0.0520594380795955,0.7387726467973631,0.10240182668590385,0.316509131045759,0.17364995610483872,0.5745175922421561,0.9,0.28061475542098796,933044.0617747849,0.0,88.0,high,high,True
NBO-0399,-1.208904,36.854328,semi_permanent,RP25,25,0.04,3425000.0,0.1,ml_model,0.0,0.7322712905269607,0.11380939495773831,0.3077338771406744,0.16304055109442106,0.5394165766218177,0.9,0.267135965422778,914940.6815730147,0.0,84.0,high,low,True
NBO-0340,-1.1977,36.752666,semi_permanent,RP25,25,0.04,8060000.0,0.04,ml_model,0.0,0.5391631861221791,0.10740157264819662,0.22658102239335087,0.06492561184838105,0.2148051576325236,0.9,0.11341712322997247,914142.0132335781,0.0,54.2,medium,low,True
NBO-0593,-1.243736,36.854758,semi_permanent,RP25,25,0.04,2520000.0,0.1,ml_model,0.0,0.8605550002902551,0.09741332730467923,0.3616445573628073,0.22821931937283102,0.7550592975103494,0.9,0.34994277024397413,881855.7810148149,0.0,93.2,very_high,low,True
NBO-0302,-1.207697,36.777948,semi_permanent,RP25,25,0.04,4830000.0,0.04,ml_model,0.0,0.6165594853654827,0.1489372082894837,0.2591064860440452,0.10424935344654589,0.34490701223530085,0.9,0.18211090246023884,879595.6588829536,0.0,67.2,medium,low,True
NBO-0450,-1.313857,36.861033,semi_permanent,RP25,25,0.04,7390000.0,0.04,proxy,0.2292035818099975,0.41764901920350606,0.13129760980834665,0.2292035818099975,0.0680963229544115,0.22529539529911013,0.9,0.11895596871793016,879084.6088255038,879084.6088255038,56.0,medium,medium,True
NBO-0547,-1.200929,36.924815,informal_iron_sheet,RP25,25,0.04,1475000.0,0.2,proxy,0.4697235226631164,0.25271074131250937,0.16886768819872303,0.4697235226631164,0.3588883038125241,1.1873751587115857,0.95,0.5918338023748233,872954.8585028644,872954.8585028644,97.7,very_high,medium,True
NBO-0473,-1.204539,36.850227,semi_permanent,RP25,25,0.04,5015000.0,0.04,ml_model,0.0887950211763382,0.6025381860322756,0.20097991143863728,0.2532140949832776,0.09712537003596618,0.32133744799223063,0.9,0.16966617253989777,850875.8552875873,0.0,64.8,medium,low,True
NBO-0074,-1.246897,36.789663,semi_permanent,RP25,25,0.04,3200000.0,0.1,known_hotspot,0.0,0.5410123463528012,0.17957853535820584,0.3047326061625772,0.15941197240062444,0.5274114927094289,0.9,0.2625260132004207,840083.2422413462,0.0,83.3,high,high,True
NBO-0196,-1.224155,36.832879,semi_permanent,RP25,25,0.04,4445000.0,0.04,ml_model,0.0,0.6235879219595843,0.19330390453008856,0.2620601564546164,0.10782038238678877,0.3567216938775857,0.9,0.18834905436736524,837211.5466629384,0.0,68.5,medium,low,True
NBO-0052,-1.274863,36.81455,semi_permanent,RP25,25,0.04,4795000.0,0.04,ml_model,0.0522333420813083,0.6047193799483984,0.14087527556830573,0.2541307323952416,0.09823359751934324,0.3250039976400865,0.9,0.17160211075396567,822832.1210652654,0.0,65.2,medium,low,True
NBO-0576,-1.32098,36.87598,semi_permanent,RP25,25,0.04,4980000.0,0.04,ml_model,0.0,0.5959095748432669,0.08602721125007545,0.2504284494887181,0.09375748557508434,0.3101948660139926,0.9,0.1637828892553881,815638.7884918327,0.0,64.2,medium,low,True
NBO-0033,-1.237085,36.896404,informal_iron_sheet,RP25,25,0.04,1165000.0,0.2,proxy,0.5524764060974121,0.17296050054528472,0.13766260244100043,0.5524764060974121,0.4589377001753592,1.5183866924487686,0.95,0.6899644069611676,803808.5341097602,803808.5341097602,99.5,very_high,medium,True
NBO-0145,-1.25898,36.789057,semi_permanent,RP25,25,0.04,3425000.0,0.1,ml_model,0.0,0.679411626970693,0.11591815739320153,0.2855198296681647,0.13618345623361677,0.4505603867317789,0.9,0.23301518850500308,798077.0206296355,0.0,75.8,high,low,True
NBO-0598,-1.340629,36.87552,semi_permanent,RP25,25,0.04,6200000.0,0.04,ml_model,0.0,0.5561180045551006,0.10331254143809453,0.23370621230599162,0.07354006635613576,0.2433059172830866,0.9,0.1284655243254697,796486.2508179122,0.0,57.7,medium,low,True
NBO-0028,-1.194738,36.942461,semi_permanent,RP25,25,0.04,3275000.0,0.1,proxy,0.2913669347763061,0.539292996733186,0.1282935175883969,0.2913669347763061,0.14325268829251026,0.4739488071643445,0.9,0.24199634195110828,792538.0198898796,792538.0198898796,78.5,high,high,True
NBO-0137,-1.229656,36.944629,semi_permanent,RP25,25,0.04,3300000.0,0.1,proxy,0.290000319480896,0.45135313570259117,0.16893141148578422,0.290000319480896,0.14160043123883842,0.4684823459827041,0.9,0.23989722085735837,791660.8288292827,791660.8288292827,78.2,high,medium,True
NBO-0334,-1.300269,36.932332,semi_permanent,RP25,25,0.04,3980000.0,0.04,ml_model,0.1508359909057617,0.6336273101957075,0.14009417822115447,0.26627916641170407,0.11292122458028843,0.3735977337059364,0.9,0.1972596033967344,785093.2215190029,0.0,69.5,medium,low,True
NBO-0536,-1.225209,36.858199,informal_iron_sheet,RP25,25,0.04,2490000.0,0.1,ml_model,0.0,0.7262082439717508,0.11164493707853114,0.3051859077639473,0.1599600203924916,0.5292246991149092,0.95,0.31402785557515644,781929.3603821396,0.0,89.0,high,low,True
NBO-0100,-1.286345,36.846856,semi_permanent,RP25,25,0.04,7865000.0,0.04,ml_model,0.1653144210577011,0.5225756736374235,0.15591045557039732,0.2196101912340686,0.056497779237724324,0.18692183299539455,0.9,0.09869472782156832,776234.0343166349,0.0,52.3,medium,low,True
NBO-0090,-1.272165,36.867382,semi_permanent,RP25,25,0.04,3080000.0,0.1,ml_model,0.0762653052806854,0.6933777186924187,0.10375486477348116,0.29138901996638883,0.14327938959698008,0.47403714792467544,0.9,0.24203026480307535,745453.2155934721,0.0,78.8,high,low,True
NBO-0211,-1.261427,36.828096,semi_permanent,RP25,25,0.04,2760000.0,0.1,ml_model,0.0,0.7345468911941749,0.1265607097585658,0.3086901885859064,0.16419674504029486,0.5432418224027458,0.9,0.26860485980265436,741349.4130553261,0.0,84.7,high,low,True
NBO-0514,-1.265043,36.819492,semi_permanent,RP25,25,0.04,4725000.0,0.04,proxy,0.2468424439430236,0.30238212249805035,0.16464417789203942,0.2468424439430236,0.0894219545904102,0.2958508438312145,0.9,0.15620924554288126,738088.685190114,738088.685190114,62.8,medium,medium,True
NBO-0179,-1.337228,36.908714,semi_permanent,RP25,25,0.04,4500000.0,0.04,ml_model,0.1453894227743148,0.5886480392689482,0.15590688999855037,0.24737682022892296,0.09006802301263377,0.29798834897481197,0.9,0.15733784825870073,708020.3171641533,0.0,63.2,medium,low,True
NBO-0042,-1.216402,36.823009,semi_permanent,RP25,25,0.04,3535000.0,0.04,ml_model,0.0,0.6325488913137273,0.1610409732655462,0.2658259654900966,0.11237329831166594,0.37178493001950663,0.9,0.1963024430502995,693929.1361828088,0.0,69.3,medium,low,True
NBO-0356,-1.203566,36.90393,informal_iron_sheet,RP25,25,0.04,1125000.0,0.2,proxy,0.4824559688568115,0.23632336718608085,0.1410298914628268,0.4824559688568115,0.3742820097842671,1.2383049434863662,0.95,0.6086406313505008,684720.7102693134,684720.7102693134,98.0,very_high,medium,True
NBO-0370,-1.259124,36.882024,informal_iron_sheet,RP25,25,0.04,1300000.0,0.2,known_hotspot,0.1853253692388534,0.5935998608149397,0.12481857194905963,0.42010949982592083,0.2989042545565904,0.9889190673628034,0.95,0.5250135803132616,682517.6544072401,42713.42362246993,96.3,very_high,high,True
NBO-0220,-1.200512,36.883541,semi_permanent,RP25,25,0.04,3360000.0,0.04,ml_model,0.2107815593481063,0.6381896048809055,0.21123777086309226,0.2681964512353709,0.11523924881464388,0.3812668730006037,0.9,0.20130890894431874,676397.934052911,268963.4884554775,69.8,medium,low,True
NBO-0390,-1.19186,36.849251,semi_permanent,RP25,25,0.04,5340000.0,0.04,ml_model,0.0,0.5540172108656645,0.14092690754657503,0.23282336274533547,0.07247268885873444,0.239774519040462,0.9,0.12660094605336392,676049.0519249634,0.0,57.2,medium,low,True
NBO-0398,-1.212112,36.947855,semi_permanent,RP25,25,0.04,3605000.0,0.04,proxy,0.2611806988716125,0.5324633964566834,0.15226777183458778,0.2611806988716125,0.10675710583792847,0.3532038635455701,0.9,0.186491639952061,672302.3620271799,672302.3620271799,67.8,medium,high,True
NBO-0223,-1.310199,36.777964,semi_permanent,RP25,25,0.04,2850000.0,0.1,ml_model,0.0,0.677966564607797,0.0887654045365092,0.2849125483922266,0.1354492446562244,0.4481312616280264,0.9,0.23208240446516215,661434.8527257121,0.0,75.2,high,low,True
NBO-0147,-1.186506,36.892392,informal_iron_sheet,RP25,25,0.04,2210000.0,0.1,ml_model,0.1754363030195236,0.7026063100673197,0.14139466183625635,0.2952672960111885,0.1479682797130415,0.48955025210387415,0.95,0.2949841210098596,651914.9074317897,14916.052208141062,86.0,high,low,True
NBO-0582,-1.260893,36.864061,informal_iron_sheet,RP25,25,0.04,2070000.0,0.1,ml_model,0.1008272171020507,0.7117774821953751,0.10854961629987926,0.29912144186314454,0.15262799608762184,0.5049668355116983,0.95,0.3023840810456152,625935.0477644234,0.0,88.2,high,low,True
NBO-0064,-1.192382,36.925331,informal_iron_sheet,RP25,25,0.04,1520000.0,0.1,ml_model,0.0937099829316139,0.8418245372765837,0.08137167404117278,0.3537731604114272,0.21870269009255797,0.7235737097048289,0.95,0.405608169367173,616524.4174381029,0.0,94.5,very_high,low,True
NBO-0342,-1.200346,36.858594,informal_iron_sheet,RP25,25,0.04,1900000.0,0.1,ml_model,0.0885274410247802,0.7306152368057609,0.13467270431052591,0.30703792764904364,0.16219913840102573,0.5366327786552947,0.95,0.31758373375454146,603409.0941336288,0.0,89.3,high,low,True
NBO-0507,-1.286124,36.862558,semi_permanent,RP25,25,0.04,2575000.0,0.1,known_hotspot,0.1114458739757537,0.6350868733233291,0.1246172299223489,0.28620159154581637,0.13700771590278468,0.4532874342423856,0.9,0.23406237474907607,602710.6149788708,0.0,76.3,high,high,True
NBO-0011,-1.198387,36.870224,informal_iron_sheet,RP25,25,0.04,1405000.0,0.1,ml_model,0.0079745389521121,0.8694181957809899,0.09684336983613413,0.3653692773504731,0.2327225580627847,0.7699581774610125,0.95,0.4264811798574556,599206.0576997251,0.0,95.5,very_high,low,True
NBO-0212,-1.317846,36.837696,semi_permanent,RP25,25,0.04,3325000.0,0.04,ml_model,0.0227607246488332,0.6123367988135268,0.07859706056765381,0.25733192008550804,0.10210387832121513,0.33780874840115227,0.9,0.17836301915580838,593057.0386930628,0.0,66.5,medium,low,True
NBO-0183,-1.218746,36.909908,semi_permanent,RP25,25,0.04,4535000.0,0.04,ml_model,0.1909132599830627,0.5556518370769921,0.1545168704852614,0.2335103074176107,0.07330321459927097,0.2425222977295629,0.9,0.12805177320120922,580714.7914674839,172723.67890317773,57.5,medium,low,True
NBO-0290,-1.266469,36.795974,semi_permanent,RP25,25,0.04,3005000.0,0.04,ml_model,0.0,0.6289227574925419,0.16480999890648218,0.2643020982645752,0.11053092146963624,0.36568946111742084,0.9,0.1930840354699982,580217.5265873446,0.0,68.8,medium,low,True
NBO-0483,-1.24542,36.771289,semi_permanent,RP25,25,0.04,5375000.0,0.04,known_hotspot,0.0,0.4892157135003546,0.21646943203673932,0.223790616223573,0.06155197166441006,0.2036435329534121,0.9,0.10752378539940158,577940.3465217835,0.0,53.7,medium,medium,True
NBO-0164,-1.318571,36.780133,semi_permanent,RP25,25,0.04,4000000.0,0.04,ml_model,0.0,0.572817804508535,0.179096325415964,0.2407242317936132,0.08202495031738948,0.271377995233573,0.9,0.14328758148332651,573150.325933306,0.0,60.8,medium,low,True
NBO-0244,-1.227495,36.945525,informal_iron_sheet,RP25,25,0.04,865000.0,0.2,proxy,0.5118399262428284,0.17969813129865692,0.16958692040077547,0.5118399262428284,0.4098076262608995,1.3558407730304336,0.95,0.6460770087182172,558856.6125412579,558856.6125412579,98.5,very_high,medium,True
NBO-0208,-1.266865,36.76677,informal_iron_sheet,RP25,25,0.04,1980000.0,0.1,ml_model,0.0,0.6839019245233713,0.17081496623948594,0.28740685800489846,0.13846489995103936,0.45810850007871395,0.95,0.2798920800377827,554186.3184748098,0.0,82.8,high,low,True
NBO-0268,-1.277204,36.92012,informal_iron_sheet,RP25,25,0.04,875000.0,0.2,proxy,0.4987740814685821,0.36026909959042375,0.1868187540405755,0.4987740814685821,0.3940108367306379,1.3035773939334485,0.95,0.630180539998038,551407.9724982833,551407.9724982833,98.3,very_high,medium,True
NBO-0008,-1.255438,36.943294,semi_permanent,RP25,25,0.04,4620000.0,0.04,ml_model,0.2259266525506973,0.5441601387106764,0.22345214629542992,0.22868097034138501,0.06746447836124407,0.22320494942466018,0.9,0.11785221329622057,544477.2254285391,517602.13484497106,55.3,medium,low,True
NBO-0443,-1.218721,36.942704,informal_iron_sheet,RP25,25,0.04,1445000.0,0.1,proxy,0.3351253569126129,0.44260612580847447,0.15360566745055412,0.3351253569126129,0.1961572341988009,0.6489824957095718,0.95,0.37151159794059446,536834.259024159,536834.259024159,93.3,very_high,medium,True
NBO-0129,-1.316017,36.795227,informal_iron_sheet,RP25,25,0.04,1550000.0,0.1,ml_model,0.0,0.7615380348545128,0.1304778601147249,0.3200331012393295,0.17791048547898777,0.5886134730164381,0.95,0.34253446704789026,530928.4239242299,0.0,92.5,very_high,low,True
NBO-0453,-1.329951,36.944419,informal_iron_sheet,RP25,25,0.04,935000.0,0.2,proxy,0.447554349899292,0.23540981508797532,0.13813862798182103,0.447554349899292,0.33208546310371545,1.098698467656288,0.95,0.5625704943265751,526003.4121953477,526003.4121953477,97.3,very_high,medium,True
NBO-0529,-1.27367,36.719198,semi_permanent,RP25,25,0.04,3100000.0,0.04,ml_model,0.0023091877810657,0.5989950672084312,0.13760072169474222,0.2517251144552453,0.09532517170035254,0.3153815258801014,0.9,0.1665214456646935,516216.4815605499,0.0,64.5,medium,low,True
NBO-0422,-1.281913,36.829603,semi_permanent,RP25,25,0.04,5305000.0,0.04,ml_model,0.1076729446649551,0.5196324340131638,0.13533683520161346,0.2183733073733403,0.05500236930756695,0.1819742975524813,0.9,0.09608242910771012,509717.28641640214,0.0,51.8,medium,low,True
NBO-0016,-1.306308,36.797577,semi_permanent,RP25,25,0.04,5030000.0,0.04,ml_model,0.0,0.5241462284584545,0.12208441775590834,0.22027021017867318,0.05729575139597731,0.18956190877381285,0.9,0.10008868783257317,503446.0997978431,0.0,52.5,medium,low,True
NBO-0123,-1.275351,36.872473,informal_iron_sheet,RP25,25,0.04,720000.0,0.2,proxy,0.5531253814697266,0.13097093312056093,0.11412955888525213,0.5531253814697266,0.4597223204998698,1.5209825939380264,0.95,0.6906653003632671,497279.01626155234,497279.01626155234,99.7,very_high,medium,True
NBO-0292,-1.248732,36.879753,informal_iron_sheet,RP25,25,0.04,865000.0,0.2,proxy,0.4501494169235229,0.3126046933372746,0.15188779601254568,0.4501494169235229,0.3352229355218403,1.1090787357532117,0.95,0.5659959827985599,489586.5251207543,489586.5251207543,97.5,very_high,medium,True
NBO-0359,-1.274801,36.721075,semi_permanent,RP25,25,0.04,3600000.0,0.04,ml_model,0.0,0.5633840178619006,0.13408315787372668,0.236759723313706,0.07723180397820496,0.25551996131394417,0.9,0.1349145395737625,485692.34246554505,0.0,59.0,medium,low,True
NBO-0265,-1.20795,36.939186,informal_iron_sheet,RP25,25,0.04,1650000.0,0.1,ml_model,0.2328504621982574,0.6949461344969768,0.13520840917652538,0.29204813999847157,0.1440762749573904,0.4766736280530064,0.95,0.28880334146544306,476525.51341798104,261232.496451991,84.3,high,low,True
NBO-0312,-1.27629,36.836385,semi_permanent,RP25,25,0.04,3975000.0,0.04,ml_model,0.0,0.5460219392337371,0.10830786453012879,0.2294633840462999,0.06841042750082779,0.22633460424431973,0.9,0.1195046710410008,475031.0673879782,0.0,56.2,medium,low,True
NBO-0097,-1.279198,36.745978,semi_permanent,RP25,25,0.04,5565000.0,0.04,ml_model,0.0,0.506622428210786,0.16345190756633354,0.21290590809252552,0.04839220691782458,0.1601047004292222,0.9,0.08453528182662932,470438.8433651922,0.0,50.2,medium,low,True
NBO-0135,-1.328732,36.927373,semi_permanent,RP25,25,0.04,4760000.0,0.04,ml_model,0.1276225000619888,0.5191583324889157,0.12245524532467172,0.2181740682360116,0.0547614863969743,0.18117734100316651,0.9,0.09566163604967193,455349.38759643835,0.0,51.7,medium,low,True
NBO-0043,-1.272502,36.757256,semi_permanent,RP25,25,0.04,3605000.0,0.04,ml_model,0.0,0.5509816559179808,0.12249949681691857,0.23154768376486903,0.0709303750848614,0.23467180311859626,0.9,0.12390671204661882,446683.69692806085,0.0,56.7,medium,low,True
NBO-0169,-1.274509,36.755653,semi_permanent,RP25,25,0.04,3735000.0,0.04,ml_model,0.0,0.5447928983874328,0.1226075705199948,0.22894688488855566,0.06778597277720172,0.22426860761334277,0.9,0.11841382481984497,442275.63570212096,0.0,55.5,medium,low,True
NBO-0532,-1.184216,36.946388,informal_iron_sheet,RP25,25,0.04,1245000.0,0.1,ml_model,0.1474845260381698,0.759574087185805,0.10238957099122535,0.3192077606334484,0.17691263711425134,0.5853121105929138,0.95,0.3409498130845986,424482.51729032525,0.0,92.3,very_high,low,True
NBO-0249,-1.201491,36.870552,semi_permanent,RP25,25,0.04,2705000.0,0.04,proxy,0.2466067969799041,0.5858659695534922,0.2279749686188499,0.2466067969799041,0.0891370541079568,0.2949082559787365,0.9,0.15571155915677284,421199.76751907053,421199.76751907053,62.5,medium,medium,True
NBO-0120,-1.255807,36.939727,informal_iron_sheet,RP25,25,0.04,1230000.0,0.1,ml_model,0.1707080602645874,0.7588322469962361,0.12741444700006602,0.3188960054674217,0.1765357207473584,0.5840650899288069,0.95,0.3403512431658273,418632.02909396763,0.0,92.0,very_high,low,True
NBO-0553,-1.323114,36.787484,semi_permanent,RP25,25,0.04,3040000.0,0.04,known_hotspot,0.0,0.42327931681921216,0.12015076880318708,0.23509053646517192,0.07521373367440444,0.2488432139198078,0.9,0.1313892169496585,399423.2195269618,0.0,58.3,medium,medium,True
NBO-0201,-1.270885,36.789166,informal_iron_sheet,RP25,25,0.04,1175000.0,0.1,ml_model,0.0,0.7522408803016827,0.12825092154632706,0.31612601181232275,0.17318675957984123,0.5729851153084111,0.95,0.33503285534803734,393663.6050339439,0.0,91.0,very_high,low,True
NBO-0406,-1.210983,36.840534,semi_permanent,RP25,25,0.04,3390000.0,0.04,ml_model,0.0,0.5421068523447434,0.1673028801766075,0.22781808553019173,0.06642123852587214,0.21975341017988703,0.9,0.11602980057498036,393341.0239491834,0.0,54.8,medium,low,True
NBO-0247,-1.186897,36.934355,informal_iron_sheet,RP25,25,0.04,1930000.0,0.04,proxy,0.2489110231399536,0.422626544163259,0.14667635275836904,0.2489110231399536,0.0919228958433623,0.3041251606189346,0.95,0.2007226060084968,387394.62959639885,387394.62959639885,71.5,medium,medium,True
NBO-0039,-1.265985,36.799534,informal_iron_sheet,RP25,25,0.04,1500000.0,0.04,ml_model,0.0,0.6562749118255679,0.09652636112291851,0.27579672410876876,0.12442808528316444,0.4116679644941952,0.95,0.2576006229572137,386400.93443582056,0.0,79.3,high,low,True
NBO-0081,-1.223301,36.827346,informal_iron_sheet,RP25,25,0.04,1670000.0,0.04,ml_model,0.0,0.6233596263451259,0.1768605404724369,0.26196421619930343,0.1077043892729225,0.35633793285633386,0.95,0.23104220777104026,385840.4869776372,0.0,75.7,high,low,True
NBO-0499,-1.269108,36.923782,informal_iron_sheet,RP25,25,0.04,1175000.0,0.1,proxy,0.311448335647583,0.5072540516813685,0.19345483431221938,0.311448335647583,0.16753138351026153,0.5542744106494522,0.95,0.326051717111737,383110.767606291,383110.767606291,90.2,very_high,high,True
NBO-0101,-1.30844,36.895244,informal_iron_sheet,RP25,25,0.04,1235000.0,0.1,known_hotspot,0.1572722345590591,0.6088399236938693,0.15569011864430402,0.3030995925958275,0.15743763610169237,0.5208794384424302,0.95,0.3100221304523665,382877.3311086726,0.0,88.7,high,high,True
NBO-0246,-1.271319,36.783572,semi_permanent,RP25,25,0.04,2350000.0,0.04,ml_model,0.0033656794112175,0.5923670816040104,0.12491272806545874,0.2489397318599326,0.09195760508834623,0.3042399954988505,0.9,0.16063871762339305,377500.9864149737,0.0,64.0,medium,low,True
NBO-0189,-1.241874,36.861843,informal_iron_sheet,RP25,25,0.04,900000.0,0.1,ml_model,0.0271627884358167,0.8437708358369794,0.10095106154868834,0.35459108405504414,0.21969157124592273,0.7268454042792967,0.95,0.4070804319256835,366372.38873311516,0.0,94.7,very_high,low,True
NBO-0537,-1.22413,36.847103,informal_iron_sheet,RP25,25,0.04,1275000.0,0.1,ml_model,0.0,0.6892671113990844,0.07250217890460978,0.2896615548368052,0.14119086003426204,0.467127287406341,0.95,0.2842210979550437,362381.8998926807,0.0,83.5,high,low,True
NBO-0066,-1.272078,36.865447,informal_iron_sheet,RP25,25,0.04,1120000.0,0.1,ml_model,0.0418705083429813,0.7323376823200486,0.09533735616005297,0.3077617780076913,0.16307428363384677,0.5395281800898852,0.95,0.3189735264431449,357250.3496163223,0.0,89.5,high,low,True
NBO-0191,-1.267964,36.843265,informal_iron_sheet,RP25,25,0.04,1045000.0,0.1,ml_model,0.0263926498591899,0.7595698689559885,0.12042523023842233,0.3192059879404139,0.17691049390351737,0.5853050198207757,0.95,0.3409464095139723,356288.9979421011,0.0,92.2,very_high,low,True
NBO-0245,-1.236395,36.870383,informal_iron_sheet,RP25,25,0.04,1470000.0,0.04,ml_model,0.1757399886846542,0.6336910393552218,0.2172427934153384,0.2663059483183525,0.11295360428093959,0.3737048613325302,0.95,0.2393783334396145,351886.15015623334,11100.080318364395,77.2,high,low,True
NBO-0136,-1.308288,36.930201,informal_iron_sheet,RP25,25,0.04,1520000.0,0.04,ml_model,0.0894166082143783,0.6223578368329097,0.12090486402426125,0.261543218442514,0.10719539708209044,0.3546539418291761,0.95,0.23023389207800452,349955.51595856686,0.0,75.5,high,low,True
NBO-0481,-1.206344,36.782704,informal_iron_sheet,RP25,25,0.04,1170000.0,0.1,ml_model,0.0,0.7073929070139571,0.07426368165115424,0.2972788429006459,0.1504002681066005,0.49759643966170364,0.95,0.29884629103761773,349650.16051401274,0.0,87.5,high,low,True
NBO-0474,-1.265397,36.874234,informal_iron_sheet,RP25,25,0.04,1190000.0,0.1,ml_model,0.1201084479689598,0.6998243013648885,0.10540422065655401,0.29409816875560246,0.1465547884685268,0.48487374308153,0.95,0.2927393966791344,348359.8820481699,0.0,85.3,high,low,True
NBO-0117,-1.258956,36.863648,informal_iron_sheet,RP25,25,0.04,1470000.0,0.04,ml_model,0.1767629981040954,0.6287367304193461,0.18288853531518726,0.26422392118290033,0.11043640428175859,0.36537675279072146,0.95,0.23538084133954632,346009.8367691331,15070.175273331786,76.7,high,low,True
NBO-0122,-1.207446,36.790624,semi_permanent,RP25,25,0.04,3745000.0,0.04,ml_model,0.0,0.5118601121643865,0.18792074206676646,0.21510702236688017,0.051053384937677554,0.16890915752664082,0.9,0.08918403517406635,333994.2117268785,0.0,50.8,medium,low,True
NBO-0050,-1.251175,36.850655,informal_iron_sheet,RP25,25,0.04,795000.0,0.1,ml_model,0.0,0.8477311024978804,0.06592686480126493,0.35625536917701445,0.22170371529357977,0.7335025447671779,0.95,0.4100761451452301,326010.53539045795,0.0,95.0,very_high,low,True
NBO-0530,-1.243356,36.83222,informal_iron_sheet,RP25,25,0.04,1710000.0,0.04,ml_model,0.0,0.5802798805166504,0.13009109461650814,0.24386013731278663,0.08581630405907863,0.28392161731026666,0.95,0.187388267424776,320433.93729636696,0.0,70.7,medium,low,True
NBO-0102,-1.222723,36.795885,semi_permanent,RP25,25,0.04,2150000.0,0.04,ml_model,0.0230146870017051,0.5726595922715308,0.1343995413657963,0.24065774377785423,0.08194456537409828,0.27111204317053705,0.9,0.14314715879404355,307766.3914071936,0.0,60.7,medium,low,True
NBO-0596,-1.268638,36.924316,informal_iron_sheet,RP25,25,0.04,640000.0,0.2,proxy,0.3933278918266296,0.37780763719730254,0.191158398078818,0.3933278918266296,0.26652491497644604,0.8817926353656385,0.95,0.47680668591453734,305156.2789853039,305156.2789853039,96.2,very_high,medium,True
NBO-0346,-1.306948,36.801566,informal_iron_sheet,RP25,25,0.04,1700000.0,0.04,ml_model,0.0,0.5731518000396923,0.10944899300402065,0.24086459198672788,0.08219464775887673,0.27193943600603165,0.95,0.1794800277639809,305116.04719876754,0.0,69.2,medium,low,True
NBO-0347,-1.274636,36.749664,informal_iron_sheet,RP25,25,0.04,960000.0,0.1,proxy,0.2982476651668548,0.15633380661208682,0.11530390700355155,0.2982476651668548,0.15157158781045152,0.5014717287265393,0.95,0.30070642978873885,288678.1725971893,288678.1725971893,87.8,high,high,True
NBO-0360,-1.306434,36.778519,informal_iron_sheet,RP25,25,0.04,1340000.0,0.04,ml_model,0.0,0.6036711244421494,0.09696527573528134,0.25369020750324434,0.09770099674825201,0.32324189807209747,0.95,0.21333965272758432,285875.134654963,0.0,72.8,medium,low,True
NBO-0579,-1.284944,36.872587,informal_iron_sheet,RP25,25,0.04,1100000.0,0.04,ml_model,0.0394090451300144,0.6582342925243975,0.12054128046745081,0.27662014546509633,0.1254236132482806,0.41496164991950546,0.95,0.25918159196136265,285099.7511574989,0.0,79.5,high,low,True
NBO-0563,-1.25133,36.949922,informal_iron_sheet,RP25,25,0.04,1345000.0,0.04,ml_model,0.2357229739427566,0.6024323843371878,0.20866642581317446,0.2531696322735434,0.09707161399647905,0.3211595971532937,0.95,0.21196533412117383,285093.3743929788,223143.77999202104,72.5,medium,low,True
NBO-0127,-1.290697,36.873831,semi_permanent,RP25,25,0.04,3180000.0,0.04,ml_model,0.0345160253345966,0.5121227462114275,0.1355522567346533,0.21521739320158395,0.05118682482436068,0.16935064086545593,0.9,0.08941713837696073,284346.50003873516,0.0,51.0,medium,low,True
NBO-0333,-1.271368,36.72167,informal_iron_sheet,RP25,25,0.04,1585000.0,0.04,ml_model,0.0,0.5697070648206606,0.12442794755112307,0.23941695674772676,0.0804444364574104,0.26614889505002715,0.95,0.17565827073301793,278418.35911183344,0.0,68.7,medium,low,True
NBO-0494,-1.291975,36.831562,informal_iron_sheet,RP25,25,0.04,2070000.0,0.04,ml_model,0.0,0.5309891154928686,0.12006874110069396,0.2231459041805786,0.060772505764824195,0.20106468478143458,0.95,0.13270269195574683,274694.57234839594,0.0,61.5,medium,low,True
NBO-0019,-1.215378,36.786757,semi_permanent,RP25,25,0.04,2160000.0,0.04,ml_model,0.0,0.553601922227134,0.18692653375042353,0.23264883947162432,0.07226168777380028,0.2390764259456174,0.9,0.126232352899286,272661.88226245774,0.0,57.0,medium,low,True
NBO-0067,-1.290213,36.862364,informal_iron_sheet,RP25,25,0.04,1155000.0,0.04,ml_model,0.0,0.6236234989098738,0.1414121282766606,0.26207510751577506,0.10783845842936071,0.3567814981222204,0.95,0.23125511909866578,267099.662558959,0.0,76.0,high,low,True
NBO-0082,-1.245203,36.83545,informal_iron_sheet,RP25,25,0.04,1090000.0,0.04,ml_model,0.0,0.6353995907166355,0.11679088656218498,0.26702395971869497,0.11382169013130071,0.3765769069339,0.95,0.240756915328272,262425.0377078165,0.0,77.5,high,low,True
NBO-0037,-1.331936,36.925473,informal_iron_sheet,RP25,25,0.04,780000.0,0.1,ml_model,0.0,0.7539539589099131,0.11310413926497825,0.316845925768772,0.17405714564721153,0.5758647711342082,0.95,0.33641509014441995,262403.77031264757,0.0,91.3,very_high,low,True
NBO-0053,-1.288657,36.893632,informal_iron_sheet,RP25,25,0.04,805000.0,0.1,ml_model,0.0,0.7189170376160721,0.1413716574398448,0.30212180948521905,0.1562554826113209,0.5169683059999963,0.95,0.30814478687999824,248056.55343839858,0.0,88.5,high,low,True
NBO-0395,-1.288387,36.922284,informal_iron_sheet,RP25,25,0.04,925000.0,0.1,ml_model,0.1207952201366424,0.6678164425877734,0.10402572676157154,0.28064700303618095,0.13029214051290472,0.43106908020384394,0.95,0.2669131584978451,246894.6716105067,0.0,80.3,high,low,True
NBO-0525,-1.339053,36.852392,informal_iron_sheet,RP25,25,0.04,1140000.0,0.04,ml_model,0.0304293073713779,0.6054840999813459,0.1362479477089062,0.2544521027175667,0.09862213874501648,0.32628947892938687,0.95,0.21535105609339533,245500.2039464707,0.0,73.5,medium,low,True
NBO-0126,-1.210898,36.776869,informal_iron_sheet,RP25,25,0.04,925000.0,0.04,proxy,0.2796441912651062,0.16142656294927132,0.10741335780035154,0.2796441912651062,0.12907972702109888,0.4270578331195449,0.95,0.26498775989738155,245113.67790507793,245113.67790507793,80.2,high,medium,True
NBO-0367,-1.279863,36.946799,informal_iron_sheet,RP25,25,0.04,1430000.0,0.04,ml_model,0.2002120167016983,0.5652234671628138,0.11184567427656375,0.23753274401313335,0.07816639684245348,0.2586120441116535,0.95,0.1706839491136913,244078.04723257857,103184.837486449,68.0,medium,low,True
NBO-0327,-1.285088,36.818006,informal_iron_sheet,RP25,25,0.04,1080000.0,0.04,ml_model,0.0,0.6150068884186478,0.09411202117524432,0.2584540138192466,0.10346050537835204,0.3422971233361065,0.95,0.22430261920133113,242246.8287374376,0.0,74.5,medium,low,True
NBO-0213,-1.287925,36.788302,informal_iron_sheet,RP25,25,0.04,1440000.0,0.04,ml_model,0.0,0.5619710634874646,0.10907763122290828,0.2361659352825582,0.07651390592295491,0.2531448091893529,0.95,0.16707557406497292,240588.826653561,0.0,67.7,medium,low,True
NBO-0205,-1.289884,36.819049,semi_permanent,RP25,25,0.04,3240000.0,0.04,proxy,0.2068036645650863,0.3420086425137934,0.15516382066896756,0.2068036645650863,0.041014508932665464,0.13569572631946536,0.9,0.07164734349667772,232137.3929292358,232137.3929292358,49.0,low,medium,True
NBO-0298,-1.323806,36.853642,semi_permanent,RP25,25,0.04,2400000.0,0.04,ml_model,0.0,0.5134986849160135,0.10132630163697139,0.21579562555583268,0.05188591584813123,0.17166357028245083,0.9,0.09063836510913403,217532.07626192167,0.0,51.2,medium,low,True
NBO-0023,-1.255021,36.762602,informal_iron_sheet,RP25,25,0.04,885000.0,0.04,ml_model,0.0,0.6389301341899891,0.1776390761019914,0.26850765550948164,0.11561549914548626,0.38251169009704666,0.95,0.2436056112465824,215590.96595322542,0.0,78.0,high,low,True
NBO-0594,-1.325088,36.940654,informal_iron_sheet,RP25,25,0.04,1090000.0,0.04,ml_model,0.133851945400238,0.5862328905104066,0.13304817809553832,0.2463618642953063,0.08884092705803961,0.2939285252403453,0.95,0.1939928266586279,211452.1810579044,0.0,70.8,medium,low,True
NBO-0181,-1.195501,36.89562,informal_iron_sheet,RP25,25,0.04,865000.0,0.04,ml_model,0.1580795347690582,0.6373139219914957,0.14907683699054086,0.2678284492473237,0.11479432925128294,0.37979486504841486,0.95,0.24230153522323913,209590.82796810186,0.0,77.7,high,low,True
NBO-0349,-1.343824,36.902898,informal_iron_sheet,RP25,25,0.04,1540000.0,0.04,ml_model,0.0437379330396652,0.5339973821814095,0.12724596797819546,0.22441011538688116,0.06230095483894167,0.20612152960664476,0.95,0.13604020954038554,209501.92269219374,0.0,61.8,medium,low,True
NBO-0307,-1.335209,36.897649,informal_iron_sheet,RP25,25,0.04,960000.0,0.04,ml_model,0.1050631180405616,0.6060713107272682,0.12559913278513354,0.2546988755214155,0.09892049052490876,0.3272765701447822,0.95,0.21600253629555624,207362.434843734,0.0,73.7,medium,low,True
NBO-0424,-1.290479,36.84768,informal_iron_sheet,RP25,25,0.04,900000.0,0.04,ml_model,0.0708576738834381,0.6117557204452496,0.14839303983958962,0.2570877243871299,0.10180864229797092,0.3368319656076397,0.95,0.22167934349166707,199511.40914250037,0.0,74.0,medium,low,True
NBO-0446,-1.29806,36.939987,informal_iron_sheet,RP25,25,0.04,1330000.0,0.04,ml_model,0.1593229323625564,0.5409067172584198,0.11441942481773858,0.22731373389441864,0.06581147032663144,0.21773600363679468,0.95,0.1437057624002845,191128.66399237837,0.0,63.8,medium,low,True
NBO-0018,-1.274224,36.862993,informal_iron_sheet,RP25,25,0.04,715000.0,0.04,ml_model,0.0046982602216303,0.6536639572790751,0.12739856543627157,0.2746994816304352,0.12310150374225544,0.40727899458086103,0.95,0.2554939173988133,182678.15094015148,0.0,78.7,high,low,True
NBO-0392,-1.199582,36.834712,informal_iron_sheet,RP25,25,0.04,730000.0,0.04,ml_model,0.0,0.6471327578818311,0.12327777264160317,0.271954773024631,0.11978311255386109,0.39630016015764413,0.95,0.25022407687566917,182663.57611923848,0.0,78.3,high,low,True
NBO-0524,-1.285827,36.901408,informal_iron_sheet,RP25,25,0.04,655000.0,0.1,ml_model,0.0,0.6784664909864861,0.11294613296979601,0.28512264031415374,0.13570324873556516,0.4489716293157351,0.95,0.27550638207155287,180456.68025686714,0.0,81.8,high,low,True
NBO-0076,-1.305358,36.913093,informal_iron_sheet,RP25,25,0.04,995000.0,0.04,ml_model,0.0,0.5722435164396048,0.10197296932506375,0.24048288968948628,0.08173316432960563,0.27041262681706524,0.95,0.17847233369926305,177579.97203076674,0.0,69.0,medium,low,True
NBO-0150,-1.315498,36.888282,informal_iron_sheet,RP25,25,0.04,635000.0,0.1,ml_model,0.0480966456234455,0.6729927924058854,0.12417252473523656,0.2828223419024879,0.13292215570302707,0.4397704356690717,0.95,0.27108980912115443,172142.02879193306,0.0,81.0,high,low,True
NBO-0378,-1.232748,36.807252,semi_permanent,RP25,25,0.04,1970000.0,0.04,ml_model,0.0,0.5025843521594617,0.14819872046860866,0.21120892390710339,0.04634052924397571,0.15331676368753366,0.9,0.08095125122701777,159473.964917225,0.0,49.7,low,low,True
NBO-0296,-1.278423,36.873103,informal_iron_sheet,RP25,25,0.04,1230000.0,0.04,proxy,0.2212733775377273,0.5036118292387786,0.14677932592522264,0.2212733775377273,0.058508594798635946,0.19357457821002932,0.95,0.12775922161861936,157143.8425909018,157143.8425909018,61.0,medium,high,True
NBO-0573,-1.209108,36.843527,informal_iron_sheet,RP25,25,0.04,705000.0,0.04,ml_model,0.0461423248052597,0.607757113648056,0.17612737250848137,0.25540732698690416,0.09977701827999033,0.33011037600673676,0.95,0.21787284816444627,153600.35795593463,0.0,73.8,medium,low,True
NBO-0332,-1.210051,36.840545,informal_iron_sheet,RP25,25,0.04,975000.0,0.04,ml_model,0.0,0.5513890082656715,0.1757210225443503,0.23171887184630674,0.07113734387557373,0.23535655544434708,0.95,0.15533532659326907,151451.94342843734,0.0,65.3,medium,low,True
NBO-0235,-1.290382,36.928578,informal_iron_sheet,RP25,25,0.04,675000.0,0.04,ml_model,0.1120080575346946,0.6142666907313645,0.11608022803612972,0.25814294890777867,0.10308442353889886,0.3410528636902348,0.95,0.2237053745713127,151001.12783563609,0.0,74.3,medium,low,True
NBO-0568,-1.215505,36.766714,informal_iron_sheet,RP25,25,0.04,1325000.0,0.04,ml_model,0.0,0.5138844512861297,0.15654028816797375,0.21595774222254088,0.0520819171712439,0.17231203694928365,0.95,0.11372594438652721,150686.87631214855,0.0,58.0,medium,low,True
NBO-0166,-1.273681,36.816244,informal_iron_sheet,RP25,25,0.04,630000.0,0.04,ml_model,0.0,0.6322840540579293,0.13155964879245166,0.2657146687663382,0.1122387390121337,0.37133974312447293,0.95,0.238243076699747,150093.1383208406,0.0,77.0,high,low,True
NBO-0464,-1.29875,36.943049,informal_iron_sheet,RP25,25,0.04,610000.0,0.04,ml_model,0.0811929255723953,0.6384705128932093,0.11123798945429282,0.2683145016257992,0.11538197339187417,0.3817390745623168,0.95,0.24323475578991208,148373.20103184637,0.0,77.8,high,low,True
NBO-0229,-1.184356,36.908604,informal_iron_sheet,RP25,25,0.04,570000.0,0.04,ml_model,0.2379405349493026,0.6559134429200268,0.11444856902606322,0.2756448183476022,0.12424442908802025,0.41106034144952885,0.95,0.25730896389577385,146666.1094205911,97903.49479555152,79.2,high,low,True
NBO-0006,-1.297331,36.917333,informal_iron_sheet,RP25,25,0.04,625000.0,0.04,ml_model,0.1324349194765091,0.6200445198002321,0.13136275586042223,0.26057105685604903,0.10602004009322877,0.35076529548331625,0.95,0.2283673418319918,142729.5886449949,0.0,75.0,high,low,True
NBO-0161,-1.264529,36.758589,informal_iron_sheet,RP25,25,0.04,1240000.0,0.04,ml_model,0.0,0.5146561676750533,0.11639516325332852,0.2162820527335341,0.052474013126241725,0.1736092789932565,0.95,0.1145821241355493,142081.83392808112,0.0,58.2,medium,low,True
NBO-0001,-1.219963,36.789855,informal_iron_sheet,RP25,25,0.04,625000.0,0.04,ml_model,0.0,0.6119282766904172,0.16590945537249976,0.257160240410955,0.10189631518753364,0.33712202970294003,0.95,0.22181857425741122,138636.608910882,0.0,74.2,medium,low,True
NBO-0396,-1.202279,36.766078,informal_iron_sheet,RP25,25,0.04,1185000.0,0.04,ml_model,0.0,0.5165274808934521,0.15331013514287736,0.21706846410796893,0.05342479550432699,0.17675492449099584,0.95,0.11665825016405725,138240.02644440785,0.0,58.5,medium,low,True
NBO-0262,-1.313656,36.769023,informal_iron_sheet,RP25,25,0.04,495000.0,0.1,ml_model,0.0,0.6745313176105198,0.15992453573368037,0.2834689005378266,0.13370385415864858,0.44235667021042646,0.95,0.2723312017010047,134803.94484199735,0.0,81.3,high,low,True
NBO-0428,-1.211801,36.839118,informal_iron_sheet,RP25,25,0.04,1070000.0,0.04,ml_model,0.0,0.5168804931339585,0.17941824207741824,0.21721681599183282,0.05360415501198277,0.1773483320264514,0.95,0.11704989913745792,125243.39207707997,0.0,58.7,medium,low,True
NBO-0427,-1.344614,36.914871,informal_iron_sheet,RP25,25,0.04,1150000.0,0.04,ml_model,0.0384162925183773,0.5060145944551989,0.12600510503766096,0.21265046855709163,0.04808337693792841,0.15908294228748665,0.95,0.10499474190974119,120743.95319620236,0.0,56.3,medium,low,True
NBO-0462,-1.315129,36.829882,informal_iron_sheet,RP25,25,0.04,910000.0,0.04,ml_model,0.0019488359102979,0.5269666466015581,0.08717279409518014,0.2214554788373838,0.0587287578231907,0.19430298340865537,0.95,0.12823996904971255,116698.37183523842,0.0,61.2,medium,low,True
NBO-0094,-1.271576,36.791682,informal_iron_sheet,RP25,25,0.04,695000.0,0.04,ml_model,0.1444067060947418,0.5578829556422151,0.13760614391056727,0.2344479254497782,0.07443680794664657,0.24627276985823288,0.95,0.1625400281064337,112965.31953397141,0.0,66.7,medium,low,True
NBO-0431,-1.339077,36.900695,informal_iron_sheet,RP25,25,0.04,560000.0,0.04,proxy,0.2480089515447616,0.4507793127488741,0.1678279170499463,0.2480089515447616,0.09083227863669205,0.30051687423816653,0.95,0.19834113699718992,111071.03671842636,111071.03671842636,71.3,medium,medium,True
NBO-0521,-1.311918,36.827583,informal_iron_sheet,RP25,25,0.04,1680000.0,0.04,known_hotspot,0.1949077397584915,0.44778196596626435,0.1464805738442055,0.19791530445435046,0.030268356933736123,0.10014228587652196,0.95,0.0660939086785045,111037.76657988755,97698.61564081383,50.0,medium,medium,True
NBO-0055,-1.338598,36.861152,informal_iron_sheet,RP25,25,0.04,695000.0,0.04,ml_model,0.1093970388174057,0.5552198745464051,0.1254464622816848,0.23332877701209478,0.07308374179373679,0.24179617610749926,0.95,0.1595854762309495,110911.90598050991,0.0,66.3,medium,low,True
NBO-0539,-1.312574,36.820574,informal_iron_sheet,RP25,25,0.04,490000.0,0.04,known_hotspot,0.0576923601329326,0.5687398459365968,0.13462308195820855,0.2478307596837513,0.09061684217827538,0.2998041067941253,0.95,0.1978707104841227,96956.64813722012,0.0,71.2,medium,high,True
NBO-0361,-1.260813,36.895214,informal_iron_sheet,RP25,25,0.04,485000.0,0.04,ml_model,0.1997514367103576,0.5787423615977165,0.1504502409035648,0.24321400156470868,0.08503511688008474,0.28133707431795485,0.95,0.1856824690498502,90055.99748917735,34406.52944966623,70.2,medium,low,True
NBO-0437,-1.323597,36.803865,informal_iron_sheet,RP25,25,0.04,600000.0,0.04,ml_model,0.0,0.5291607743280812,0.12089943377866755,0.2223775516278368,0.05984355675537126,0.19799127457046728,0.95,0.13067424121650842,78404.54472990506,0.0,61.3,medium,low,True
NBO-0034,-1.306502,36.792338,semi_permanent,RP25,25,0.04,5695000.0,0.04,known_hotspot,0.12514628469944,0.42043533208894657,0.12092692529973016,0.17916178715968842,0.007595091578569907,0.025128216697873795,0.9,0.013267698416477363,75559.54248183858,0.0,44.3,low,medium,True
NBO-0294,-1.28955,36.779763,informal_iron_sheet,RP25,25,0.04,715000.0,0.04,proxy,0.2126947343349456,0.19232612272601066,0.10840315918746397,0.2126947343349456,0.04813689488401106,0.1592600053989025,0.95,0.10511160356327566,75154.7965477421,75154.7965477421,56.5,medium,medium,True
NBO-0232,-1.284456,36.786377,informal_iron_sheet,RP25,25,0.04,680000.0,0.04,proxy,0.2111669778823852,0.2225041142381822,0.12000528787137638,0.2111669778823852,0.04628981591195983,0.15314897958866092,0.95,0.1010783265285162,68733.26203939102,68733.26203939102,55.2,medium,medium,True
NBO-0451,-1.286896,36.782238,informal_iron_sheet,RP25,25,0.04,850000.0,0.04,proxy,0.1974048018455505,0.21724574565923557,0.10248054132809443,0.1974048018455505,0.02965115212186222,0.09810027544132216,0.95,0.06474618179127263,55034.25452258174,55034.25452258174,49.8,low,medium,True
NBO-0434,-1.317629,36.800261,informal_iron_sheet,RP25,25,0.04,910000.0,0.04,proxy,0.1806525737047195,0.46573991267749176,0.1546621025173607,0.1806525737047195,0.00939747341405748,0.031091362877998074,0.95,0.020520299499478728,18673.47254452564,18673.47254452564,45.0,low,medium,True
NBO-0000,-1.314897,36.935883,semi_permanent,RP25,25,0.04,5170000.0,0.004,proxy,0.0232857968658208,0.18181914144990097,0.13915352873937112,0.0232857968658208,0.0,0.0,0.9,0.0,0.0,0.0,36.3,low,medium,True
NBO-0003,-1.194103,36.84782,semi_permanent,RP25,25,0.04,7945000.0,0.01,proxy,0.1139633804559707,0.40495941600144536,0.16879223941119292,0.1139633804559707,0.0,0.0,0.9,0.0,0.0,0.0,42.5,low,medium,True
NBO-0004,-1.263191,36.773582,semi_permanent,RP25,25,0.04,12400000.0,0.01,proxy,0.1406206041574478,0.4276917923277679,0.15111415169590986,0.1406206041574478,0.0,0.0,0.9,0.0,0.0,0.0,43.5,low,medium,True
NBO-0007,-1.29008,36.791035,informal_iron_sheet,RP25,25,0.04,660000.0,0.0,none,0.0,0.35967362787844587,0.10142248284144587,0.0,0.0,0.0,0.95,0.0,0.0,0.0,0.0,negligible,medium,True
NBO-0009,-1.337945,36.756131,permanent_masonry,RP25,25,0.04,42965000.0,0.0,none,0.0,0.004585902317345632,0.005777141276468233,0.0,0.0,0.0,0.85,0.0,0.0,0.0,0.0,negligible,medium,True
NBO-0010,-1.275674,36.901374,semi_permanent,RP25,25,0.04,3960000.0,0.01,known_hotspot,0.0,0.3317637066189998,0.13269581742486816,0.1233221926313701,0.0,0.0,0.9,0.0,0.0,0.0,43.2,low,medium,True
NBO-0012,-1.238124,36.817765,permanent_masonry,RP25,25,0.04,35135000.0,0.01,proxy,0.1145584806799888,0.32075294068716675,0.1585809605981732,0.1145584806799888,0.0,0.0,0.85,0.0,0.0,0.0,42.0,low,medium,True
NBO-0013,-1.191036,36.707701,informal_iron_sheet,RP25,25,0.04,520000.0,0.0,none,0.0,5.0283658534140535e-05,0.00031461529509869344,0.0,0.0,0.0,0.95,0.0,0.0,0.0,0.0,negligible,medium,True
NBO-0015,-1.332391,36.843408,permanent_masonry,RP25,25,0.04,35180000.0,0.0,none,0.0,0.09594539696443412,0.05466151923658058,0.0,0.0,0.0,0.85,0.0,0.0,0.0,0.0,negligible,medium,True
NBO-0017,-1.224443,36.78867,semi_permanent,RP25,25,0.04,5185000.0,0.0,none,0.0,0.4524325582194302,0.1282952535716271,0.0,0.0,0.0,0.9,0.0,0.0,0.0,0.0,negligible,medium,True
NBO-0022,-1.30153,36.713801,permanent_masonry,RP25,25,0.04,48815000.0,0.0,none,0.0,0.3169372552235441,0.14085439481965328,0.0,0.0,0.0,0.85,0.0,0.0,0.0,0.0,negligible,medium,True
NBO-0025,-1.346206,36.904539,semi_permanent,RP25,25,0.04,3935000.0,0.0,none,0.0,0.490576147353565,0.10201066538119516,0.0,0.0,0.0,0.9,0.0,0.0,0.0,0.0,negligible,medium,True
NBO-0030,-1.281853,36.761267,informal_iron_sheet,RP25,25,0.04,755000.0,0.004,known_hotspot,0.0,0.27254447097286083,0.07818485403983684,0.03205382797798736,0.0,0.0,0.95,0.0,0.0,0.0,38.2,low,medium,True
NBO-0032,-1.315429,36.938988,informal_iron_sheet,RP25,25,0.04,670000.0,0.004,proxy,0.035210084170103,0.1917471835398378,0.1264473942699909,0.035210084170103,0.0,0.0,0.95,0.0,0.0,0.0,38.5,low,medium,True
NBO-0040,-1.313586,36.81551,concrete_rcc,RP25,25,0.04,341070000.0,0.01,known_hotspot,0.1382979452610016,0.4843046623768014,0.11627422504465829,0.16320461456798263,0.0,0.0,0.8,0.0,0.0,0.0,43.0,low,medium,True
NBO-0041,-1.347614,36.723077,concrete_rcc,RP25,25,0.04,263095000.0,0.0,none,0.0,0.0025454067751920478,0.004293682533524385,0.0,0.0,0.0,0.8,0.0,0.0,0.0,0.0,negligible,medium,True
NBO-0044,-1.266109,36.723283,semi_permanent,RP25,25,0.04,3690000.0,0.0,none,0.0,0.3984844184127737,0.12377941928816577,0.0,0.0,0.0,0.9,0.0,0.0,0.0,0.0,negligible,medium,True
NBO-0045,-1.286932,36.722819,concrete_rcc,RP25,25,0.04,427250000.0,0.01,proxy,0.130946010351181,0.0869349704387955,0.06004084086217655,0.130946010351181,0.0,0.0,0.8,0.0,0.0,0.0,41.8,low,medium,True
NBO-0046,-1.288172,36.753956,permanent_masonry,RP25,25,0.04,76160000.0,0.004,known_hotspot,0.0,0.34074679487663306,0.11454451313557062,0.03578829206206638,0.0,0.0,0.85,0.0,0.0,0.0,37.3,low,medium,True
NBO-0048,-1.255831,36.744796,permanent_masonry,RP25,25,0.04,43405000.0,0.0,none,0.0,0.0103431321892681,0.007635682392707464,0.0,0.0,0.0,0.85,0.0,0.0,0.0,0.0,negligible,medium,True
NBO-0054,-1.345737,36.708724,informal_iron_sheet,RP25,25,0.04,1860000.0,0.0,none,0.0,0.24099148354047226,0.09214568639853536,0.0,0.0,0.0,0.95,0.0,0.0,0.0,0.0,negligible,medium,True
NBO-0059,-1.242227,36.738945,permanent_masonry,RP25,25,0.04,31905000.0,0.0,none,0.0,0.035400316581336515,0.024173730134887727,0.0,0.0,0.0,0.85,0.0,0.0,0.0,0.0,negligible,medium,True
NBO-0061,-1.290067,36.706319,semi_permanent,RP25,25,0.04,5495000.0,0.0,none,0.0,0.2565585809112713,0.08912564019567883,0.0,0.0,0.0,0.9,0.0,0.0,0.0,0.0,negligible,medium,True
NBO-0062,-1.278869,36.715366,semi_permanent,RP25,25,0.04,6215000.0,0.0,none,0.0,0.49855263288562857,0.1436385104497038,0.0,0.0,0.0,0.9,0.0,0.0,0.0,0.0,negligible,medium,True
NBO-0063,-1.194166,36.733674,semi_permanent,RP25,25,0.04,2720000.0,0.0,none,0.0,0.008495456467683241,0.006937121015518223,0.0,0.0,0.0,0.9,0.0,0.0,0.0,0.0,negligible,medium,True
NBO-0068,-1.339728,36.77344,informal_iron_sheet,RP25,25,0.04,1240000.0,0.0,none,0.0,0.014201682609880808,0.009034632111365805,0.0,0.0,0.0,0.95,0.0,0.0,0.0,0.0,negligible,medium,True
NBO-0070,-1.316407,36.820467,permanent_masonry,RP25,25,0.04,34970000.0,0.004,known_hotspot,0.0,0.4930510812722062,0.09412850618564753,0.08160008671859882,0.0,0.0,0.85,0.0,0.0,0.0,39.8,low,medium,True
NBO-0072,-1.203775,36.813551,concrete_rcc,RP25,25,0.04,1196260000.0,0.0,none,0.0,0.0173132863698468,0.009913806303497297,0.0,0.0,0.0,0.8,0.0,0.0,0.0,0.0,negligible,medium,True
NBO-0077,-1.298235,36.947971,informal_iron_sheet,RP25,25,0.04,510000.0,0.01,proxy,0.1006443053483963,0.25085333303413715,0.12517883791586792,0.1006443053483963,0.0,0.0,0.95,0.0,0.0,0.0,42.2,low,medium,True
NBO-0078,-1.297084,36.756761,permanent_masonry,RP25,25,0.04,71955000.0,0.0,none,0.0,0.4697302190238303,0.1383671398476014,0.0,0.0,0.0,0.85,0.0,0.0,0.0,0.0,negligible,medium,True
NBO-0080,-1.204947,36.819248,concrete_rcc,RP25,25,0.04,534130000.0,0.004,proxy,0.0685459449887275,0.019945752403925873,0.01480347624520731,0.0685459449887275,0.0,0.0,0.8,0.0,0.0,0.0,38.0,low,medium,True
NBO-0083,-1.334989,36.72296,semi_permanent,RP25,25,0.04,3375000.0,0.0,none,0.0,0.0005018599749097458,0.0014286389621417043,0.0,0.0,0.0,0.9,0.0,0.0,0.0,0.0,negligible,medium,True
NBO-0085,-1.273428,36.851099,concrete_rcc,RP25,25,0.04,491280000.0,0.0,none,0.0,0.3522773218369387,0.12769587727207685,0.0,0.0,0.0,0.8,0.0,0.0,0.0,0.0,negligible,medium,True
NBO-0086,-1.232924,36.726327,informal_iron_sheet,RP25,25,0.04,1010000.0,0.0,none,0.0,0.0031434477913934184,0.005324723436082269,0.0,0.0,0.0,0.95,0.0,0.0,0.0,0.0,negligible,medium,True
NBO-0092,-1.333203,36.716242,semi_permanent,RP25,25,0.04,4880000.0,0.0,none,0.0,0.0015810350579657116,0.0034420101443953157,0.0,0.0,0.0,0.9,0.0,0.0,0.0,0.0,negligible,medium,True
NBO-0093,-1.299334,36.855565,informal_iron_sheet,RP25,25,0.04,1040000.0,0.0,none,0.0,0.3798144607683111,0.11685335955788033,0.0,0.0,0.0,0.95,0.0,0.0,0.0,0.0,negligible,medium,True
NBO-0095,-1.224116,36.795335,semi_permanent,RP25,25,0.04,4705000.0,0.01,proxy,0.158087283372879,0.34923770041897795,0.14898335310583044,0.158087283372879,0.0,0.0,0.9,0.0,0.0,0.0,44.0,low,medium,True
NBO-0096,-1.201989,36.740738,informal_iron_sheet,RP25,25,0.04,1010000.0,0.0,none,0.0,0.03584491169132114,0.01811857217914306,0.0,0.0,0.0,0.95,0.0,0.0,0.0,0.0,negligible,medium,True
NBO-0098,-1.29751,36.948272,semi_permanent,RP25,25,0.04,5545000.0,0.004,proxy,0.0561462230980396,0.30788207618137436,0.1403779612965136,0.0561462230980396,0.0,0.0,0.9,0.0,0.0,0.0,39.0,low,medium,True
NBO-0103,-1.306432,36.73854,semi_permanent,RP25,25,0.04,2925000.0,0.0,none,0.0,0.3121650312146827,0.12512646744492775,0.0,0.0,0.0,0.9,0.0,0.0,0.0,0.0,negligible,medium,True
NBO-0105,-1.23934,36.801209,permanent_masonry,RP25,25,0.04,43850000.0,0.0,none,0.0,0.06843059957986865,0.03518859396880359,0.0,0.0,0.0,0.85,0.0,0.0,0.0,0.0,negligible,medium,True
NBO-0106,-1.296068,36.800864,semi_permanent,RP25,25,0.04,3435000.0,0.004,proxy,0.0255433842539787,0.21329058272590232,0.0869102887299219,0.0255433842539787,0.0,0.0,0.9,0.0,0.0,0.0,36.8,low,medium,True
NBO-0107,-1.213736,36.721958,permanent_masonry,RP25,25,0.04,55225000.0,0.0,none,0.0,0.0007406019269593149,0.0015528481815348615,0.0,0.0,0.0,0.85,0.0,0.0,0.0,0.0,negligible,medium,True
NBO-0108,-1.295765,36.805226,semi_permanent,RP25,25,0.04,4520000.0,0.0,none,0.0,0.3112908491768503,0.1005339305757571,0.0,0.0,0.0,0.9,0.0,0.0,0.0,0.0,negligible,medium,True
NBO-0109,-1.207673,36.712984,informal_iron_sheet,RP25,25,0.04,1090000.0,0.0,none,0.0,0.00022599209496522568,0.0010401236136964075,0.0,0.0,0.0,0.95,0.0,0.0,0.0,0.0,negligible,medium,True
NBO-0111,-1.334044,36.793712,informal_iron_sheet,RP25,25,0.04,1090000.0,0.0,none,0.0,0.07322167344910052,0.03948665925300725,0.0,0.0,0.0,0.95,0.0,0.0,0.0,0.0,negligible,medium,True
NBO-0115,-1.340624,36.784613,semi_permanent,RP25,25,0.04,5820000.0,0.0,none,0.0,0.013482710689090332,0.012100662237530467,0.0,0.0,0.0,0.9,0.0,0.0,0.0,0.0,negligible,medium,True
NBO-0116,-1.335686,36.707985,informal_iron_sheet,RP25,25,0.04,970000.0,0.0,none,0.0,0.13225317808584813,0.06100983455369176,0.0,0.0,0.0,0.95,0.0,0.0,0.0,0.0,negligible,medium,True
NBO-0118,-1.228914,36.724864,semi_permanent,RP25,25,0.04,6680000.0,0.0,none,0.0,0.001275776044950714,0.0020891923829455643,0.0,0.0,0.0,0.9,0.0,0.0,0.0,0.0,negligible,medium,True
NBO-0119,-1.321806,36.758701,semi_permanent,RP25,25,0.04,3215000.0,0.004,proxy,0.0631742551922798,0.3532737803797209,0.10188290591151827,0.0631742551922798,0.0,0.0,0.9,0.0,0.0,0.0,39.7,low,medium,True
NBO-0124,-1.181446,36.767437,informal_iron_sheet,RP25,25,0.04,930000.0,0.0,none,0.0,0.3659644793000544,0.116879148057461,0.0,0.0,0.0,0.95,0.0,0.0,0.0,0.0,negligible,medium,True
NBO-0125,-1.183533,36.792047,informal_iron_sheet,RP25,25,0.04,900000.0,0.0,none,0.0,0.09965233876925406,0.0433316202785814,0.0,0.0,0.0,0.95,0.0,0.0,0.0,0.0,negligible,medium,True
NBO-0128,-1.321205,36.719321,informal_iron_sheet,RP25,25,0.04,910000.0,0.0,none,0.0,0.0056082231108103495,0.006464267554504395,0.0,0.0,0.0,0.95,0.0,0.0,0.0,0.0,negligible,medium,True
NBO-0134,-1.313321,36.705669,permanent_masonry,RP25,25,0.04,53635000.0,0.0,none,0.0,0.17310490334105394,0.07512182491884763,0.0,0.0,0.0,0.85,0.0,0.0,0.0,0.0,negligible,medium,True
NBO-0139,-1.33467,36.848323,permanent_masonry,RP25,25,0.04,67680000.0,0.0,none,0.0,0.298874780525084,0.10257596869950052,0.0,0.0,0.0,0.85,0.0,0.0,0.0,0.0,negligible,medium,True
NBO-0140,-1.324226,36.772249,permanent_masonry,RP25,25,0.04,49900000.0,0.0,none,0.0,0.4220355100846752,0.144427106562328,0.0,0.0,0.0,0.85,0.0,0.0,0.0,0.0,negligible,medium,True
NBO-0143,-1.227186,36.774168,informal_iron_sheet,RP25,25,0.04,1100000.0,0.0,none,0.0,0.05486072842800128,0.030677625853041526,0.0,0.0,0.0,0.95,0.0,0.0,0.0,0.0,negligible,medium,True
NBO-0148,-1.221177,36.725933,informal_iron_sheet,RP25,25,0.04,925000.0,0.0,none,0.0,0.0012179164291206798,0.002315837538437121,0.0,0.0,0.0,0.95,0.0,0.0,0.0,0.0,negligible,medium,True
NBO-0152,-1.184332,36.749384,informal_iron_sheet,RP25,25,0.04,1110000.0,0.0,none,0.0,0.06769860311807684,0.029326944734584498,0.0,0.0,0.0,0.95,0.0,0.0,0.0,0.0,negligible,medium,True
NBO-0153,-1.245369,36.735718,permanent_masonry,RP25,25,0.04,64995000.0,0.0,none,0.0,0.01967377381252584,0.01694105708214196,0.0,0.0,0.0,0.85,0.0,0.0,0.0,0.0,negligible,medium,True
NBO-0154,-1.324387,36.883553,permanent_masonry,RP25,25,0.04,40495000.0,0.0,none,0.0,0.14055168201168927,0.06845388830172706,0.0,0.0,0.0,0.85,0.0,0.0,0.0,0.0,negligible,medium,True
NBO-0157,-1.209491,36.725,permanent_masonry,RP25,25,0.04,36455000.0,0.0,none,0.0,0.0024004458362474656,0.0039672414619155655,0.0,0.0,0.0,0.85,0.0,0.0,0.0,0.0,negligible,medium,True
NBO-0162,-1.207852,36.738724,permanent_masonry,RP25,25,0.04,33235000.0,0.0,none,0.0,0.02199034432340677,0.012769741574912162,0.0,0.0,0.0,0.85,0.0,0.0,0.0,0.0,negligible,medium,True
NBO-0163,-1.342246,36.823872,informal_iron_sheet,RP25,25,0.04,900000.0,0.0,none,0.0,0.480609051232946,0.11519089636820308,0.0,0.0,0.0,0.95,0.0,0.0,0.0,0.0,negligible,medium,True
NBO-0165,-1.315888,36.912665,informal_iron_sheet,RP25,25,0.04,1320000.0,0.004,proxy,0.0557259246706962,0.12186875446355144,0.08189222081001894,0.0557259246706962,0.0,0.0,0.95,0.0,0.0,0.0,40.3,low,medium,True
NBO-0167,-1.194379,36.756692,informal_iron_sheet,RP25,25,0.04,1245000.0,0.004,proxy,0.0631651803851127,0.4029223920217416,0.13348905897229668,0.0631651803851127,0.0,0.0,0.95,0.0,0.0,0.0,40.5,low,medium,True
NBO-0170,-1.292702,36.875973,informal_iron_sheet,RP25,25,0.04,1245000.0,0.0,none,0.0,0.16502890780061485,0.07052291332936769,0.0,0.0,0.0,0.95,0.0,0.0,0.0,0.0,negligible,medium,True
NBO-0173,-1.230335,36.759392,permanent_masonry,RP25,25,0.04,53255000.0,0.0,none,0.0,0.0677255229652451,0.036716949605533455,0.0,0.0,0.0,0.85,0.0,0.0,0.0,0.0,negligible,medium,True
NBO-0175,-1.341161,36.791211,concrete_rcc,RP25,25,0.04,457070000.0,0.0,none,0.0,0.02867627594885297,0.013941420678822043,0.0,0.0,0.0,0.8,0.0,0.0,0.0,0.0,negligible,medium,True
NBO-0176,-1.212321,36.722038,informal_iron_sheet,RP25,25,0.04,1370000.0,0.0,none,0.0,0.0008555970267328925,0.0016483718125827,0.0,0.0,0.0,0.95,0.0,0.0,0.0,0.0,negligible,medium,True
NBO-0177,-1.182082,36.738428,permanent_masonry,RP25,25,0.04,102100000.0,0.0,none,0.0,0.0072427297668969486,0.004808858571331609,0.0,0.0,0.0,0.85,0.0,0.0,0.0,0.0,negligible,medium,True
NBO-0180,-1.333631,36.756666,semi_permanent,RP25,25,0.04,5520000.0,0.0,none,0.0,0.021053732443264424,0.0181794308961476,0.0,0.0,0.0,0.9,0.0,0.0,0.0,0.0,negligible,medium,True
NBO-0182,-1.319569,36.720591,informal_iron_sheet,RP25,25,0.04,1360000.0,0.0,none,0.0,0.01061667907409155,0.010529957509291065,0.0,0.0,0.0,0.95,0.0,0.0,0.0,0.0,negligible,medium,True
NBO-0184,-1.221434,36.878747,permanent_masonry,RP25,25,0.04,36975000.0,0.0,none,0.0,0.49444602744499133,0.08853499985791297,0.0,0.0,0.0,0.85,0.0,0.0,0.0,0.0,negligible,medium,True
NBO-0185,-1.28124,36.722067,semi_permanent,RP25,25,0.04,4485000.0,0.0,none,0.0,0.3643583542729904,0.12299037836908715,0.0,0.0,0.0,0.9,0.0,0.0,0.0,0.0,negligible,medium,True
NBO-0186,-1.311268,36.710595,concrete_rcc,RP25,25,0.04,993560000.0,0.0,none,0.0,0.2150178730701556,0.10226860762366476,0.0,0.0,0.0,0.8,0.0,0.0,0.0,0.0,negligible,medium,True
NBO-0187,-1.330025,36.762867,informal_iron_sheet,RP25,25,0.04,805000.0,0.0,none,0.0,0.1030311378664077,0.045908687641358914,0.0,0.0,0.0,0.95,0.0,0.0,0.0,0.0,negligible,medium,True
NBO-0188,-1.301215,36.744807,semi_permanent,RP25,25,0.04,3595000.0,0.0,none,0.0,0.15066547140164446,0.058171322041086757,0.0,0.0,0.0,0.9,0.0,0.0,0.0,0.0,negligible,medium,True
NBO-0190,-1.20887,36.81776,concrete_rcc,RP25,25,0.04,464040000.0,0.0,none,0.0,0.04990270928856754,0.025523811285984434,0.0,0.0,0.0,0.8,0.0,0.0,0.0,0.0,negligible,medium,True
NBO-0192,-1.329844,36.771296,semi_permanent,RP25,25,0.04,4215000.0,0.0,none,0.0,0.013378364051541976,0.012136900940015485,0.0,0.0,0.0,0.9,0.0,0.0,0.0,0.0,negligible,medium,True
NBO-0194,-1.264517,36.725531,concrete_rcc,RP25,25,0.04,395825000.0,0.0,none,0.0,0.33495746199760396,0.11271389347069087,0.0,0.0,0.0,0.8,0.0,0.0,0.0,0.0,negligible,medium,True
NBO-0197,-1.343618,36.947469,informal_iron_sheet,RP25,25,0.04,2575000.0,0.004,proxy,0.0544748902320861,0.22254085685713798,0.12598699208050107,0.0544748902320861,0.0,0.0,0.95,0.0,0.0,0.0,40.0,low,medium,True
NBO-0199,-1.344312,36.819906,permanent_masonry,RP25,25,0.04,32725000.0,0.004,proxy,0.0267174895852804,0.4580335349493864,0.13501424722657654,0.0267174895852804,0.0,0.0,0.85,0.0,0.0,0.0,36.2,low,medium,True
NBO-0202,-1.318579,36.742962,permanent_masonry,RP25,25,0.04,31350000.0,0.0,none,0.0,0.45584283717566537,0.15079867419304754,0.0,0.0,0.0,0.85,0.0,0.0,0.0,0.0,negligible,medium,True
NBO-0207,-1.319881,36.761287,permanent_masonry,RP25,25,0.04,32605000.0,0.0,none,0.0,0.47662014531309027,0.1549125614411903,0.0,0.0,0.0,0.85,0.0,0.0,0.0,0.0,negligible,medium,True
NBO-0214,-1.285278,36.707129,informal_iron_sheet,RP25,25,0.04,695000.0,0.0,none,0.0,0.4504846349966073,0.14474416902573414,0.0,0.0,0.0,0.95,0.0,0.0,0.0,0.0,negligible,medium,True
NBO-0215,-1.235394,36.793707,informal_iron_sheet,RP25,25,0.04,925000.0,0.0,none,0.0,0.0762338301618669,0.034798202562116375,0.0,0.0,0.0,0.95,0.0,0.0,0.0,0.0,negligible,medium,True
NBO-0219,-1.307356,36.740224,informal_iron_sheet,RP25,25,0.04,1245000.0,0.0,none,0.0,0.301174551808621,0.14454004016667543,0.0,0.0,0.0,0.95,0.0,0.0,0.0,0.0,negligible,medium,True
NBO-0221,-1.328457,36.847573,concrete_rcc,RP25,25,0.04,1129100000.0,0.004,proxy,0.0106329144909977,0.3284166950623097,0.10062705612616726,0.0106329144909977,0.0,0.0,0.8,0.0,0.0,0.0,34.5,low,medium,True
NBO-0225,-1.285168,36.767894,permanent_masonry,RP25,25,0.04,49225000.0,0.0,none,0.0,0.45738170567386016,0.14357408765990423,0.0,0.0,0.0,0.85,0.0,0.0,0.0,0.0,negligible,medium,True
NBO-0227,-1.26086,36.717133,permanent_masonry,RP25,25,0.04,68610000.0,0.0,none,0.0,0.1804022672412847,0.08017343395446418,0.0,0.0,0.0,0.85,0.0,0.0,0.0,0.0,negligible,medium,True
NBO-0230,-1.332177,36.762032,informal_iron_sheet,RP25,25,0.04,1055000.0,0.0,none,0.0,0.0709773930933144,0.03688879247432663,0.0,0.0,0.0,0.95,0.0,0.0,0.0,0.0,negligible,medium,True
NBO-0231,-1.33616,36.789645,concrete_rcc,RP25,25,0.04,1455240000.0,0.0,none,0.0,0.015428666639303864,0.009082194855735996,0.0,0.0,0.0,0.8,0.0,0.0,0.0,0.0,negligible,medium,True
NBO-0234,-1.226429,36.738966,semi_permanent,RP25,25,0.04,7695000.0,0.0,none,0.0,0.010387317327482812,0.010112877086188155,0.0,0.0,0.0,0.9,0.0,0.0,0.0,0.0,negligible,medium,True
NBO-0236,-1.187621,36.72315,semi_permanent,RP25,25,0.04,9120000.0,0.0,none,0.0,0.0008578802541732187,0.0014984996505824856,0.0,0.0,0.0,0.9,0.0,0.0,0.0,0.0,negligible,medium,True
NBO-0237,-1.199153,36.70927,concrete_rcc,RP25,25,0.04,697740000.0,0.0,none,0.0,5.0776675592966177e-05,0.00027589544901381345,0.0,0.0,0.0,0.8,0.0,0.0,0.0,0.0,negligible,medium,True
NBO-0239,-1.188579,36.716339,permanent_masonry,RP25,25,0.04,37440000.0,0.0,none,0.0,0.00027306329644746747,0.0008364756625144935,0.0,0.0,0.0,0.85,0.0,0.0,0.0,0.0,negligible,medium,True
NBO-0248,-1.303397,36.719771,permanent_masonry,RP25,25,0.04,67115000.0,0.0,none,0.0,0.21042446092216618,0.07508592648937867,0.0,0.0,0.0,0.85,0.0,0.0,0.0,0.0,negligible,medium,True
NBO-0250,-1.309464,36.727057,concrete_rcc,RP25,25,0.04,346390000.0,0.004,proxy,0.0657281130552291,0.28380828363961436,0.10832060984437872,0.0657281130552291,0.0,0.0,0.8,0.0,0.0,0.0,37.8,low,medium,True
NBO-0251,-1.310908,36.74482,semi_permanent,RP25,25,0.04,3695000.0,0.0,none,0.0,0.40447102112807026,0.1198555549729505,0.0,0.0,0.0,0.9,0.0,0.0,0.0,0.0,negligible,medium,True
NBO-0253,-1.197507,36.82492,semi_permanent,RP25,25,0.04,5710000.0,0.0,none,0.0,0.25426395010958236,0.09254737784857112,0.0,0.0,0.0,0.9,0.0,0.0,0.0,0.0,negligible,medium,True
NBO-0254,-1.225363,36.713396,informal_iron_sheet,RP25,25,0.04,1930000.0,0.0,none,0.0,0.00016058025613904914,0.0005109026620798728,0.0,0.0,0.0,0.95,0.0,0.0,0.0,0.0,negligible,medium,True
NBO-0256,-1.32265,36.834249,semi_permanent,RP25,25,0.04,3650000.0,0.0,none,0.0,0.4335756627058733,0.08522006274194528,0.0,0.0,0.0,0.9,0.0,0.0,0.0,0.0,negligible,medium,True
NBO-0257,-1.23058,36.769731,concrete_rcc,RP25,25,0.04,1181605000.0,0.004,known_hotspot,0.0,0.05753632966044178,0.025009715572301597,0.03751815456308388,0.0,0.0,0.8,0.0,0.0,0.0,36.0,low,medium,True
NBO-0260,-1.328899,36.747618,semi_permanent,RP25,25,0.04,10010000.0,0.0,none,0.0,0.2491301410371159,0.09063634981672344,0.0,0.0,0.0,0.9,0.0,0.0,0.0,0.0,negligible,medium,True
NBO-0261,-1.23631,36.777251,concrete_rcc,RP25,25,0.04,823910000.0,0.01,known_hotspot,0.0211133081465959,0.25744856941695804,0.07599994978224305,0.10722211395301535,0.0,0.0,0.8,0.0,0.0,0.0,41.3,low,medium,True
NBO-0263,-1.240543,36.762234,semi_permanent,RP25,25,0.04,3240000.0,0.004,known_hotspot,0.0,0.4447416472379719,0.12316378161832016,0.062042808614037756,0.0,0.0,0.9,0.0,0.0,0.0,39.5,low,medium,True
NBO-0264,-1.194188,36.709318,concrete_rcc,RP25,25,0.04,850565000.0,0.0,none,0.0,7.80923621236049e-05,0.00042889813445541993,0.0,0.0,0.0,0.8,0.0,0.0,0.0,0.0,negligible,medium,True
NBO-0269,-1.230379,36.705483,semi_permanent,RP25,25,0.04,3310000.0,0.0,none,0.0,0.00010870786741375232,0.00045352339753067694,0.0,0.0,0.0,0.9,0.0,0.0,0.0,0.0,negligible,medium,True
NBO-0270,-1.22036,36.726497,permanent_masonry,RP25,25,0.04,106590000.0,0.0,none,0.0,0.0016421689926224689,0.003035039910609108,0.0,0.0,0.0,0.85,0.0,0.0,0.0,0.0,negligible,medium,True
NBO-0271,-1.238975,36.704695,semi_permanent,RP25,25,0.04,3125000.0,0.0,none,0.0,0.00021471587650150035,0.001179809967496735,0.0,0.0,0.0,0.9,0.0,0.0,0.0,0.0,negligible,medium,True
NBO-0272,-1.268976,36.707647,permanent_masonry,RP25,25,0.04,84745000.0,0.0,none,0.0,0.4707893373873312,0.14738214441419528,0.0,0.0,0.0,0.85,0.0,0.0,0.0,0.0,negligible,medium,True
NBO-0273,-1.224272,36.70066,semi_permanent,RP25,25,0.04,3775000.0,0.0,none,0.0,0.00011327947904536049,0.00038594374363430976,0.0,0.0,0.0,0.9,0.0,0.0,0.0,0.0,negligible,medium,True
NBO-0276,-1.341675,36.788527,informal_iron_sheet,RP25,25,0.04,2025000.0,0.0,none,0.0,0.020212347492843095,0.01197255736834949,0.0,0.0,0.0,0.95,0.0,0.0,0.0,0.0,negligible,medium,True
NBO-0277,-1.316557,36.932,semi_permanent,RP25,25,0.04,3990000.0,0.004,proxy,0.0851205959916114,0.12527774716369924,0.09048380417427432,0.0851205959916114,0.0,0.0,0.9,0.0,0.0,0.0,41.0,low,medium,True
NBO-0280,-1.286231,36.892072,concrete_rcc,RP25,25,0.04,609445000.0,0.004,known_hotspot,0.0034659986849874,0.4362296469085145,0.12484984510139743,0.004866627253643489,0.0,0.0,0.8,0.0,0.0,0.0,33.8,low,medium,True
NBO-0281,-1.187574,36.830611,permanent_masonry,RP25,25,0.04,24840000.0,0.0,none,0.0,0.4772815425542254,0.11908375073010831,0.0,0.0,0.0,0.85,0.0,0.0,0.0,0.0,negligible,medium,True
NBO-0282,-1.338431,36.714023,permanent_masonry,RP25,25,0.04,46565000.0,0.0,none,0.0,0.006766070228547596,0.008487178101008503,0.0,0.0,0.0,0.85,0.0,0.0,0.0,0.0,negligible,medium,True
NBO-0283,-1.295195,36.729934,informal_iron_sheet,RP25,25,0.04,850000.0,0.0,none,0.0,0.08981159828164322,0.04428903257379217,0.0,0.0,0.0,0.95,0.0,0.0,0.0,0.0,negligible,medium,True
NBO-0284,-1.27871,36.781699,semi_permanent,RP25,25,0.04,11015000.0,0.01,known_hotspot,0.0482361502945423,0.48320927506874467,0.12743259829843395,0.147455420904916,0.0,0.0,0.9,0.0,0.0,0.0,43.8,low,medium,True
NBO-0285,-1.308304,36.733992,semi_permanent,RP25,25,0.04,3770000.0,0.0,none,0.0,0.44114557116505754,0.13246398456994718,0.0,0.0,0.0,0.9,0.0,0.0,0.0,0.0,negligible,medium,True
NBO-0287,-1.305027,36.717376,informal_iron_sheet,RP25,25,0.04,700000.0,0.0,none,0.0,0.3870183120691367,0.10811995088634213,0.0,0.0,0.0,0.95,0.0,0.0,0.0,0.0,negligible,medium,True
NBO-0289,-1.185153,36.790811,semi_permanent,RP25,25,0.04,3625000.0,0.0,none,0.0,0.09342398361695198,0.03812956783540545,0.0,0.0,0.0,0.9,0.0,0.0,0.0,0.0,negligible,medium,True
NBO-0291,-1.309713,36.71976,permanent_masonry,RP25,25,0.04,25425000.0,0.004,proxy,0.0076628164388239,0.2156193552544424,0.07829409606660076,0.0076628164388239,0.0,0.0,0.85,0.0,0.0,0.0,34.7,low,medium,True
NBO-0295,-1.33716,36.794091,permanent_masonry,RP25,25,0.04,62920000.0,0.0,none,0.0,0.0719400735146425,0.03497459307860244,0.0,0.0,0.0,0.85,0.0,0.0,0.0,0.0,negligible,medium,True
NBO-0297,-1.213308,36.732977,semi_permanent,RP25,25,0.04,4370000.0,0.0,none,0.0,0.007666855868836697,0.0074434719862643715,0.0,0.0,0.0,0.9,0.0,0.0,0.0,0.0,negligible,medium,True
NBO-0299,-1.298429,36.785526,semi_permanent,RP25,25,0.04,2280000.0,0.004,known_hotspot,0.0,0.14164180466676352,0.05147505839614439,0.00507722671968464,0.0,0.0,0.9,0.0,0.0,0.0,34.2,low,medium,True
NBO-0303,-1.326648,36.769993,concrete_rcc,RP25,25,0.04,305250000.0,0.0,none,0.0,0.22154995096778105,0.09753771948495372,0.0,0.0,0.0,0.8,0.0,0.0,0.0,0.0,negligible,medium,True
NBO-0304,-1.32852,36.797975,permanent_masonry,RP25,25,0.04,58110000.0,0.004,known_hotspot,0.0,0.3486850186171976,0.11311143265994995,0.009007544343668489,0.0,0.0,0.85,0.0,0.0,0.0,35.0,low,medium,True
NBO-0309,-1.230274,36.759232,semi_permanent,RP25,25,0.04,6120000.0,0.0,none,0.0,0.06601281312567112,0.03672925279034786,0.0,0.0,0.0,0.9,0.0,0.0,0.0,0.0,negligible,medium,True
NBO-0310,-1.193935,36.823109,permanent_masonry,RP25,25,0.04,37675000.0,0.0,none,0.0,0.26666942576507735,0.09593060307668429,0.0,0.0,0.0,0.85,0.0,0.0,0.0,0.0,negligible,medium,True
NBO-0313,-1.204866,36.703881,permanent_masonry,RP25,25,0.04,49505000.0,0.0,none,0.0,3.247220421114138e-05,0.0002893830537231651,0.0,0.0,0.0,0.85,0.0,0.0,0.0,0.0,negligible,medium,True
NBO-0314,-1.182174,36.721902,permanent_masonry,RP25,25,0.04,114670000.0,0.0,none,0.0,0.0007521009422793809,0.0017626179622125954,0.0,0.0,0.0,0.85,0.0,0.0,0.0,0.0,negligible,medium,True
NBO-0315,-1.181293,36.796118,semi_permanent,RP25,25,0.04,3770000.0,0.0,none,0.0,0.04058719510998407,0.01790148067377903,0.0,0.0,0.0,0.9,0.0,0.0,0.0,0.0,negligible,medium,True
NBO-0317,-1.245344,36.806905,informal_iron_sheet,RP25,25,0.04,2150000.0,0.0,none,0.0,0.19798764541028555,0.07978070648038373,0.0,0.0,0.0,0.95,0.0,0.0,0.0,0.0,negligible,medium,True
NBO-0318,-1.332425,36.855886,informal_iron_sheet,RP25,25,0.04,1335000.0,0.0,none,0.0,0.34915150684232826,0.09790030265497719,0.0,0.0,0.0,0.95,0.0,0.0,0.0,0.0,negligible,medium,True
NBO-0320,-1.348242,36.720226,semi_permanent,RP25,25,0.04,4105000.0,0.0,none,0.0,0.005331665589691122,0.006874267845502807,0.0,0.0,0.0,0.9,0.0,0.0,0.0,0.0,negligible,medium,True
NBO-0321,-1.214463,36.819394,semi_permanent,RP25,25,0.04,3110000.0,0.0,none,0.0,0.452163794504986,0.13910278620116046,0.0,0.0,0.0,0.9,0.0,0.0,0.0,0.0,negligible,medium,True
NBO-0322,-1.317859,36.80791,concrete_rcc,RP25,25,0.04,394920000.0,0.01,proxy,0.0951244160532951,0.4422046546494407,0.13891077792044548,0.0951244160532951,0.0,0.0,0.8,0.0,0.0,0.0,40.2,low,medium,True
NBO-0323,-1.269099,36.814491,permanent_masonry,RP25,25,0.04,36045000.0,0.01,known_hotspot,0.0,0.4996790480654245,0.1344164165450847,0.11801240312020368,0.0,0.0,0.85,0.0,0.0,0.0,42.3,low,medium,True
NBO-0328,-1.341179,36.819429,semi_permanent,RP25,25,0.04,5435000.0,0.0,none,0.0,0.44379228322016095,0.11270571751012913,0.0,0.0,0.0,0.9,0.0,0.0,0.0,0.0,negligible,medium,True
NBO-0330,-1.344911,36.819275,permanent_masonry,RP25,25,0.04,56410000.0,0.004,proxy,0.037077147513628,0.468458687973857,0.14518554897076957,0.037077147513628,0.0,0.0,0.85,0.0,0.0,0.0,37.5,low,medium,True
NBO-0331,-1.299253,36.714793,semi_permanent,RP25,25,0.04,3410000.0,0.0,none,0.0,0.23436208079432003,0.08396105554824591,0.0,0.0,0.0,0.9,0.0,0.0,0.0,0.0,negligible,medium,True
NBO-0337,-1.182634,36.829649,semi_permanent,RP25,25,0.04,7645000.0,0.0,none,0.0,0.1804706296180766,0.08201049095854394,0.0,0.0,0.0,0.9,0.0,0.0,0.0,0.0,negligible,medium,True
NBO-0341,-1.346872,36.949269,semi_permanent,RP25,25,0.04,6365000.0,0.004,proxy,0.0418274588882923,0.09967832406275254,0.0976433808933743,0.0418274588882923,0.0,0.0,0.9,0.0,0.0,0.0,38.3,low,medium,True
NBO-0348,-1.317463,36.783427,concrete_rcc,RP25,25,0.04,626905000.0,0.01,proxy,0.1504411995410919,0.3930347130435967,0.14446173147963806,0.1504411995410919,0.0,0.0,0.8,0.0,0.0,0.0,42.7,low,medium,True
NBO-0350,-1.292185,36.740383,concrete_rcc,RP25,25,0.04,475860000.0,0.004,proxy,0.0534680858254432,0.0856109558360067,0.04105879140431351,0.0534680858254432,0.0,0.0,0.8,0.0,0.0,0.0,37.7,low,medium,True
NBO-0351,-1.241881,36.815722,informal_iron_sheet,RP25,25,0.04,1350000.0,0.0,none,0.0,0.49721165796228145,0.10732852366883018,0.0,0.0,0.0,0.95,0.0,0.0,0.0,0.0,negligible,medium,True
NBO-0353,-1.331766,36.81104,concrete_rcc,RP25,25,0.04,393455000.0,0.0,none,0.0,0.4037851359489272,0.11507122507883584,0.0,0.0,0.0,0.8,0.0,0.0,0.0,0.0,negligible,medium,True
NBO-0355,-1.347451,36.709257,informal_iron_sheet,RP25,25,0.04,1065000.0,0.0,none,0.0,0.19130836288621064,0.07941089832177431,0.0,0.0,0.0,0.95,0.0,0.0,0.0,0.0,negligible,medium,True
NBO-0357,-1.347865,36.718488,permanent_masonry,RP25,25,0.04,48595000.0,0.0,none,0.0,0.006516281752070474,0.008030585810075472,0.0,0.0,0.0,0.85,0.0,0.0,0.0,0.0,negligible,medium,True
NBO-0363,-1.265965,36.71004,permanent_masonry,RP25,25,0.04,41830000.0,0.01,proxy,0.1573828756809234,0.26998642177375287,0.10595592973339703,0.1573828756809234,0.0,0.0,0.85,0.0,0.0,0.0,43.7,low,medium,True
NBO-0366,-1.294328,36.79296,informal_iron_sheet,RP25,25,0.04,805000.0,0.004,proxy,0.0217334646731615,0.11814540484772969,0.0777920847524783,0.0217334646731615,0.0,0.0,0.95,0.0,0.0,0.0,37.0,low,medium,True
NBO-0369,-1.304822,36.734471,semi_permanent,RP25,25,0.04,5615000.0,0.0,none,0.0,0.28221531386312687,0.10449505226346954,0.0,0.0,0.0,0.9,0.0,0.0,0.0,0.0,negligible,medium,True
NBO-0373,-1.333748,36.718557,permanent_masonry,RP25,25,0.04,104225000.0,0.0,none,0.0,0.0009103183899530682,0.0025224037723611675,0.0,0.0,0.0,0.85,0.0,0.0,0.0,0.0,negligible,medium,True
NBO-0374,-1.306874,36.704134,informal_iron_sheet,RP25,25,0.04,1175000.0,0.0,none,0.0,0.44282443307108443,0.14471324309348108,0.0,0.0,0.0,0.95,0.0,0.0,0.0,0.0,negligible,medium,True
NBO-0377,-1.240753,36.808486,semi_permanent,RP25,25,0.04,6520000.0,0.01,proxy,0.0881503224372863,0.11283308823616067,0.05575113928489143,0.0881503224372863,0.0,0.0,0.9,0.0,0.0,0.0,41.2,low,medium,True
NBO-0380,-1.256632,36.748659,permanent_masonry,RP25,25,0.04,75325000.0,0.004,known_hotspot,0.0,0.02428417284240902,0.01443235499615238,0.012353817522104973,0.0,0.0,0.85,0.0,0.0,0.0,35.3,low,medium,True
NBO-0381,-1.305364,36.729212,permanent_masonry,RP25,25,0.04,49750000.0,0.0,none,0.0,0.4596865633889593,0.12065397056419913,0.0,0.0,0.0,0.85,0.0,0.0,0.0,0.0,negligible,medium,True
NBO-0382,-1.287241,36.888335,informal_iron_sheet,RP25,25,0.04,1785000.0,0.004,proxy,0.0494835041463375,0.38491428102093234,0.0883671467298374,0.0494835041463375,0.0,0.0,0.95,0.0,0.0,0.0,39.3,low,medium,True
NBO-0383,-1.306754,36.710739,concrete_rcc,RP25,25,0.04,941095000.0,0.0,none,0.0,0.38218768572768785,0.1300415853128758,0.0,0.0,0.0,0.8,0.0,0.0,0.0,0.0,negligible,medium,True
NBO-0385,-1.20217,36.825202,informal_iron_sheet,RP25,25,0.04,590000.0,0.0,none,0.0,0.09065018131454915,0.03975208295586523,0.0,0.0,0.0,0.95,0.0,0.0,0.0,0.0,negligible,medium,True
NBO-0386,-1.290194,36.745156,permanent_masonry,RP25,25,0.04,76960000.0,0.004,known_hotspot,0.0,0.27532531466042115,0.09756811284910609,0.004941889996280462,0.0,0.0,0.85,0.0,0.0,0.0,34.0,low,medium,True
NBO-0387,-1.229012,36.757269,semi_permanent,RP25,25,0.04,2525000.0,0.0,none,0.0,0.060417472151971276,0.03557291853558759,0.0,0.0,0.0,0.9,0.0,0.0,0.0,0.0,negligible,medium,True
NBO-0393,-1.333316,36.714996,semi_permanent,RP25,25,0.04,3390000.0,0.0,none,0.0,0.002400409360212549,0.004364652548387999,0.0,0.0,0.0,0.9,0.0,0.0,0.0,0.0,negligible,medium,True
NBO-0394,-1.223109,36.877667,informal_iron_sheet,RP25,25,0.04,1385000.0,0.0,none,0.0,0.3765775058558609,0.08752637402671211,0.0,0.0,0.0,0.95,0.0,0.0,0.0,0.0,negligible,medium,True
NBO-0397,-1.334262,36.797507,concrete_rcc,RP25,25,0.04,950380000.0,0.0,none,0.0,0.26094290322257446,0.09548328900335051,0.0,0.0,0.0,0.8,0.0,0.0,0.0,0.0,negligible,medium,True
NBO-0400,-1.183815,36.732616,permanent_masonry,RP25,25,0.04,59920000.0,0.0,none,0.0,0.0024969058580201764,0.002425855683922287,0.0,0.0,0.0,0.85,0.0,0.0,0.0,0.0,negligible,medium,True
NBO-0401,-1.225953,36.743443,informal_iron_sheet,RP25,25,0.04,885000.0,0.0,none,0.0,0.01773107185580475,0.015717877162236837,0.0,0.0,0.0,0.95,0.0,0.0,0.0,0.0,negligible,medium,True
NBO-0402,-1.317633,36.764405,permanent_masonry,RP25,25,0.04,86790000.0,0.004,proxy,0.0331294387578964,0.45944509691803204,0.15161610867810507,0.0331294387578964,0.0,0.0,0.85,0.0,0.0,0.0,37.2,low,medium,True
NBO-0405,-1.182548,36.704197,permanent_masonry,RP25,25,0.04,86580000.0,0.0,none,0.0,6.826736196339851e-06,8.14116929982666e-05,0.0,0.0,0.0,0.85,0.0,0.0,0.0,0.0,negligible,medium,True
NBO-0407,-1.253995,36.750024,semi_permanent,RP25,25,0.04,3505000.0,0.0,none,0.0,0.08963986212373644,0.03736266865930244,0.0,0.0,0.0,0.9,0.0,0.0,0.0,0.0,negligible,medium,True
NBO-0408,-1.334527,36.762454,semi_permanent,RP25,25,0.04,3650000.0,0.0,none,0.0,0.00785951300010887,0.00856124322062354,0.0,0.0,0.0,0.9,0.0,0.0,0.0,0.0,negligible,medium,True
NBO-0410,-1.247716,36.748189,permanent_masonry,RP25,25,0.04,67745000.0,0.0,none,0.0,0.32915302711850597,0.09392763081549495,0.0,0.0,0.0,0.85,0.0,0.0,0.0,0.0,negligible,medium,True
NBO-0412,-1.323981,36.709497,permanent_masonry,RP25,25,0.04,64635000.0,0.0,none,0.0,0.0019774856628977638,0.004028577590006373,0.0,0.0,0.0,0.85,0.0,0.0,0.0,0.0,negligible,medium,True
NBO-0413,-1.29912,36.707958,semi_permanent,RP25,25,0.04,6125000.0,0.0,none,0.0,0.185766552266066,0.10572024776101183,0.0,0.0,0.0,0.9,0.0,0.0,0.0,0.0,negligible,medium,True
NBO-0414,-1.222829,36.772325,concrete_rcc,RP25,25,0.04,268000000.0,0.0,none,0.0,0.09209417991261988,0.03826426377058693,0.0,0.0,0.0,0.8,0.0,0.0,0.0,0.0,negligible,medium,True
NBO-0415,-1.182905,36.723088,informal_iron_sheet,RP25,25,0.04,635000.0,0.0,none,0.0,0.0010528354147961718,0.002220302840663129,0.0,0.0,0.0,0.95,0.0,0.0,0.0,0.0,negligible,medium,True
NBO-0419,-1.322424,36.883627,concrete_rcc,RP25,25,0.04,452325000.0,0.0,none,0.0,0.2913591693836706,0.09620313705639028,0.0,0.0,0.0,0.8,0.0,0.0,0.0,0.0,negligible,medium,True
NBO-0420,-1.339096,36.702452,informal_iron_sheet,RP25,25,0.04,1360000.0,0.0,none,0.0,0.47251555285724534,0.15390682488649135,0.0,0.0,0.0,0.95,0.0,0.0,0.0,0.0,negligible,medium,True
NBO-0425,-1.348616,36.782807,permanent_masonry,RP25,25,0.04,81015000.0,0.0,none,0.0,0.02711732838004344,0.021095772792744796,0.0,0.0,0.0,0.85,0.0,0.0,0.0,0.0,negligible,medium,True
NBO-0430,-1.323625,36.725838,permanent_masonry,RP25,25,0.04,45600000.0,0.0,none,0.0,0.00687682475154261,0.006564341243702674,0.0,0.0,0.0,0.85,0.0,0.0,0.0,0.0,negligible,medium,True
NBO-0432,-1.211213,36.717387,permanent_masonry,RP25,25,0.04,45590000.0,0.0,none,0.0,0.0003912804727969433,0.0010798824923572944,0.0,0.0,0.0,0.85,0.0,0.0,0.0,0.0,negligible,medium,True
NBO-0435,-1.314949,36.71617,semi_permanent,RP25,25,0.04,5220000.0,0.0,none,0.0,0.1561645107104151,0.058931620684205765,0.0,0.0,0.0,0.9,0.0,0.0,0.0,0.0,negligible,medium,True
NBO-0436,-1.316654,36.932326,permanent_masonry,RP25,25,0.04,37945000.0,0.004,proxy,0.0221096333116292,0.1796155508989133,0.11951921554510976,0.0221096333116292,0.0,0.0,0.85,0.0,0.0,0.0,35.7,low,medium,True
NBO-0438,-1.276598,36.716169,semi_permanent,RP25,25,0.04,6225000.0,0.0,none,0.0,0.49995784407157234,0.14192103070850365,0.0,0.0,0.0,0.9,0.0,0.0,0.0,0.0,negligible,medium,True
NBO-0440,-1.18851,36.783672,semi_permanent,RP25,25,0.04,3105000.0,0.0,none,0.0,0.31433670269560976,0.09360279709468376,0.0,0.0,0.0,0.9,0.0,0.0,0.0,0.0,negligible,medium,True
NBO-0441,-1.185484,36.849843,informal_iron_sheet,RP25,25,0.04,740000.0,0.0,none,0.0,0.3603813770097094,0.0930983081465567,0.0,0.0,0.0,0.95,0.0,0.0,0.0,0.0,negligible,medium,True
NBO-0442,-1.33239,36.866631,informal_iron_sheet,RP25,25,0.04,1470000.0,0.0,none,0.0,0.2617699930280528,0.09827184815694379,0.0,0.0,0.0,0.95,0.0,0.0,0.0,0.0,negligible,medium,True
NBO-0447,-1.232566,36.780822,informal_iron_sheet,RP25,25,0.04,885000.0,0.004,known_hotspot,0.0,0.16793611047753876,0.06251505726694069,0.008684066167539741,0.0,0.0,0.95,0.0,0.0,0.0,35.5,low,medium,True
NBO-0448,-1.294373,36.783096,semi_permanent,RP25,25,0.04,3375000.0,0.0,none,0.0,0.2840686369992242,0.11004668563927993,0.0,0.0,0.0,0.9,0.0,0.0,0.0,0.0,negligible,medium,True
NBO-0455,-1.33227,36.874249,concrete_rcc,RP25,25,0.04,381775000.0,0.0,none,0.0,0.17203177140628823,0.07777130104609184,0.0,0.0,0.0,0.8,0.0,0.0,0.0,0.0,negligible,medium,True
NBO-0457,-1.186498,36.925161,permanent_masonry,RP25,25,0.04,28450000.0,0.01,proxy,0.1254225820302963,0.4819159660475415,0.17320471754150196,0.1254225820302963,0.0,0.0,0.85,0.0,0.0,0.0,42.8,low,medium,True
NBO-0460,-1.33452,36.837781,semi_permanent,RP25,25,0.04,3150000.0,0.0,none,0.0,0.04713733382085628,0.02826658081863774,0.0,0.0,0.0,0.9,0.0,0.0,0.0,0.0,negligible,medium,True
NBO-0461,-1.332897,36.781192,informal_iron_sheet,RP25,25,0.04,1080000.0,0.0,none,0.0,0.016155953243916624,0.009774115349071294,0.0,0.0,0.0,0.95,0.0,0.0,0.0,0.0,negligible,medium,True
NBO-0463,-1.263233,36.740277,permanent_masonry,RP25,25,0.04,64740000.0,0.004,known_hotspot,0.0,0.11418965196428549,0.06290221911334437,0.006728525998369781,0.0,0.0,0.85,0.0,0.0,0.0,34.3,low,medium,True
NBO-0465,-1.291747,36.740285,semi_permanent,RP25,25,0.04,3200000.0,0.004,proxy,0.084365077316761,0.06934114732349582,0.03706378115816829,0.084365077316761,0.0,0.0,0.9,0.0,0.0,0.0,40.8,low,medium,True
NBO-0467,-1.198678,36.731266,concrete_rcc,RP25,25,0.04,1592010000.0,0.0,none,0.0,0.0036440862585974503,0.003289560089250885,0.0,0.0,0.0,0.8,0.0,0.0,0.0,0.0,negligible,medium,True
NBO-0469,-1.32826,36.885924,semi_permanent,RP25,25,0.04,8010000.0,0.0,none,0.0,0.0825229583562562,0.041678598893262774,0.0,0.0,0.0,0.9,0.0,0.0,0.0,0.0,negligible,medium,True
NBO-0470,-1.317417,36.911355,semi_permanent,RP25,25,0.04,3905000.0,0.004,known_hotspot,0.0,0.09197398357332973,0.05767672610520227,0.0065404147422579145,0.0,0.0,0.9,0.0,0.0,0.0,34.8,low,medium,True
NBO-0472,-1.280935,36.89564,semi_permanent,RP25,25,0.04,5280000.0,0.0,none,0.0,0.2937539214363988,0.1208956011740409,0.0,0.0,0.0,0.9,0.0,0.0,0.0,0.0,negligible,medium,True
NBO-0475,-1.321852,36.912497,informal_iron_sheet,RP25,25,0.04,580000.0,0.004,proxy,0.047514084726572,0.173842814624597,0.10310801636616684,0.047514084726572,0.0,0.0,0.95,0.0,0.0,0.0,39.2,low,medium,True
NBO-0476,-1.239714,36.739798,informal_iron_sheet,RP25,25,0.04,560000.0,0.0,none,0.0,0.04381949475963709,0.023900545489274026,0.0,0.0,0.0,0.95,0.0,0.0,0.0,0.0,negligible,medium,True
NBO-0479,-1.319025,36.818722,informal_iron_sheet,RP25,25,0.04,790000.0,0.004,known_hotspot,0.0,0.3816184244697248,0.11466633467742036,0.018775858905014667,0.0,0.0,0.95,0.0,0.0,0.0,36.5,low,medium,True
NBO-0480,-1.313874,36.93348,semi_permanent,RP25,25,0.04,5855000.0,0.0,none,0.0,0.33226482859065265,0.14854130545843888,0.0,0.0,0.0,0.9,0.0,0.0,0.0,0.0,negligible,medium,True
NBO-0482,-1.211464,36.717203,permanent_masonry,RP25,25,0.04,35925000.0,0.0,none,0.0,0.000346216853920827,0.000978518542602373,0.0,0.0,0.0,0.85,0.0,0.0,0.0,0.0,negligible,medium,True
NBO-0484,-1.271068,36.744576,concrete_rcc,RP25,25,0.04,641870000.0,0.004,known_hotspot,0.0,0.38997877608607273,0.1806429343221597,0.07639313100002937,0.0,0.0,0.8,0.0,0.0,0.0,38.7,low,medium,True
NBO-0485,-1.233919,36.806192,informal_iron_sheet,RP25,25,0.04,715000.0,0.0,none,0.0,0.48594246832523885,0.1300361366009943,0.0,0.0,0.0,0.95,0.0,0.0,0.0,0.0,negligible,medium,True
NBO-0486,-1.309357,36.726474,informal_iron_sheet,RP25,25,0.04,945000.0,0.01,proxy,0.1514707058668136,0.18288635387955784,0.08459627556546806,0.1514707058668136,0.0,0.0,0.95,0.0,0.0,0.0,44.2,low,medium,True
NBO-0488,-1.289708,36.796945,semi_permanent,RP25,25,0.04,5085000.0,0.0,none,0.0,0.3201353959957779,0.09557812052662246,0.0,0.0,0.0,0.9,0.0,0.0,0.0,0.0,negligible,medium,True
NBO-0489,-1.244082,36.757179,permanent_masonry,RP25,25,0.04,33945000.0,0.0,none,0.0,0.4580309952088512,0.1602298200036618,0.0,0.0,0.0,0.85,0.0,0.0,0.0,0.0,negligible,medium,True
NBO-0490,-1.317731,36.92187,permanent_masonry,RP25,25,0.04,72865000.0,0.0,none,0.0,0.1733407314910968,0.14084428801868304,0.0,0.0,0.0,0.85,0.0,0.0,0.0,0.0,negligible,medium,True
NBO-0493,-1.28459,36.726722,concrete_rcc,RP25,25,0.04,935855000.0,0.0,none,0.0,0.40991037722472595,0.10098446916669865,0.0,0.0,0.0,0.8,0.0,0.0,0.0,0.0,negligible,medium,True
NBO-0495,-1.328919,36.874954,semi_permanent,RP25,25,0.04,6580000.0,0.0,none,0.0,0.05128822997995146,0.0330827692409406,0.0,0.0,0.0,0.9,0.0,0.0,0.0,0.0,negligible,medium,True
NBO-0496,-1.212958,36.816976,informal_iron_sheet,RP25,25,0.04,1650000.0,0.0,none,0.0,0.45098902778789496,0.14552651314919637,0.0,0.0,0.0,0.95,0.0,0.0,0.0,0.0,negligible,medium,True
NBO-0497,-1.285034,36.742151,informal_iron_sheet,RP25,25,0.04,855000.0,0.004,known_hotspot,0.0,0.2899247241822438,0.09722128811769651,0.015584117670217765,0.0,0.0,0.95,0.0,0.0,0.0,35.8,low,medium,True
NBO-0498,-1.185994,36.786739,informal_iron_sheet,RP25,25,0.04,935000.0,0.0,none,0.0,0.2358654013360375,0.07834844967807038,0.0,0.0,0.0,0.95,0.0,0.0,0.0,0.0,negligible,medium,True
NBO-0500,-1.25312,36.710253,informal_iron_sheet,RP25,25,0.04,1275000.0,0.0,none,0.0,0.007734550592205869,0.007958927487002653,0.0,0.0,0.0,0.95,0.0,0.0,0.0,0.0,negligible,medium,True
NBO-0501,-1.295026,36.712918,concrete_rcc,RP25,25,0.04,476605000.0,0.0,none,0.0,0.20636175397254644,0.06437929279578938,0.0,0.0,0.0,0.8,0.0,0.0,0.0,0.0,negligible,medium,True
NBO-0504,-1.305311,36.854259,concrete_rcc,RP25,25,0.04,871025000.0,0.0,none,0.0,0.4537528775002508,0.13037196375680554,0.0,0.0,0.0,0.8,0.0,0.0,0.0,0.0,negligible,medium,True
NBO-0506,-1.182312,36.828437,informal_iron_sheet,RP25,25,0.04,720000.0,0.0,none,0.0,0.1710540187470108,0.07264844269334031,0.0,0.0,0.0,0.95,0.0,0.0,0.0,0.0,negligible,medium,True
NBO-0508,-1.319233,36.80786,semi_permanent,RP25,25,0.04,4750000.0,0.01,proxy,0.1353619396686554,0.31815746724375454,0.11047765661799522,0.1353619396686554,0.0,0.0,0.9,0.0,0.0,0.0,43.3,low,medium,True
NBO-0510,-1.336823,36.70879,informal_iron_sheet,RP25,25,0.04,890000.0,0.0,none,0.0,0.11963970621885936,0.058543700699426944,0.0,0.0,0.0,0.95,0.0,0.0,0.0,0.0,negligible,medium,True
NBO-0511,-1.184776,36.797872,informal_iron_sheet,RP25,25,0.04,720000.0,0.0,none,0.0,0.02542866195738499,0.013713099651399854,0.0,0.0,0.0,0.95,0.0,0.0,0.0,0.0,negligible,medium,True
NBO-0512,-1.188377,36.790529,informal_iron_sheet,RP25,25,0.04,1020000.0,0.0,none,0.0,0.05852479114287201,0.026316423624892057,0.0,0.0,0.0,0.95,0.0,0.0,0.0,0.0,negligible,medium,True
NBO-0513,-1.290784,36.727271,concrete_rcc,RP25,25,0.04,451570000.0,0.0,none,0.0,0.07161174096450423,0.039991797711333085,0.0,0.0,0.0,0.8,0.0,0.0,0.0,0.0,negligible,medium,True
NBO-0515,-1.325057,36.886173,informal_iron_sheet,RP25,25,0.04,625000.0,0.0,none,0.0,0.07813494524833625,0.05540596858361857,0.0,0.0,0.0,0.95,0.0,0.0,0.0,0.0,negligible,medium,True
NBO-0516,-1.249747,36.737112,permanent_masonry,RP25,25,0.04,43265000.0,0.0,none,0.0,0.01724475739839995,0.011930461416292483,0.0,0.0,0.0,0.85,0.0,0.0,0.0,0.0,negligible,medium,True
NBO-0517,-1.34537,36.948643,semi_permanent,RP25,25,0.04,3700000.0,0.004,proxy,0.0525328740477561,0.1435582132186327,0.11242157691860039,0.0525328740477561,0.0,0.0,0.9,0.0,0.0,0.0,38.8,low,medium,True
NBO-0518,-1.207065,36.750001,permanent_masonry,RP25,25,0.04,58300000.0,0.0,none,0.0,0.44821262503921566,0.12867972986923906,0.0,0.0,0.0,0.85,0.0,0.0,0.0,0.0,negligible,medium,True
NBO-0520,-1.193567,36.704825,informal_iron_sheet,RP25,25,0.04,610000.0,0.0,none,0.0,1.9398523979845498e-05,0.00016653992538929658,0.0,0.0,0.0,0.95,0.0,0.0,0.0,0.0,negligible,medium,True
NBO-0522,-1.288577,36.715379,informal_iron_sheet,RP25,25,0.04,1080000.0,0.004,proxy,0.0773663446307182,0.11522146392583173,0.06320904517477625,0.0773663446307182,0.0,0.0,0.95,0.0,0.0,0.0,41.5,low,medium,True
NBO-0523,-1.345307,36.773551,informal_iron_sheet,RP25,25,0.04,1165000.0,0.0,none,0.0,0.0524034060212618,0.022606434722806608,0.0,0.0,0.0,0.95,0.0,0.0,0.0,0.0,negligible,medium,True
NBO-0527,-1.210956,36.822111,informal_iron_sheet,RP25,25,0.04,1120000.0,0.0,none,0.0,0.06828860650720799,0.03444503144920202,0.0,0.0,0.0,0.95,0.0,0.0,0.0,0.0,negligible,medium,True
NBO-0528,-1.183892,36.727219,informal_iron_sheet,RP25,25,0.04,1655000.0,0.0,none,0.0,0.0014994242919184769,0.0020876309287457522,0.0,0.0,0.0,0.95,0.0,0.0,0.0,0.0,negligible,medium,True
NBO-0534,-1.214277,36.717458,concrete_rcc,RP25,25,0.04,1036940000.0,0.0,none,0.0,0.00044830210294492524,0.0014431472373654288,0.0,0.0,0.0,0.8,0.0,0.0,0.0,0.0,negligible,medium,True
NBO-0535,-1.295993,36.743629,semi_permanent,RP25,25,0.04,2675000.0,0.0,none,0.0,0.24815099181780761,0.08230778079450304,0.0,0.0,0.0,0.9,0.0,0.0,0.0,0.0,negligible,medium,True
NBO-0540,-1.324529,36.76911,semi_permanent,RP25,25,0.04,7295000.0,0.0,none,0.0,0.4617222634624869,0.15121657969857025,0.0,0.0,0.0,0.9,0.0,0.0,0.0,0.0,negligible,medium,True
NBO-0541,-1.212603,36.730007,informal_iron_sheet,RP25,25,0.04,980000.0,0.0,none,0.0,0.0049060994099602295,0.007270188485305133,0.0,0.0,0.0,0.95,0.0,0.0,0.0,0.0,negligible,medium,True
NBO-0543,-1.315547,36.926666,informal_iron_sheet,RP25,25,0.04,925000.0,0.01,proxy,0.086611233651638,0.2323372453272929,0.10572280203278143,0.086611233651638,0.0,0.0,0.95,0.0,0.0,0.0,41.7,low,medium,True
NBO-0545,-1.242225,36.740313,permanent_masonry,RP25,25,0.04,39810000.0,0.0,none,0.0,0.04769195726943263,0.026496284098176396,0.0,0.0,0.0,0.85,0.0,0.0,0.0,0.0,negligible,medium,True
NBO-0546,-1.330179,36.854297,informal_iron_sheet,RP25,25,0.04,925000.0,0.0,none,0.0,0.18119497488295813,0.09116177738506648,0.0,0.0,0.0,0.95,0.0,0.0,0.0,0.0,negligible,medium,True
NBO-0548,-1.316532,36.819529,informal_iron_sheet,RP25,25,0.04,945000.0,0.004,known_hotspot,0.0,0.4760761614772859,0.10009748246970054,0.06736317750801639,0.0,0.0,0.95,0.0,0.0,0.0,40.7,low,medium,True
NBO-0549,-1.237462,36.709771,semi_permanent,RP25,25,0.04,5080000.0,0.0,none,0.0,0.00027368274222887865,0.0007975795994094569,0.0,0.0,0.0,0.9,0.0,0.0,0.0,0.0,negligible,medium,True
NBO-0552,-1.250584,36.731432,informal_iron_sheet,RP25,25,0.04,1455000.0,0.0,none,0.0,0.020770768919983435,0.0125845479247679,0.0,0.0,0.0,0.95,0.0,0.0,0.0,0.0,negligible,medium,True
NBO-0555,-1.234729,36.732582,permanent_masonry,RP25,25,0.04,28945000.0,0.0,none,0.0,0.010072650319974367,0.011668504119173724,0.0,0.0,0.0,0.85,0.0,0.0,0.0,0.0,negligible,medium,True
NBO-0556,-1.196393,36.809098,concrete_rcc,RP25,25,0.04,521240000.0,0.0,none,0.0,0.007739057985822021,0.005481445155460438,0.0,0.0,0.0,0.8,0.0,0.0,0.0,0.0,negligible,medium,True
NBO-0560,-1.255496,36.743072,semi_permanent,RP25,25,0.04,5635000.0,0.0,none,0.0,0.008570595934002927,0.006953448232418022,0.0,0.0,0.0,0.9,0.0,0.0,0.0,0.0,negligible,medium,True
NBO-0562,-1.315337,36.709384,informal_iron_sheet,RP25,25,0.04,520000.0,0.0,none,0.0,0.07097103586384518,0.041950910232168945,0.0,0.0,0.0,0.95,0.0,0.0,0.0,0.0,negligible,medium,True
NBO-0565,-1.343686,36.759716,informal_iron_sheet,RP25,25,0.04,410000.0,0.0,none,0.0,0.08335428970164446,0.036332309853557246,0.0,0.0,0.0,0.95,0.0,0.0,0.0,0.0,negligible,medium,True
NBO-0566,-1.263318,36.733818,semi_permanent,RP25,25,0.04,5305000.0,0.0,none,0.0,0.3172705591411652,0.11273384036062704,0.0,0.0,0.0,0.9,0.0,0.0,0.0,0.0,negligible,medium,True
NBO-0567,-1.182158,36.710157,informal_iron_sheet,RP25,25,0.04,2375000.0,0.0,none,0.0,4.8003633586931294e-05,0.00027895982326351434,0.0,0.0,0.0,0.95,0.0,0.0,0.0,0.0,negligible,medium,True
NBO-0570,-1.301884,36.762107,permanent_masonry,RP25,25,0.04,59055000.0,0.0,none,0.0,0.3750124849815691,0.11575195911464398,0.0,0.0,0.0,0.85,0.0,0.0,0.0,0.0,negligible,medium,True
NBO-0574,-1.328134,36.729186,semi_permanent,RP25,25,0.04,6125000.0,0.0,none,0.0,0.01258714505793947,0.007835491684287625,0.0,0.0,0.0,0.9,0.0,0.0,0.0,0.0,negligible,medium,True
NBO-0575,-1.330035,36.785141,permanent_masonry,RP25,25,0.04,56840000.0,0.004,known_hotspot,0.0,0.015168339072277118,0.011969434936740624,0.011338309079435532,0.0,0.0,0.85,0.0,0.0,0.0,35.2,low,medium,True
NBO-0580,-1.184273,36.742328,informal_iron_sheet,RP25,25,0.04,1260000.0,0.0,none,0.0,0.023917093602986737,0.013431174167875681,0.0,0.0,0.0,0.95,0.0,0.0,0.0,0.0,negligible,medium,True
NBO-0581,-1.223779,36.773558,informal_iron_sheet,RP25,25,0.04,855000.0,0.0,none,0.0,0.10000794851846011,0.04331487098116012,0.0,0.0,0.0,0.95,0.0,0.0,0.0,0.0,negligible,medium,True
NBO-0583,-1.318733,36.827757,informal_iron_sheet,RP25,25,0.04,815000.0,0.004,known_hotspot,0.0,0.41010183511685916,0.1030921965703379,0.02041197009359884,0.0,0.0,0.95,0.0,0.0,0.0,36.7,low,medium,True
NBO-0584,-1.337643,36.82649,informal_iron_sheet,RP25,25,0.04,1585000.0,0.0,none,0.0,0.044992825539371076,0.024557172308783362,0.0,0.0,0.0,0.95,0.0,0.0,0.0,0.0,negligible,medium,True
NBO-0585,-1.267538,36.730176,permanent_masonry,RP25,25,0.04,57585000.0,0.0,none,0.0,0.49019770807232627,0.127940676055766,0.0,0.0,0.0,0.85,0.0,0.0,0.0,0.0,negligible,medium,True
NBO-0587,-1.230529,36.707301,semi_permanent,RP25,25,0.04,3810000.0,0.0,none,0.0,0.0001100361633477345,0.0004360318567783023,0.0,0.0,0.0,0.9,0.0,0.0,0.0,0.0,negligible,medium,True
NBO-0589,-1.303936,36.77295,concrete_rcc,RP25,25,0.04,767380000.0,0.0,none,0.0,0.4739099354693274,0.1495250063973521,0.0,0.0,0.0,0.8,0.0,0.0,0.0,0.0,negligible,medium,True
NBO-0590,-1.284527,36.892554,permanent_masonry,RP25,25,0.04,50695000.0,0.0,none,0.0,0.39692008479305313,0.11397505378809582,0.0,0.0,0.0,0.85,0.0,0.0,0.0,0.0,negligible,medium,True
NBO-0597,-1.296252,36.788082,informal_iron_sheet,RP25,25,0.04,780000.0,0.0,none,0.0,0.1440085926258712,0.05825246378222324,0.0,0.0,0.0,0.95,0.0,0.0,0.0,0.0,negligible,medium,True
NBO-0599,-1.298736,36.871765,concrete_rcc,RP25,25,0.04,704215000.0,0.0,none,0.0,0.11263786116090264,0.059325563835589804,0.0,0.0,0.0,0.8,0.0,0.0,0.0,0.0,negligible,medium,True
NBO-0416,-1.181257,36.913667,concrete_rcc,RP100,100,0.01,1356500000.0,0.1,ml_model,0.1890417337417602,0.8489979070832966,0.08008610317052174,0.3567877383845648,0.29608992978667237,1.0822329808233793,0.8,0.3024201877044369,410232984.62106866,171820638.92687735,82.2,high,low,True
NBO-0403,-1.231914,36.931956,concrete_rcc,RP100,100,0.01,946115000.0,0.2,known_hotspot,0.1412157714366912,0.7966106540689323,0.10774658693611791,0.39572514917104035,0.3387017349344732,1.2379826239692817,0.8,0.3373081077691191,319132260.3819801,64092758.14977786,89.8,high,high,True
NBO-0151,-1.26734,36.901219,concrete_rcc,RP100,100,0.01,1108710000.0,0.1,ml_model,0.0129179852083325,0.7906344535117883,0.11525401613421414,0.3322607467037149,0.2692484072186355,0.9841250140999799,0.8,0.2804440031583955,310931070.7417447,0.0,76.2,high,low,True
NBO-0316,-1.206311,36.910658,concrete_rcc,RP100,100,0.01,522650000.0,0.2,proxy,0.6274335384368896,0.0972197105652129,0.09392305035556024,0.6274335384368896,0.5922756766804044,2.1648161810326787,0.8,0.5333816918790325,278771941.26057637,278771941.26057637,97.0,very_high,medium,True
NBO-0130,-1.194198,36.949316,concrete_rcc,RP100,100,0.01,958965000.0,0.1,proxy,0.2919898331165313,0.6194855649584395,0.14575106152186373,0.2919898331165313,0.22517726103197053,0.8230413597512455,0.8,0.24436126458427895,234333900.09206307,234333900.09206307,59.3,medium,high,True
NBO-0224,-1.295518,36.816631,concrete_rcc,RP100,100,0.01,1394785000.0,0.04,ml_model,0.0,0.5167230905060322,0.098164263305722,0.21715066821082527,0.14327577225876864,0.5236847001284213,0.8,0.16129488763955374,224971689.85633495,0.0,44.7,low,low,True
NBO-0311,-1.185447,36.889115,concrete_rcc,RP100,100,0.01,743690000.0,0.1,ml_model,0.1163301318883895,0.8187645970868985,0.06777222937080668,0.34408231919860677,0.2821855423161726,1.0314113040795472,0.8,0.29103613211381857,216440661.09172574,27578990.210456796,79.8,high,low,True
NBO-0195,-1.27448,36.865735,concrete_rcc,RP100,100,0.01,1055700000.0,0.04,ml_model,0.0330983623862266,0.5921143938546377,0.1315740009187123,0.248833540914273,0.17794845261662184,0.6504161909422123,0.8,0.20032818681020137,211486466.81552958,0.0,47.0,low,low,True
NBO-0200,-1.306727,36.812002,concrete_rcc,RP100,100,0.01,789520000.0,0.1,known_hotspot,0.0343876369297504,0.5408021363096635,0.0678301087934469,0.31569079534273153,0.2511148044843724,0.9178452086560464,0.8,0.26559732673895436,209694401.40693924,0.0,70.5,medium,high,True
NBO-0198,-1.319233,36.938714,concrete_rcc,RP100,100,0.01,1029420000.0,0.04,ml_model,0.0253351777791976,0.5944822036583357,0.13691840327532342,0.24982860285463576,0.17903741525322986,0.6543964387036633,0.8,0.20155410312072827,207483824.8345401,0.0,47.3,low,low,True
NBO-0468,-1.333948,36.907328,concrete_rcc,RP100,100,0.01,914905000.0,0.04,proxy,0.2699817419052124,0.4704477653602378,0.1941682708005148,0.2699817419052124,0.20109233921951442,0.7350089949059698,0.8,0.22464201485893726,205526102.604516,205526102.604516,51.3,medium,medium,True
NBO-0362,-1.218859,36.931263,concrete_rcc,RP100,100,0.01,827820000.0,0.1,proxy,0.2912556231021881,0.5953146015005545,0.18490077808785524,0.2912556231021881,0.22437376605280196,0.8201045196938727,0.8,0.24370341241142746,201742558.8624279,201742558.8624279,58.8,medium,high,True
NBO-0452,-1.222582,36.9336,concrete_rcc,RP100,100,0.01,380470000.0,0.2,proxy,0.6099970936775208,0.12963879101529024,0.13911044127417985,0.6099970936775208,0.5731938124385557,2.095070401995203,0.8,0.5199647844189926,197831001.52789414,197831001.52789414,96.7,very_high,medium,True
NBO-0325,-1.213059,36.774836,concrete_rcc,RP100,100,0.01,1116695000.0,0.04,ml_model,0.0,0.5450478257138562,0.17609428113445255,0.22905401700688974,0.15630240061589573,0.5712980953126792,0.8,0.17595981335630517,196493443.7759192,0.0,45.3,low,low,True
NBO-0572,-1.218469,36.948093,concrete_rcc,RP100,100,0.01,831600000.0,0.04,ml_model,0.2475674003362655,0.6539244793027883,0.16601834510264685,0.27480896489637086,0.2063750912399871,0.7543178868706036,0.8,0.22896720665901518,190409129.05763704,165295719.62560874,52.0,medium,low,True
NBO-0384,-1.266942,36.885308,concrete_rcc,RP100,100,0.01,841500000.0,0.04,proxy,0.2662652432918548,0.4357697762317188,0.11333557799563082,0.2662652432918548,0.1970251269538372,0.7201430004525394,0.8,0.22131203210136882,186234075.01330185,186234075.01330185,50.5,medium,medium,True
NBO-0423,-1.249578,36.901111,concrete_rcc,RP100,100,0.01,633555000.0,0.1,ml_model,0.1210682392120361,0.7099109973057399,0.14505016313126382,0.29833705957321677,0.23212345420553382,0.8484302655779873,0.8,0.2500483794894691,158419401.0674506,27193026.467545547,62.2,medium,low,True
NBO-0466,-1.248392,36.783232,concrete_rcc,RP100,100,0.01,526250000.0,0.1,proxy,0.351980060338974,0.10888902209122603,0.10187026891457572,0.351980060338974,0.2908285671034805,1.063002268641016,0.8,0.2981125081755876,156881707.42740297,156881707.42740297,81.5,high,high,True
NBO-0049,-1.289351,36.842097,concrete_rcc,RP100,100,0.01,716255000.0,0.04,ml_model,0.1021496728062629,0.6039094186102759,0.12262018502920688,0.2537903496079619,0.18337301891273927,0.6702434257169677,0.8,0.20643497512082604,147860083.10516724,14048382.975242957,48.7,low,low,True
NBO-0533,-1.256164,36.887888,concrete_rcc,RP100,100,0.01,485690000.0,0.1,proxy,0.3583325147628784,0.31598931648539785,0.13557967542619467,0.3583325147628784,0.2977804815901962,1.0884120863366338,0.8,0.30380430733940594,147554714.03167608,147554714.03167608,82.7,high,medium,True
NBO-0305,-1.310833,36.773989,concrete_rcc,RP100,100,0.01,838115000.0,0.04,ml_model,0.0,0.5442209834301158,0.18827458738039343,0.22870654007443186,0.15592213343736025,0.5699081875828477,0.8,0.1755317217755171,147115768.99588752,0.0,45.2,low,low,True
NBO-0159,-1.2755,36.909436,concrete_rcc,RP100,100,0.01,523215000.0,0.1,ml_model,0.0515363663434982,0.7839780105023499,0.09401027535640803,0.32946340500568616,0.2661870896589784,0.9729356473078649,0.8,0.2779375849969617,145421113.53418532,0.0,74.8,medium,high,True
NBO-0051,-1.288834,36.941566,concrete_rcc,RP100,100,0.01,706790000.0,0.04,proxy,0.249496653676033,0.5088684281421402,0.14112591569055052,0.249496653676033,0.17867414113119945,0.6530686419892522,0.8,0.20114514173268966,142167374.7252477,142167374.7252477,47.2,low,high,True
NBO-0144,-1.310914,36.773765,concrete_rcc,RP100,100,0.01,760755000.0,0.04,ml_model,0.0,0.5539870425585997,0.1892081523553782,0.23281068464335342,0.1604135725222116,0.5863247658585339,0.8,0.18058802788442843,137383245.15321836,0.0,45.7,low,low,True
NBO-0099,-1.260843,36.851111,concrete_rcc,RP100,100,0.01,543755000.0,0.04,ml_model,0.1666184812784195,0.6624114384364733,0.1573627942795864,0.2783755731645496,0.21027826850556314,0.7685843199433186,0.8,0.23216288766730334,126239730.98353453,53853078.32415541,53.0,medium,low,True
NBO-0020,-1.268428,36.826895,concrete_rcc,RP100,100,0.01,579255000.0,0.04,ml_model,0.0410050489008426,0.6032597355864004,0.15958734567668836,0.2535173230965636,0.18307422779466298,0.6691513196713746,0.8,0.20609860645878336,119383648.28428255,0.0,48.5,low,low,True
NBO-0421,-1.245747,36.759842,concrete_rcc,RP100,100,0.01,391420000.0,0.1,proxy,0.3255207538604736,0.1078987954063219,0.10820393084415017,0.3255207538604736,0.26187238359680987,0.9571650427270145,0.8,0.27440496957085125,107407593.18942259,107407593.18942259,73.3,medium,medium,True
NBO-0444,-1.290744,36.843866,concrete_rcc,RP100,100,0.01,590960000.0,0.04,ml_model,0.1171948462724685,0.5523414333617496,0.13747508201900702,0.23211912441839824,0.1596567520516529,0.5835585249587132,0.8,0.17973602568728364,106216801.74015714,22544719.199194986,45.5,low,low,True
NBO-0204,-1.336469,36.921711,concrete_rcc,RP100,100,0.01,563530000.0,0.04,ml_model,0.0,0.5657537474277358,0.14378917037967587,0.23775559202589402,0.1658251144199058,0.6061043953886963,0.8,0.18668015377971847,105199867.05948475,0.0,46.2,low,low,True
NBO-0339,-1.310599,36.826601,concrete_rcc,RP100,100,0.01,439535000.0,0.1,known_hotspot,0.2111832946538925,0.4514887937455888,0.15881506576248527,0.2838643484665984,0.21628500133516884,0.7905394211515139,0.8,0.23708083033793909,104205322.76258606,67663373.16987243,54.7,medium,high,True
NBO-0335,-1.204821,36.777835,concrete_rcc,RP100,100,0.01,499980000.0,0.04,ml_model,0.0,0.6032365394008615,0.16090340590723365,0.25350757499882565,0.1830635598012607,0.6691123272804228,0.8,0.2060865968023702,103039176.66924906,0.0,48.3,low,low,True
NBO-0571,-1.343186,36.934871,concrete_rcc,RP100,100,0.01,404475000.0,0.04,ml_model,0.0851868018507957,0.6332876683407013,0.13397774828132658,0.2661364333751472,0.19688416167235126,0.719627760785709,0.8,0.22119661841599883,89468502.23381113,0.0,50.3,medium,low,True
NBO-0388,-1.278278,36.710888,concrete_rcc,RP100,100,0.01,430330000.0,0.04,proxy,0.2529658675193786,0.15082363708373608,0.09548608726470385,0.2529658675193786,0.18247073318297613,0.6669454973626346,0.8,0.20541921318769146,88398050.01105927,88398050.01105927,47.8,low,medium,True
NBO-0561,-1.295388,36.849583,concrete_rcc,RP100,100,0.01,432790000.0,0.04,ml_model,0.0475454106926918,0.5905131551314343,0.11965837836738055,0.24816062719104817,0.17721203825634038,0.6477245360493129,0.8,0.19949915710318836,86341240.20268889,0.0,46.8,low,low,True
NBO-0146,-1.209838,36.867674,concrete_rcc,RP100,100,0.01,266365000.0,0.1,ml_model,0.0,0.861789658578926,0.0666063856713733,0.3621634172266744,0.3019728936183788,1.1037356961918179,0.8,0.3072367959469672,81837129.15241392,0.0,83.2,high,low,True
NBO-0336,-1.31156,36.933433,concrete_rcc,RP100,100,0.01,425295000.0,0.04,ml_model,0.0389851070940494,0.5566860737171592,0.1481268873058648,0.23394494094111062,0.16165486482623107,0.5908617910495627,0.8,0.1819854316432653,77397494.15072252,0.0,45.8,low,low,True
NBO-0158,-1.323821,36.781637,concrete_rcc,RP100,100,0.01,376910000.0,0.04,ml_model,0.0,0.5860966945811628,0.15930772058820616,0.24630462853869645,0.1751808951646158,0.640300541439906,0.8,0.19721256676349103,74331388.5388274,0.0,46.7,low,low,True
NBO-0029,-1.341011,36.910065,concrete_rcc,RP100,100,0.01,398200000.0,0.04,ml_model,0.0905699282884597,0.5642934268773273,0.12608406302085665,0.2371418985619293,0.16515350873840973,0.6036496215328374,0.8,0.18592408343211392,74034970.02266777,2129341.073180389,46.0,low,low,True
NBO-0024,-1.198924,36.910241,concrete_rcc,RP100,100,0.01,229970000.0,0.1,proxy,0.3686547875404358,0.30894820163912323,0.18421715464025115,0.3686547875404358,0.30907683302691014,1.1297011774468633,0.8,0.3130530637480974,71992813.07014996,71992813.07014996,84.5,high,medium,True
NBO-0426,-1.315744,36.762556,concrete_rcc,RP100,100,0.01,296295000.0,0.04,ml_model,0.0,0.6104806664587361,0.11998074072296637,0.2565518884040599,0.18639515496931278,0.6812895809013598,0.8,0.20983719091761882,62173710.48293587,0.0,49.5,low,low,True
NBO-0027,-1.255159,36.817647,concrete_rcc,RP100,100,0.01,239875000.0,0.1,ml_model,0.0,0.7335975477190672,0.13064608833446315,0.3082912310518443,0.24301696784415514,0.8882469514924974,0.8,0.2589673171343194,62119785.19759487,0.0,67.5,medium,low,True
NBO-0578,-1.255227,36.862573,concrete_rcc,RP100,100,0.01,219745000.0,0.1,ml_model,0.0,0.7665375096751802,0.11694337283053266,0.32213410914464286,0.2581661524473588,0.9436184638636916,0.8,0.27137053590546695,59632318.412546836,0.0,72.0,medium,low,True
NBO-0075,-1.242933,36.931356,concrete_rcc,RP100,100,0.01,161250000.0,0.2,proxy,0.402626633644104,0.40769906587643107,0.24263992400818346,0.402626633644104,0.34625448961581184,1.2655885618615361,0.8,0.34349183785698406,55388058.85443868,55388058.85443868,90.3,very_high,medium,True
NBO-0324,-1.327675,36.927681,concrete_rcc,RP100,100,0.01,310620000.0,0.04,ml_model,0.111393854022026,0.5235724450412875,0.12090848685979215,0.22002908015229083,0.1464258103919523,0.5351983478942836,0.8,0.16484109115143933,51202939.73346008,9629994.238662,44.8,low,low,True
NBO-0348,-1.317463,36.783427,concrete_rcc,RP100,100,0.01,626905000.0,0.01,proxy,0.1504411995410919,0.3930347130435967,0.14446173147963806,0.1504411995410919,0.07027115220181954,0.2568468254494878,0.8,0.07910882223844223,49593716.205390625,49593716.205390625,42.7,low,medium,True
NBO-0557,-1.267599,36.862228,concrete_rcc,RP100,100,0.01,195090000.0,0.1,ml_model,0.0135989477857947,0.6974031186822864,0.14240916988205882,0.2930806770912129,0.22637104433591657,0.8274047356499717,0.8,0.24533866078559366,47863119.332661465,0.0,59.8,medium,low,True
NBO-0233,-1.188452,36.919106,permanent_masonry,RP100,100,0.01,130825000.0,0.1,ml_model,0.1766581684350967,0.75964040127512,0.09819016583285574,0.31923562884578716,0.25499415217243354,0.9320245426682688,0.85,0.35824785365384604,46867775.45426441,20821383.33513126,83.0,high,low,True
NBO-0210,-1.291279,36.929862,concrete_rcc,RP100,100,0.01,283520000.0,0.04,ml_model,0.1663005650043487,0.5142205217637558,0.11881201737773113,0.2160989744030323,0.1421248335931605,0.5194779248972494,0.8,0.15999920086835281,45362973.43019539,27968556.34989079,44.5,low,low,True
NBO-0588,-1.194468,36.887787,permanent_masonry,RP100,100,0.01,92395000.0,0.2,proxy,0.3935819566249847,0.47960883407310356,0.1923351520177114,0.3935819566249847,0.33635629641346954,1.229409853785059,0.85,0.4488229561355177,41468997.03214116,41468997.03214116,94.0,very_high,medium,True
NBO-0171,-1.212602,36.943006,permanent_masonry,RP100,100,0.01,136925000.0,0.04,ml_model,0.2369648814201355,0.6402087197909057,0.14100792632727624,0.2690449756383961,0.20006717342588967,0.7312619298387045,0.85,0.29400381754838545,40256472.71781268,34633987.084743455,63.3,medium,low,True
NBO-0065,-1.209508,36.895722,permanent_masonry,RP100,100,0.01,107485000.0,0.1,ml_model,0.1351150274276733,0.780503397816741,0.09682919520245897,0.32800321388917364,0.26458910514797457,0.9670948828418148,0.85,0.3694703625093807,39712521.91432078,9247852.501797805,85.0,high,low,True
NBO-0218,-1.235727,36.901794,permanent_masonry,RP100,100,0.01,58185000.0,0.2,proxy,0.5980092883110046,0.16826179091483573,0.14509080708870067,0.5980092883110046,0.560074757624434,2.0471191805291387,0.85,0.6484814524952449,37731893.31343582,37731893.31343582,98.2,very_high,medium,True
NBO-0301,-1.196509,36.858876,permanent_masonry,RP100,100,0.01,95790000.0,0.1,ml_model,0.0,0.7906858768042093,0.06549446931173689,0.3322823571223627,0.2692720569408431,0.984211455774571,0.85,0.37494766584786277,35916236.91156677,0.0,86.7,high,low,True
NBO-0544,-1.257331,36.882131,permanent_masonry,RP100,100,0.01,76430000.0,0.2,known_hotspot,0.0716006457805633,0.7407412194677412,0.12962856458109645,0.38870407301490284,0.3310181030994278,1.2098983193447315,0.85,0.44296949580341943,33856158.56425535,0.0,93.8,very_high,high,True
NBO-0487,-1.344056,36.855521,permanent_masonry,RP100,100,0.01,116700000.0,0.04,proxy,0.2592668235301971,0.5130051287889563,0.18448424096736432,0.2592668235301971,0.18936628952210283,0.6921493214059086,0.85,0.28148778284989073,32849624.25858225,32849624.25858225,60.2,medium,high,True
NBO-0040,-1.313586,36.81551,concrete_rcc,RP100,100,0.01,341070000.0,0.01,known_hotspot,0.1382979452610016,0.4843046623768014,0.11627422504465829,0.16320461456798263,0.08423900838847918,0.30790048555705074,0.8,0.09483334955157162,32344810.53155453,21879071.92449908,43.0,low,medium,True
NBO-0308,-1.253911,36.823871,permanent_masonry,RP100,100,0.01,56055000.0,0.2,proxy,0.5121504068374634,0.07757964839573314,0.13716731486103922,0.5121504068374634,0.46611365816608397,1.7036836546349736,0.85,0.5748104040196942,32220997.19732396,32220997.19732396,96.8,very_high,medium,True
NBO-0203,-1.344032,36.870461,permanent_masonry,RP100,100,0.01,70840000.0,0.2,proxy,0.3885695338249206,0.28943480110868625,0.16209438375019833,0.3885695338249206,0.3308708678921434,1.2093601625848027,0.85,0.44280804877544083,31368522.17525223,31368522.17525223,93.7,very_high,medium,True
NBO-0149,-1.201048,36.932221,permanent_masonry,RP100,100,0.01,43470000.0,0.2,proxy,0.6828710436820984,0.08567422561875514,0.11483622356014887,0.6828710436820984,0.652944635495959,2.3865662020135137,0.85,0.7095819163624324,30845525.904274937,30845525.904274937,99.0,very_high,medium,True
NBO-0491,-1.22655,36.947095,permanent_masonry,RP100,100,0.01,43385000.0,0.2,proxy,0.6811106204986572,0.07820292774748604,0.12084315206545727,0.6811106204986572,0.6510180870132715,2.379524509279749,0.85,0.7083144116703548,30730220.750318345,30730220.750318345,98.8,very_high,medium,True
NBO-0365,-1.245682,36.872151,permanent_masonry,RP100,100,0.01,74420000.0,0.1,ml_model,0.0175005178898572,0.8391552219340547,0.09326118150299041,0.35265139205823065,0.2915632501713244,1.065687595518043,0.85,0.39970627865541286,29746141.257535826,0.0,90.0,very_high,low,True
NBO-0391,-1.303499,36.883827,permanent_masonry,RP100,100,0.01,78850000.0,0.1,ml_model,0.0100945318117737,0.7686210908913024,0.09268862759893606,0.32300972523702487,0.2591243975273275,0.9471209282332197,0.85,0.3630786970346303,28628755.2611806,0.0,83.8,high,low,True
NBO-0478,-1.2108,36.844853,permanent_masonry,RP100,100,0.01,101200000.0,0.04,ml_model,0.0,0.6192616312921855,0.17438833122694242,0.26024205130978945,0.1904335463139475,0.696050232524278,0.85,0.28273607440776893,28612890.730066217,0.0,60.5,medium,low,True
NBO-0193,-1.210185,36.944592,permanent_masonry,RP100,100,0.01,88580000.0,0.04,ml_model,0.269862949848175,0.6509329206430833,0.1448803503121492,0.27355177516770857,0.20499926468476629,0.7492891279559545,0.85,0.29977252094590545,26553849.905388303,26135602.03747882,64.3,medium,low,True
NBO-0492,-1.20285,36.871324,permanent_masonry,RP100,100,0.01,36180000.0,0.2,proxy,0.6854886412620544,0.09927832007907018,0.1580188590410488,0.6854886412620544,0.6558092470810515,2.397036592333338,0.85,0.7114665866200008,25740861.10391163,25740861.10391163,99.3,very_high,medium,True
NBO-0418,-1.225647,36.840018,permanent_masonry,RP100,100,0.01,69265000.0,0.1,ml_model,0.0,0.7835945098042236,0.08199707283617766,0.329302240477939,0.2660107165690788,0.9722909891968762,0.85,0.3711331165430004,25706535.317350924,0.0,85.8,high,low,True
NBO-0569,-1.227372,36.910585,permanent_masonry,RP100,100,0.01,51120000.0,0.2,proxy,0.4277280867099762,0.5056637330141459,0.19346374223766552,0.4277280867099762,0.3737246835851841,1.365994374125025,0.85,0.48979831223750747,25038489.72158138,25038489.72158138,96.0,very_high,high,True
NBO-0172,-1.240316,36.852111,permanent_masonry,RP100,100,0.01,93240000.0,0.04,ml_model,0.0,0.5868000690716118,0.1261750199091788,0.2466002186592267,0.1755043791448096,0.6414829019220271,0.85,0.26527452861504863,24734197.048067134,0.0,55.8,medium,low,True
NBO-0131,-1.340893,36.860238,permanent_masonry,RP100,100,0.01,83420000.0,0.04,ml_model,0.1200344860553741,0.6378434104426652,0.14492293693404684,0.2680509645037423,0.19897936075604147,0.7272858853000893,0.85,0.2927314832960286,24419660.336554706,4963222.0101560615,63.0,medium,low,True
NBO-0564,-1.19492,36.831777,permanent_masonry,RP100,100,0.01,74785000.0,0.1,ml_model,0.0,0.6981192548578489,0.11071355071238426,0.29338163025531677,0.2267003974523252,0.8286085483063873,0.85,0.32515473545804396,24316696.89122982,0.0,73.0,medium,low,True
NBO-0326,-1.274304,36.944364,permanent_masonry,RP100,100,0.01,66125000.0,0.1,proxy,0.326412945985794,0.599977574356021,0.1786784567269931,0.326412945985794,0.2628487689349886,0.9607338112282963,0.85,0.3674348195930548,24296627.44559075,24296627.44559075,84.8,high,high,True
NBO-0113,-1.317103,36.847082,permanent_masonry,RP100,100,0.01,78030000.0,0.04,ml_model,0.0978768467903137,0.6640036846258782,0.12629599774298308,0.27904470781391627,0.21101054717331572,0.7712608585407853,0.85,0.3068034747330513,23939875.133419994,1599563.6840702838,66.2,medium,low,True
NBO-0045,-1.286932,36.722819,concrete_rcc,RP100,100,0.01,427250000.0,0.01,proxy,0.130946010351181,0.0869349704387955,0.06004084086217655,0.130946010351181,0.04893626664315939,0.17886606868984423,0.8,0.055090749156472024,23537522.577102672,23537522.577102672,41.8,low,medium,True
NBO-0577,-1.254205,36.793286,permanent_masonry,RP100,100,0.01,81530000.0,0.04,ml_model,0.0,0.6190758638923272,0.11203699609759991,0.26016398335472374,0.19034811134479174,0.6957379607040152,0.85,0.28263614742528487,23043325.099583477,0.0,60.3,medium,low,True
NBO-0114,-1.268416,36.810036,permanent_masonry,RP100,100,0.01,72885000.0,0.04,ml_model,0.0,0.6624108259953618,0.0871312413197307,0.27837531578879254,0.21027798684210922,0.7685832904402904,0.85,0.30594665294089296,22298921.799596984,0.0,65.7,medium,high,True
NBO-0057,-1.269395,36.711846,permanent_masonry,RP100,100,0.01,88405000.0,0.04,ml_model,0.0048050079494714,0.5529667916882715,0.13244868663029516,0.23238192857979628,0.159944356170451,0.5846097416043053,0.85,0.24707511731337772,21842675.746089157,0.0,51.5,medium,low,True
NBO-0141,-1.249756,36.907099,permanent_masonry,RP100,100,0.01,46335000.0,0.2,proxy,0.4042948782444,0.3356100661622457,0.14109192181763228,0.4042948782444,0.34808016092807526,1.2722615402627202,0.85,0.4616784620788161,21391871.540421944,21391871.540421944,94.3,very_high,medium,True
NBO-0261,-1.23631,36.777251,concrete_rcc,RP100,100,0.01,823910000.0,0.01,known_hotspot,0.0211133081465959,0.25744856941695804,0.07599994978224305,0.10722211395301535,0.022973624797020566,0.08397048309718164,0.8,0.02586290879393194,21308709.184408467,0.0,41.3,low,medium,True
NBO-0592,-1.311754,36.901046,permanent_masonry,RP100,100,0.01,62610000.0,0.1,ml_model,0.0028908329550176,0.7047493245405319,0.14756766140569766,0.29616788867560334,0.22974958584206553,0.8397535819875336,0.85,0.32872114623601073,20581230.965836633,0.0,74.7,medium,low,True
NBO-0456,-1.232817,36.907698,permanent_masonry,RP100,100,0.01,73600000.0,0.04,proxy,0.2559123039245605,0.5517255338708454,0.20457702201279412,0.2559123039245605,0.18569521502298605,0.6787312429833622,0.85,0.2771939977546759,20401478.234744146,20401478.234744146,59.2,medium,medium,True
NBO-0368,-1.281142,36.73553,permanent_masonry,RP100,100,0.01,88130000.0,0.04,ml_model,0.0,0.5210449706457589,0.1531757743722428,0.2189669198502666,0.14526341754375327,0.5309497066861866,0.85,0.2299039061395797,20261431.24808116,0.0,48.2,low,low,True
NBO-0038,-1.257297,36.878574,permanent_masonry,RP100,100,0.01,57240000.0,0.1,ml_model,0.0550626032054424,0.7349021183940724,0.12165400036602726,0.3088394712969787,0.243616943703566,0.890439912473035,0.85,0.3449407719913712,19744409.788786087,0.0,80.8,high,high,True
NBO-0084,-1.286346,36.920269,permanent_masonry,RP100,100,0.01,66900000.0,0.04,ml_model,0.1707343310117721,0.6402314050501308,0.1431416172197696,0.26905450902153644,0.20007760644278963,0.731300063371266,0.85,0.29401602027880513,19669671.756652065,9949937.625814892,63.5,medium,low,True
NBO-0155,-1.284631,36.934741,permanent_masonry,RP100,100,0.01,72965000.0,0.04,ml_model,0.1744741797447204,0.5833721264539601,0.11467420781169463,0.24515964043911573,0.17392785833421537,0.6357205890415831,0.85,0.2634305884933066,19221212.889414113,11332241.457307274,55.0,medium,low,True
NBO-0417,-1.302171,36.892264,permanent_masonry,RP100,100,0.01,50905000.0,0.1,ml_model,0.012592683546245,0.7821128865284076,0.10535031905899757,0.32867959463475616,0.2653293137020189,0.9698004058241448,0.85,0.3703361298637263,18851960.69071299,0.0,85.7,high,low,True
NBO-0454,-1.339888,36.948654,permanent_masonry,RP100,100,0.01,74880000.0,0.04,ml_model,0.0921917185187339,0.5587678436925541,0.14277231449892858,0.2348197958673256,0.16261227691130517,0.5943612107544226,0.85,0.25019558744141523,18734645.587613173,785754.5228900304,52.2,medium,low,True
NBO-0509,-1.193795,36.897925,permanent_masonry,RP100,100,0.01,44085000.0,0.1,proxy,0.3580530881881714,0.36620224135987434,0.1665722086179258,0.3580530881881714,0.29747468645605574,1.0872943800378057,0.85,0.4061883140113417,17906811.82319,17906811.82319,90.7,very_high,medium,True
NBO-0091,-1.308021,36.816316,permanent_masonry,RP100,100,0.01,37840000.0,0.2,known_hotspot,0.0110014136880636,0.678829756695947,0.0777518814887044,0.4065433110090325,0.35054077083816537,1.2812552713212502,0.85,0.46437658139637505,17572009.840038832,0.0,94.8,very_high,high,True
NBO-0306,-1.220163,36.889739,permanent_masonry,RP100,100,0.01,67155000.0,0.04,ml_model,0.183804303407669,0.5797922666120728,0.1333698122585888,0.2436552196554313,0.17228147034898939,0.6297029059068454,0.85,0.26150492989019053,17561363.566775747,11532640.030428132,54.3,medium,low,True
NBO-0551,-1.229688,36.86457,permanent_masonry,RP100,100,0.01,42840000.0,0.1,ml_model,0.0408122949302196,0.8565787391690984,0.09233087738950595,0.3599735506373399,0.29957637657937697,1.0949762298344798,0.85,0.408492868950344,17499834.505832735,0.0,90.8,very_high,low,True
NBO-0209,-1.241941,36.938785,permanent_masonry,RP100,100,0.01,24420000.0,0.2,proxy,0.6831744313240051,0.10150246349263495,0.12664169200465475,0.6831744313240051,0.6532766528237693,2.3877797525811406,0.85,0.7098003554646053,17333324.68044566,17333324.68044566,99.2,very_high,medium,True
NBO-0168,-1.226041,36.807618,permanent_masonry,RP100,100,0.01,56855000.0,0.04,ml_model,0.0,0.6327615139831927,0.09906724613338844,0.2659153192573261,0.19664218174832165,0.7187433043144246,0.85,0.2899978573806159,16487828.181374917,0.0,62.0,medium,low,True
NBO-0371,-1.18152,36.87356,permanent_masonry,RP100,100,0.01,63800000.0,0.04,ml_model,0.0,0.5627304512451374,0.08775617463085171,0.23648506473901096,0.1644346916853148,0.601022286241164,0.85,0.2523271315971725,16098470.995899606,0.0,52.7,medium,low,True
NBO-0088,-1.269745,36.728359,permanent_masonry,RP100,100,0.01,69520000.0,0.04,ml_model,0.0,0.5233575222425938,0.1024986921346111,0.21993875976559324,0.14632696676981374,0.5348370663474932,0.85,0.23114786123119782,16069399.312792873,0.0,48.8,low,low,True
NBO-0429,-1.335739,36.913418,permanent_masonry,RP100,100,0.01,50595000.0,0.1,ml_model,0.0456912256777286,0.6820537880879227,0.16380788233858537,0.2866301865743467,0.21931184241517893,0.801602773582507,0.85,0.3165128875464022,16013969.54541022,0.0,70.3,medium,low,True
NBO-0519,-1.331527,36.92513,permanent_masonry,RP100,100,0.01,44655000.0,0.1,ml_model,0.0,0.7555164568800826,0.1295862429247158,0.3175025588562698,0.2530975381138926,0.9250922627101995,0.85,0.35602952406726385,15898498.397223666,0.0,82.5,high,low,True
NBO-0255,-1.306528,36.801425,permanent_masonry,RP100,100,0.01,59540000.0,0.04,ml_model,0.0,0.5802200012057939,0.10021781776213898,0.2438349732885667,0.17247818673652165,0.630421920439387,0.85,0.2617350145406039,15583702.765747555,0.0,54.5,medium,low,True
NBO-0026,-1.263277,36.866831,permanent_masonry,RP100,100,0.01,44030000.0,0.1,ml_model,0.0,0.7421631624995281,0.12520860608566423,0.3118908940190867,0.24695631907115467,0.902645603361467,0.85,0.34884659307566945,15359715.493121726,0.0,81.2,high,low,True
NBO-0379,-1.244467,36.767451,permanent_masonry,RP100,100,0.01,52055000.0,0.04,ml_model,0.0,0.6365042889679396,0.1152690400631267,0.26748820443283594,0.19836349488304017,0.725034845016464,0.85,0.2920111504052685,15200640.434346251,0.0,62.3,medium,low,True
NBO-0595,-1.259297,36.878847,permanent_masonry,RP100,100,0.01,40365000.0,0.1,known_hotspot,0.1646010726690292,0.5434204743498473,0.12902407571612595,0.3327522279305491,0.2697862678993702,0.9860909390073166,0.85,0.3755491004823413,15159039.440969707,5567705.0987823475,87.3,high,high,True
NBO-0445,-1.259144,36.860661,permanent_masonry,RP100,100,0.01,47880000.0,0.04,ml_model,0.1833299994468689,0.662808056237557,0.15713422719274328,0.27854225009869876,0.21046067418938083,0.7692510276799153,0.85,0.3061603288575729,14658956.54570059,8182543.142609391,65.8,medium,low,True
NBO-0056,-1.195179,36.945076,permanent_masonry,RP100,100,0.01,45575000.0,0.04,proxy,0.269245445728302,0.5950097673624922,0.12199894027890965,0.269245445728302,0.20028656121353375,0.7320638101983282,0.85,0.294260419263465,13410918.607932419,13410918.607932419,63.7,medium,high,True
NBO-0411,-1.189573,36.871599,permanent_masonry,RP100,100,0.01,51210000.0,0.04,ml_model,0.0,0.5780190641681044,0.13092343206116408,0.24291003891422674,0.17146596937183833,0.6267221829420272,0.85,0.2605510985414487,13342821.756307587,0.0,54.0,medium,low,True
NBO-0300,-1.316479,36.875112,permanent_masonry,RP100,100,0.01,48805000.0,0.04,ml_model,0.1420998126268386,0.6001736287703443,0.12482520282340438,0.25222039990967776,0.1816549182664999,0.6639636269238313,0.85,0.272468360615626,13297818.339845628,4799081.655571159,57.8,medium,low,True
NBO-0259,-1.194012,36.894882,permanent_masonry,RP100,100,0.01,30340000.0,0.2,proxy,0.3750833570957184,0.3607925819487969,0.14760256587135595,0.3750833570957184,0.31611204537759713,1.1554154556679936,0.85,0.4266246367003981,12943791.477490077,12943791.477490077,93.0,very_high,medium,True
NBO-0252,-1.311595,36.796579,permanent_masonry,RP100,100,0.01,36755000.0,0.1,ml_model,0.0,0.7340387708502637,0.09846515424935254,0.30847665318514894,0.24321988764942404,0.888988640025716,0.85,0.34447636480822913,12661228.788526462,0.0,80.5,high,low,True
NBO-0036,-1.256369,36.829457,permanent_masonry,RP100,100,0.01,31480000.0,0.1,proxy,0.3459735810756683,0.2405682064633302,0.1486538162439744,0.3459735810756683,0.28425527630620984,1.0389763515877934,0.85,0.39169290547633806,12330492.664395122,12330492.664395122,89.2,high,medium,True
NBO-0241,-1.230749,36.829461,permanent_masonry,RP100,100,0.01,37825000.0,0.1,ml_model,0.0070095574483275,0.6971811153770489,0.16858590285911337,0.29298738115193107,0.2262689443681617,0.8270315518928445,0.85,0.32465009660571026,12279889.90411099,0.0,72.7,medium,low,True
NBO-0375,-1.265587,36.732079,permanent_masonry,RP100,100,0.01,53235000.0,0.04,ml_model,0.0,0.5163627487608763,0.13781018322242913,0.2169992361339885,0.14311005003890453,0.5230789718210742,0.85,0.22738527098274375,12104854.900766363,0.0,47.5,low,low,True
NBO-0531,-1.262821,36.929629,permanent_masonry,RP100,100,0.01,33350000.0,0.1,ml_model,0.2391031980514526,0.7318882227968313,0.15665368238127586,0.3075728945658757,0.2422308443256062,0.8853736055486231,0.85,0.3433195537755594,11449707.118414905,8526872.71360721,80.0,high,low,True
NBO-0274,-1.290944,36.852137,permanent_masonry,RP100,100,0.01,38080000.0,0.04,ml_model,0.1202279850840568,0.6322771521201963,0.13365193639254194,0.2657117682565328,0.19641942231444437,0.7179291003112515,0.85,0.28973731209960046,11033196.844752785,2278606.1262892,61.7,medium,low,True
NBO-0449,-1.200878,36.877885,permanent_masonry,RP100,100,0.01,35640000.0,0.04,proxy,0.2776331305503845,0.5398237796410068,0.19232090510675173,0.2776331305503845,0.2094657640434222,0.7656145494866583,0.85,0.30499665583573066,10870080.81398544,10870080.81398544,65.5,medium,high,True
NBO-0586,-1.196646,36.92581,permanent_masonry,RP100,100,0.01,37075000.0,0.04,ml_model,0.2206043452024459,0.6372908360061692,0.12312963903380844,0.2678187474607535,0.1987252301606072,0.7263570171281343,0.85,0.29243424548100294,10841999.651208185,8601392.97763794,62.7,medium,low,True
NBO-0502,-1.261483,36.874398,permanent_masonry,RP100,100,0.01,32125000.0,0.1,ml_model,0.051689475774765,0.7080598472692677,0.12894274209233691,0.29755912168972726,0.23127210490318467,0.8453185140440292,0.85,0.3305019244940893,10617374.32437262,0.0,75.3,high,high,True
NBO-0505,-1.244107,36.925259,permanent_masonry,RP100,100,0.01,37065000.0,0.04,proxy,0.2582066655158996,0.6095104109637011,0.20647903576385226,0.2582066655158996,0.1882060879108849,0.6879086893487186,0.85,0.28013078059158997,10383047.382627282,10383047.382627282,59.7,medium,medium,True
NBO-0364,-1.270336,36.775293,permanent_masonry,RP100,100,0.01,32130000.0,0.1,known_hotspot,0.0,0.643290883841606,0.09040934865789127,0.2914602634853178,0.22459771767041495,0.8209230812263913,0.85,0.32269538599244524,10368202.751937266,0.0,72.2,medium,high,True
NBO-0344,-1.213194,36.935062,permanent_masonry,RP100,100,0.01,32270000.0,0.1,ml_model,0.1862595975399017,0.6884375673287645,0.13468099560547558,0.28931294249009576,0.22224776111218472,0.8123337972455033,0.85,0.31994681511856105,10324683.723875964,5681229.78321419,71.0,medium,low,True
NBO-0477,-1.319008,36.757525,permanent_masonry,RP100,100,0.01,45370000.0,0.04,ml_model,0.0,0.5057351800397936,0.14237195901289146,0.21253304584437022,0.13822240017903464,0.5052142106626011,0.85,0.22166854741203235,10057101.996083908,0.0,46.5,low,low,True
NBO-0329,-1.231313,36.878088,permanent_masonry,RP100,100,0.01,23595000.0,0.1,ml_model,0.0,0.8494354705299759,0.10634851986253789,0.3569716225511075,0.29629116649235504,1.08296851748955,0.85,0.404890555246865,9553392.65104978,0.0,90.5,very_high,low,True
NBO-0550,-1.259167,36.767873,permanent_masonry,RP100,100,0.01,34820000.0,0.04,ml_model,0.0,0.5983785706470612,0.1504024711859815,0.2514660344127412,0.1808293657986699,0.6609461649360849,0.85,0.27150277277954715,9453726.548183832,0.0,57.3,medium,low,True
NBO-0217,-1.295741,36.827042,permanent_masonry,RP100,100,0.01,42040000.0,0.04,ml_model,0.0455809794366359,0.5000038204766762,0.08858039685524066,0.2101244665070919,0.13558653119519426,0.49557989331348784,0.85,0.21805515305793466,9167038.634555573,0.0,46.3,low,low,True
NBO-0104,-1.226248,36.851791,permanent_masonry,RP100,100,0.01,36035000.0,0.04,ml_model,0.0,0.5641731683380858,0.12998268824276013,0.23709136042528678,0.16509820148536833,0.6034474689862673,0.85,0.25310319007560556,9120573.454374446,0.0,52.8,medium,low,True
NBO-0358,-1.310107,36.808186,permanent_masonry,RP100,100,0.01,33745000.0,0.04,proxy,0.2464310377836227,0.29218970625071766,0.1157172139374752,0.2464310377836227,0.17531923323088364,0.640806178419611,0.85,0.26505797709427553,8944381.437046329,8944381.437046329,55.7,medium,medium,True
NBO-0047,-1.253496,36.874782,permanent_masonry,RP100,100,0.01,34465000.0,0.04,proxy,0.2410086989402771,0.5571729747852936,0.20253547647302728,0.2410086989402771,0.16938520624832298,0.6191168230462286,0.85,0.2581173833747932,8896015.618012248,8896015.618012248,53.8,medium,medium,True
NBO-0121,-1.229133,36.79396,permanent_masonry,RP100,100,0.01,38180000.0,0.04,ml_model,0.0,0.524675839830389,0.14619231586384632,0.22049277709201745,0.14693326487452216,0.53705313565319,0.85,0.2318570034090208,8852300.390156414,0.0,49.2,low,low,True
NBO-0354,-1.225862,36.799735,permanent_masonry,RP100,100,0.01,31610000.0,0.04,ml_model,0.0,0.6116337555529022,0.11292136846159409,0.2570364691628945,0.18692546400776086,0.6832279039366983,0.85,0.2786329292597435,8807586.893900491,0.0,59.5,medium,low,True
NBO-0558,-1.196781,36.753065,permanent_masonry,RP100,100,0.01,35710000.0,0.04,ml_model,0.0,0.5463908979226634,0.1349627252452115,0.22961843735689239,0.1569200834430271,0.5735557767126898,0.85,0.2435378485480607,8696736.571651248,0.0,50.7,medium,low,True
NBO-0542,-1.189111,36.888,permanent_masonry,RP100,100,0.01,22450000.0,0.1,ml_model,0.1991578191518783,0.7914896487574421,0.10469377839898618,0.3326201388471211,0.2696417140070724,0.9855625826736046,0.85,0.37538002645555346,8427281.593927175,4462024.015851432,87.2,high,low,True
NBO-0258,-1.325808,36.801523,permanent_masonry,RP100,100,0.01,36655000.0,0.04,ml_model,0.0,0.5180517951586415,0.14028301442682112,0.21770905065680113,0.14388684740488855,0.5259182299123247,0.85,0.2282938335719439,8368110.469579604,0.0,47.7,low,low,True
NBO-0089,-1.212553,36.795312,permanent_masonry,RP100,100,0.01,32095000.0,0.04,proxy,0.238679438829422,0.28850404968191623,0.12806048931909358,0.238679438829422,0.16683614158332535,0.6097997826028082,0.85,0.2551359304328986,8188587.687243881,8188587.687243881,53.3,medium,medium,True
NBO-0238,-1.281576,36.902948,permanent_masonry,RP100,100,0.01,31835000.0,0.04,ml_model,0.0682321786880493,0.5655364573086776,0.12656530542588526,0.23766427678294083,0.1657251820602252,0.6057391344168835,0.85,0.25383652301340276,8080885.710131677,0.0,53.2,medium,low,True
NBO-0133,-1.207541,36.772299,permanent_masonry,RP100,100,0.01,25915000.0,0.04,ml_model,0.0,0.6518944027697072,0.17065317174746,0.27395583391814043,0.20544145311984444,0.750905362957682,0.85,0.3002897161464582,7782007.993935465,0.0,64.7,medium,low,True
NBO-0286,-1.211654,36.859362,permanent_masonry,RP100,100,0.01,27450000.0,0.04,ml_model,0.0472190491855144,0.6160680887462523,0.1694673834856896,0.2588999787170397,0.1889648267801792,0.6906819421532789,0.85,0.28101822148904926,7713950.1798744025,0.0,60.0,medium,low,True
NBO-0112,-1.271695,36.878829,permanent_masonry,RP100,100,0.01,27190000.0,0.04,ml_model,0.1458158493041992,0.5705800826149109,0.11715724670951527,0.23978383874093465,0.16804476005291738,0.6142173822488588,0.85,0.2565495623196348,6975582.599470871,2851469.320571134,53.5,medium,low,True
NBO-0267,-1.265873,36.781748,permanent_masonry,RP100,100,0.01,28335000.0,0.04,proxy,0.2188541740179062,0.3031757163777691,0.14059739518580575,0.2188541740179062,0.1451400322609949,0.530498723356745,0.85,0.2297595914741584,6510238.024420278,6510238.024420278,48.0,low,medium,True
NBO-0178,-1.265205,36.79272,permanent_masonry,RP100,100,0.01,19485000.0,0.1,ml_model,0.0,0.6685519668217924,0.11008250620562961,0.2809561039489079,0.21310231542445002,0.7789064430807519,0.85,0.3092500617858406,6025737.453897104,0.0,66.8,medium,low,True
NBO-0031,-1.229115,36.841887,permanent_masonry,RP100,100,0.01,23060000.0,0.04,ml_model,0.1423778533935547,0.5259687602297385,0.1214192970702918,0.22103612135864814,0.14752788273817025,0.5392265127197128,0.85,0.2325524840703081,5362660.282661305,2278814.888335197,49.3,low,low,True
NBO-0363,-1.265965,36.71004,permanent_masonry,RP100,100,0.01,41830000.0,0.01,proxy,0.1573828756809234,0.26998642177375287,0.10595592973339703,0.1573828756809234,0.07786789130426597,0.28461353000881384,0.85,0.12522995320387809,5238368.94251822,5238368.94251822,43.7,low,medium,True
NBO-0240,-1.211563,36.84204,permanent_masonry,RP100,100,0.01,18665000.0,0.04,ml_model,0.0,0.5938875490750262,0.16157443605896607,0.24957870180997016,0.17876393187551073,0.6533968345250009,0.85,0.26908698704800027,5022508.613250925,0.0,56.8,medium,low,True
NBO-0322,-1.317859,36.80791,concrete_rcc,RP100,100,0.01,394920000.0,0.01,proxy,0.0951244160532951,0.4422046546494407,0.13891077792044548,0.0951244160532951,0.009734307255678218,0.03557969149830059,0.8,0.010958544981476583,4327748.584084732,4327748.584084732,40.2,low,medium,True
NBO-0222,-1.24835,36.946666,semi_permanent,RP100,100,0.01,6000000.0,0.2,proxy,0.5876656770706177,0.16287887683428243,0.15993918485366443,0.5876656770706177,0.5487550540848997,2.005744735567591,0.9,0.7132408628825996,4279445.177295597,4279445.177295597,98.7,very_high,medium,True
NBO-0206,-1.274787,36.929401,semi_permanent,RP100,100,0.01,8345000.0,0.1,ml_model,0.1609867513179779,0.8089931531913945,0.09883413273520744,0.3399759117043814,0.27769162676125914,1.014985674102646,0.9,0.4453948426769525,3716819.9621391688,1317569.7620914914,91.5,very_high,low,True
NBO-0376,-1.330722,36.930502,semi_permanent,RP100,100,0.01,8385000.0,0.1,ml_model,0.0513914301991462,0.7333223017764783,0.10910566250700807,0.30817556012199104,0.2428903814321515,0.8877842677730844,0.9,0.3996023363983104,3350665.5906998324,0.0,84.2,high,low,True
NBO-0242,-1.219856,36.921451,semi_permanent,RP100,100,0.01,5850000.0,0.2,proxy,0.3921989500522613,0.3040299749390692,0.14454632263660286,0.3921989500522613,0.33484278009575164,1.2238778274941655,0.9,0.5205960178978997,3045486.704702713,3045486.704702713,95.3,very_high,medium,True
NBO-0319,-1.256119,36.841093,semi_permanent,RP100,100,0.01,6610000.0,0.1,ml_model,0.0,0.8306734049771173,0.07850071449945262,0.3490869447678316,0.28766243780783646,1.0514298063564467,0.9,0.4585147302883208,3030782.3672058005,0.0,92.8,very_high,low,True
NBO-0338,-1.300632,36.895328,semi_permanent,RP100,100,0.01,7740000.0,0.04,ml_model,0.1854711174964904,0.6599521535324439,0.12013920450071798,0.27734206920460885,0.20914723620344172,0.7644503041035556,0.9,0.3535489167757654,2736468.615844424,1622290.9237276753,71.8,medium,low,True
NBO-0226,-1.317641,36.884345,semi_permanent,RP100,100,0.01,6855000.0,0.1,ml_model,0.0314540527760982,0.6942539575505005,0.14903730282846558,0.291757255597892,0.2249227359439937,0.8221110496766882,0.9,0.3756906430758483,2575359.35828494,0.0,79.0,high,low,True
NBO-0372,-1.244471,36.934206,semi_permanent,RP100,100,0.01,5795000.0,0.1,proxy,0.3388372659683227,0.473719016552436,0.1727062830806231,0.3388372659683227,0.2764455308021986,1.0104310911584111,0.9,0.443755192817028,2571561.3423746773,2571561.3423746773,91.2,very_high,medium,True
NBO-0526,-1.192388,36.92264,semi_permanent,RP100,100,0.01,6355000.0,0.1,ml_model,0.205046534538269,0.7398172186091947,0.09893364133267342,0.3109050211352717,0.24587741263189505,0.898702111826207,0.9,0.4035327602574345,2564450.6914359964,1541106.409482139,85.2,high,low,True
NBO-0060,-1.207116,36.868812,semi_permanent,RP100,100,0.01,6050000.0,0.1,ml_model,0.0506880469620227,0.7684668447298678,0.12816990272817216,0.3229449039475569,0.25905345926768353,0.9468616430753479,0.9,0.42087019150712524,2546264.658618108,0.0,88.8,high,low,True
NBO-0538,-1.27839,36.927619,semi_permanent,RP100,100,0.01,5200000.0,0.1,ml_model,0.1317443251609802,0.8680812213223125,0.08098874507670144,0.3648074195538759,0.30486640167917095,1.114311705500624,0.9,0.4811522139802246,2501991.512697168,499862.090761975,93.5,very_high,low,True
NBO-0110,-1.238154,36.925489,semi_permanent,RP100,100,0.01,7450000.0,0.04,ml_model,0.2431769371032714,0.6154117691517025,0.18781091202819256,0.2586241632152072,0.18866298348388816,0.689578680145949,0.9,0.3247982131760444,2419746.688161531,2242980.9903174276,67.0,medium,low,True
NBO-0404,-1.297077,36.90215,semi_permanent,RP100,100,0.01,4480000.0,0.2,proxy,0.3978939950466156,0.3760252596085075,0.19578562857438234,0.3978939950466156,0.34107524760465113,1.2466580074715825,0.9,0.5287968826897698,2369010.0344501687,2369010.0344501687,95.7,very_high,medium,True
NBO-0014,-1.193437,36.9237,semi_permanent,RP100,100,0.01,5425000.0,0.1,proxy,0.3153730928897857,0.5127791808236406,0.13753611435788143,0.3153730928897857,0.25076712150426506,0.9165743988442631,0.9,0.4099667835839347,2224069.8009428456,2224069.8009428456,87.7,high,high,True
NBO-0340,-1.1977,36.752666,semi_permanent,RP100,100,0.01,8060000.0,0.04,ml_model,0.0,0.5391631861221791,0.10740157264819662,0.22658102239335087,0.15359603769973898,0.5614061168585237,0.9,0.2755799488736731,2221174.387921805,0.0,54.2,medium,low,True
NBO-0433,-1.247364,36.787692,semi_permanent,RP100,100,0.01,4320000.0,0.2,known_hotspot,0.0,0.5186346610841481,0.1884444405665223,0.38722498160505164,0.32939943473706573,1.203981953705327,0.9,0.5134335033339177,2218032.7344025243,0.0,95.2,very_high,high,True
NBO-0591,-1.268694,36.778328,semi_permanent,RP100,100,0.01,5395000.0,0.1,ml_model,0.0,0.7481843036937921,0.0955054062580535,0.3144212528471501,0.24972545947257313,0.9127670386737207,0.9,0.4085961339225394,2204376.1425121003,0.0,86.8,high,low,True
NBO-0288,-1.267276,36.835611,semi_permanent,RP100,100,0.01,5600000.0,0.1,ml_model,0.0290607716888189,0.717845185209595,0.09038344535715047,0.30167136809685,0.23577241036984717,0.8617674996725203,0.9,0.39023629988210734,2185323.279339801,0.0,82.3,high,low,True
NBO-0142,-1.257697,36.845664,semi_permanent,RP100,100,0.01,4885000.0,0.1,ml_model,0.0,0.8097834362306842,0.10123007563301888,0.3403080247707616,0.2780550802366131,1.0163141263681665,0.9,0.44587308549253996,2178090.0226310575,0.0,91.8,very_high,low,True
NBO-0471,-1.210378,36.930778,semi_permanent,RP100,100,0.01,4990000.0,0.1,ml_model,0.1440567374229431,0.783133111792828,0.1310591910339316,0.3291083399375401,0.2657985182775478,0.9715153870352805,0.9,0.429745539332701,2144430.241270178,609434.3878205584,89.7,high,low,True
NBO-0345,-1.278319,36.839113,semi_permanent,RP100,100,0.01,6630000.0,0.04,ml_model,0.0,0.6090429418843256,0.10897557716552983,0.2559476908023413,0.18573394124310003,0.6788727904944855,0.9,0.3206871515498824,2126155.8147757202,0.0,66.0,medium,low,True
NBO-0079,-1.240748,36.917596,semi_permanent,RP100,100,0.01,3200000.0,0.2,proxy,0.5309082269668579,0.19747964282514532,0.18467691823603166,0.5309082269668579,0.48664159159068865,1.7787149351525517,0.9,0.6642024259929512,2125447.7631774438,2125447.7631774438,97.8,very_high,medium,True
NBO-0160,-1.267116,36.905938,semi_permanent,RP100,100,0.01,5905000.0,0.04,ml_model,0.0737608298659324,0.6646256893992429,0.10849396419037599,0.2793061026589467,0.21129660898323308,0.7723064379209069,0.9,0.35656567216162827,2105520.294114415,0.0,72.3,medium,low,True
NBO-0100,-1.286345,36.846856,semi_permanent,RP100,100,0.01,7865000.0,0.04,ml_model,0.1653144210577011,0.5225756736374235,0.15591045557039732,0.2196101912340686,0.1459673923153179,0.5335227922213946,0.9,0.26487275221301554,2083224.1961553672,1313670.2468064108,52.3,medium,low,True
NBO-0450,-1.313857,36.861033,semi_permanent,RP100,100,0.01,7390000.0,0.04,proxy,0.2292035818099975,0.41764901920350606,0.13129760980834665,0.2292035818099975,0.15646607935359985,0.5718963545251102,0.9,0.2796082001376423,2066304.5990171768,2066304.5990171768,56.0,medium,medium,True
NBO-0352,-1.310166,36.860695,semi_permanent,RP100,100,0.01,6100000.0,0.04,ml_model,0.0,0.6346152644664844,0.10471246018719568,0.26669434996746666,0.1974947270037497,0.7218594271549869,0.9,0.337194020027515,2056883.5221678414,0.0,69.7,medium,low,True
NBO-0459,-1.276579,36.926282,semi_permanent,RP100,100,0.01,4475000.0,0.1,ml_model,0.1803040653467178,0.8265470743686826,0.07619621889569489,0.3473528719823424,0.2857647263227925,1.0444935152144899,0.9,0.45601766547721634,2040679.053010543,889117.5964741814,92.7,very_high,low,True
NBO-0071,-1.220708,36.937779,semi_permanent,RP100,100,0.01,3840000.0,0.2,proxy,0.3993943929672241,0.28167273319536035,0.194945682499234,0.3993943929672241,0.3427172331025503,1.2526595991540166,0.9,0.5307021341766605,2037896.195238376,2037896.195238376,95.8,very_high,medium,True
NBO-0323,-1.269099,36.814491,permanent_masonry,RP100,100,0.01,36045000.0,0.01,known_hotspot,0.0,0.4996790480654245,0.1344164165450847,0.11801240312020368,0.03478215777837531,0.12713163976593495,0.85,0.05593792149701138,2016282.3803597752,0.0,42.3,low,medium,True
NBO-0279,-1.242356,36.946982,semi_permanent,RP100,100,0.01,3240000.0,0.2,proxy,0.4855479598045349,0.3114974046097574,0.20236257976363584,0.4855479598045349,0.43700082640543764,1.5972738665032598,0.9,0.6216803007568605,2014244.1744522282,2014244.1744522282,97.2,very_high,medium,True
NBO-0275,-1.305913,36.879391,semi_permanent,RP100,100,0.01,4445000.0,0.1,ml_model,0.0018672097939997,0.8095348300939648,0.07360085772658977,0.34020354910535816,0.27794074554904824,1.015896223706553,0.9,0.44572264053435906,1981237.1371752261,0.0,91.7,very_high,low,True
NBO-0457,-1.186498,36.925161,permanent_masonry,RP100,100,0.01,28450000.0,0.01,proxy,0.1254225820302963,0.4819159660475415,0.17320471754150196,0.1254225820302963,0.04289161070422022,0.1567723554063054,0.85,0.06897983637877438,1962476.3449761309,1962476.3449761309,42.8,low,medium,True
NBO-0002,-1.257597,36.896201,semi_permanent,RP100,100,0.01,3300000.0,0.2,proxy,0.4584057033061981,0.22612470795584633,0.10637135544871128,0.4584057033061981,0.4072972451498375,1.4887048405099126,0.9,0.5930180778946169,1956959.657052236,1956959.657052236,96.5,very_high,medium,True
NBO-0439,-1.192567,36.872725,semi_permanent,RP100,100,0.01,5215000.0,0.1,ml_model,0.0,0.6824937463826215,0.14102460767311203,0.28681507716552423,0.2195141805184525,0.8023423359472172,0.9,0.36809945700373137,1919638.6682744592,0.0,76.8,high,low,True
NBO-0343,-1.254997,36.812644,semi_permanent,RP100,100,0.01,5850000.0,0.04,ml_model,0.0,0.616737881810855,0.14461981827425888,0.2591814563870215,0.18927286656465528,0.6918078528332062,0.9,0.3256542154879512,1905077.1606045146,0.0,67.3,medium,low,True
NBO-0458,-1.271154,36.849901,semi_permanent,RP100,100,0.01,4480000.0,0.1,ml_model,0.0,0.7473326565081592,0.12931051328485532,0.31406335176078887,0.24933378444729104,0.9113354343282757,0.9,0.40808075635817925,1828201.788484643,0.0,86.5,high,low,True
NBO-0132,-1.27855,36.818788,semi_permanent,RP100,100,0.01,5665000.0,0.04,ml_model,0.0129572013393044,0.6038716857922386,0.16652255772847985,0.2537744925526051,0.18335566547964155,0.6701799974955406,0.9,0.31734911903828755,1797782.759351899,0.0,65.0,medium,low,True
NBO-0503,-1.225395,36.907248,semi_permanent,RP100,100,0.01,4345000.0,0.1,proxy,0.3172338306903839,0.6313400617502413,0.18149447050330555,0.3172338306903839,0.2528034509619438,0.9240173500466559,0.9,0.4126462460167961,1792947.938942979,1792947.938942979,88.3,high,high,True
NBO-0409,-1.286737,36.831791,semi_permanent,RP100,100,0.01,4740000.0,0.1,ml_model,0.0,0.6978771735770039,0.06450002284413107,0.29327989663268084,0.2265890635650127,0.8282016138158436,0.9,0.3780294197052839,1791859.4494030457,0.0,79.7,high,low,True
NBO-0559,-1.180076,36.902401,semi_permanent,RP100,100,0.01,4615000.0,0.1,ml_model,0.2211252897977829,0.7126277627343409,0.11942545583722644,0.2994787686220906,0.23337290255208365,0.8529971017734826,0.9,0.3870789566384537,1786369.3848864639,1233127.7397457545,81.7,high,low,True
NBO-0598,-1.340629,36.87552,semi_permanent,RP100,100,0.01,6200000.0,0.04,ml_model,0.0,0.5561180045551006,0.10331254143809453,0.23370621230599162,0.16139360816130602,0.5899068765090867,0.9,0.2865242405794893,1776450.2915928336,0.0,57.7,medium,low,True
NBO-0012,-1.238124,36.817765,permanent_masonry,RP100,100,0.01,35135000.0,0.01,proxy,0.1145584806799888,0.32075294068716675,0.1585809605981732,0.1145584806799888,0.031002300128745115,0.11331595000507544,0.85,0.04985901800223319,1751796.597508463,1751796.597508463,42.0,low,medium,True
NBO-0243,-1.190807,36.86859,semi_permanent,RP100,100,0.01,4500000.0,0.1,ml_model,0.0,0.7137690688326176,0.11674870392115344,0.2999583976273111,0.23389779255634624,0.8549156177943645,0.9,0.38776962240597124,1744963.3008268706,0.0,82.0,high,low,True
NBO-0021,-1.31688,36.792734,semi_permanent,RP100,100,0.01,4265000.0,0.1,known_hotspot,0.0192247051745653,0.7164752506734561,0.1544095299072848,0.31300303401575674,0.2481734080320786,0.9070941633481472,0.9,0.406553898805333,1733952.3784047451,0.0,86.3,high,high,True
NBO-0228,-1.197482,36.882829,semi_permanent,RP100,100,0.01,4865000.0,0.04,proxy,0.2758456170558929,0.5447246824939017,0.1339752018831285,0.2758456170558929,0.20750956882684662,0.7584644955086918,0.9,0.3512503662753377,1708833.0319295179,1708833.0319295179,71.7,medium,high,True
NBO-0554,-1.340246,36.945013,semi_permanent,RP100,100,0.01,5180000.0,0.04,ml_model,0.098816879093647,0.6226126370655855,0.13378213748226545,0.26165029715024435,0.1919746836454135,0.7016832158860976,0.9,0.3294463549002615,1706532.1183833545,137708.0158910484,68.2,medium,low,True
NBO-0156,-1.31803,36.786682,semi_permanent,RP100,100,0.01,4130000.0,0.1,known_hotspot,0.0292692780494689,0.6740743330662681,0.12878523279025103,0.31462171766705826,0.24994484149290722,0.9135688979533533,0.9,0.4088848032632072,1688694.2374770457,0.0,87.0,high,high,True
NBO-0058,-1.326314,36.926912,semi_permanent,RP100,100,0.01,4960000.0,0.04,ml_model,0.0,0.6389520595164425,0.11275669897807071,0.26851686953412573,0.1994892316994627,0.7291495054216232,0.9,0.3399934100819033,1686367.3140062403,0.0,70.0,medium,low,True
NBO-0174,-1.198222,36.903014,semi_permanent,RP100,100,0.01,4610000.0,0.1,ml_model,0.1815550923347473,0.6697508059360318,0.16713762533200752,0.2814599109579568,0.21365366503060165,0.7809216711169474,0.9,0.35987392170890775,1659018.7790780647,928120.5375748121,73.2,medium,low,True
NBO-0069,-1.22829,36.832026,semi_permanent,RP100,100,0.01,5025000.0,0.04,ml_model,0.0,0.6228036461133033,0.19373904701959824,0.2617305678853989,0.1920625292637119,0.7020042988267158,0.9,0.3295696507494589,1656087.4950160307,0.0,68.3,medium,low,True
NBO-0293,-1.204167,36.891005,semi_permanent,RP100,100,0.01,2185000.0,0.2,proxy,0.6318746209144592,0.11213308921218412,0.11933244339150105,0.6318746209144592,0.597135849387246,2.182580510942957,0.9,0.7514373903636787,1641890.697944638,1641890.697944638,99.8,very_high,medium,True
NBO-0278,-1.184995,36.888914,semi_permanent,RP100,100,0.01,3950000.0,0.1,ml_model,0.1691483855247497,0.7444605171602743,0.09521420130392505,0.31285634748703556,0.24801287918197218,0.9065074172332624,0.9,0.4063426702039745,1605053.5473056994,691742.5675075186,86.2,high,low,True
NBO-0035,-1.259929,36.817481,semi_permanent,RP100,100,0.01,3940000.0,0.1,ml_model,0.0,0.7406144563177521,0.10786548350137071,0.3112400568716592,0.24624406457993503,0.9000422547717569,0.9,0.40401521171783245,1591819.9341682598,0.0,85.5,high,low,True
NBO-0473,-1.204539,36.850227,semi_permanent,RP100,100,0.01,5015000.0,0.04,ml_model,0.0887950211763382,0.6025381860322756,0.20097991143863728,0.2532140949832776,0.1827423850496604,0.6679384072182307,0.9,0.31648834837180057,1587189.0670845797,27173.251581813263,64.8,medium,low,True
NBO-0302,-1.207697,36.777948,semi_permanent,RP100,100,0.01,4830000.0,0.04,ml_model,0.0,0.6165594853654827,0.1489372082894837,0.2591064860440452,0.18919082151897185,0.6915079714613009,0.9,0.32553906104113955,1572353.664828704,0.0,67.2,medium,low,True
NBO-0576,-1.32098,36.87598,semi_permanent,RP100,100,0.01,4980000.0,0.04,ml_model,0.0,0.5959095748432669,0.08602721125007545,0.2504284494887181,0.17969386742541588,0.6567958252399927,0.9,0.3122095968921572,1554803.7925229429,0.0,64.2,medium,low,True
NBO-0087,-1.210741,36.884764,semi_permanent,RP100,100,0.01,3110000.0,0.2,ml_model,0.0,0.8915681522094728,0.06396254348885758,0.3746777017806168,0.3156681097153348,1.1537928344075876,0.9,0.4953654203867316,1540586.4574027353,0.0,94.2,very_high,low,True
NBO-0052,-1.274863,36.81455,semi_permanent,RP100,100,0.01,4795000.0,0.04,ml_model,0.0522333420813083,0.6047193799483984,0.14087527556830573,0.2541307323952416,0.18374552249513634,0.6716049568660866,0.9,0.31789630343657727,1524312.774978388,0.0,65.2,medium,low,True
NBO-0390,-1.19186,36.849251,semi_permanent,RP100,100,0.01,5340000.0,0.04,ml_model,0.0,0.5540172108656645,0.14092690754657503,0.23282336274533547,0.16042744701464426,0.5863754782664621,0.9,0.28516818365432145,1522798.1007140765,0.0,57.2,medium,low,True
NBO-0138,-1.243781,36.81987,semi_permanent,RP100,100,0.01,4115000.0,0.1,ml_model,0.0,0.6841737799076824,0.13682661078424196,0.2875211040671405,0.22028683283798545,0.8051664435536822,0.9,0.36918391432461395,1519191.8074457864,0.0,77.3,high,low,True
NBO-0266,-1.245469,36.827153,semi_permanent,RP100,100,0.01,3960000.0,0.1,ml_model,0.0,0.7006037086566981,0.11647653732321561,0.29442571133563133,0.22784300500260235,0.8327848726276456,0.9,0.3797893910890159,1503965.9887125029,0.0,80.7,high,low,True
NBO-0216,-1.217864,36.946273,semi_permanent,RP100,100,0.01,4005000.0,0.1,proxy,0.2864344120025635,0.5982878437659452,0.16267607404281384,0.2864344120025635,0.2190975932461351,0.8008196752953741,0.9,0.36751475531342365,1471896.5950302617,1471896.5950302617,76.5,high,high,True
NBO-0196,-1.224155,36.832879,semi_permanent,RP100,100,0.01,4445000.0,0.04,ml_model,0.0,0.6235879219595843,0.19330390453008856,0.2620601564546164,0.19242322001347578,0.7033226531035858,0.9,0.33007589879177696,1467187.3701294486,0.0,68.5,medium,low,True
NBO-0483,-1.24542,36.771289,semi_permanent,RP100,100,0.01,5375000.0,0.04,known_hotspot,0.0,0.4892157135003546,0.21646943203673932,0.223790616223573,0.15054231015113947,0.5502444921794122,0.9,0.2712938849968943,1458204.6318583067,0.0,53.7,medium,medium,True
NBO-0514,-1.265043,36.819492,semi_permanent,RP100,100,0.01,4725000.0,0.04,proxy,0.2468424439430236,0.30238212249805035,0.16464417789203942,0.2468424439430236,0.17576946242555536,0.6424518030572146,0.9,0.30670149237397043,1449164.5514670103,1449164.5514670103,62.8,medium,medium,True
NBO-0004,-1.263191,36.773582,semi_permanent,RP100,100,0.01,12400000.0,0.01,proxy,0.1406206041574478,0.4276917923277679,0.15111415169590986,0.1406206041574478,0.05952381979140189,0.21756444391491137,0.9,0.1148740263870732,1424437.9271997076,1424437.9271997076,43.5,low,medium,True
NBO-0284,-1.27871,36.781699,semi_permanent,RP100,100,0.01,11015000.0,0.01,known_hotspot,0.0482361502945423,0.48320927506874467,0.12743259829843395,0.147455420904916,0.06700361553491346,0.24490371090478424,0.9,0.12930915935772608,1424340.3903253528,0.0,43.8,low,medium,True
NBO-0097,-1.279198,36.745978,semi_permanent,RP100,100,0.01,5565000.0,0.04,ml_model,0.0,0.506622428210786,0.16345190756633354,0.21290590809252552,0.13863044820134648,0.5067056596552223,0.9,0.25457497330760537,1416709.7264568238,0.0,50.2,medium,low,True
NBO-0073,-1.265598,36.886731,semi_permanent,RP100,100,0.01,3550000.0,0.1,proxy,0.3062759339809418,0.47609456891987767,0.12034812353621414,0.3062759339809418,0.24081149387026524,0.8801857632088873,0.9,0.3968668747551994,1408877.4053809578,1408877.4053809578,83.7,high,medium,True
NBO-0422,-1.281913,36.829603,semi_permanent,RP100,100,0.01,5305000.0,0.04,ml_model,0.1076729446649551,0.5196324340131638,0.13533683520161346,0.2183733073733403,0.14461378782546516,0.5285752567784814,0.9,0.2629728986029368,1395071.22708858,240255.86140401644,51.8,medium,low,True
NBO-0179,-1.337228,36.908714,semi_permanent,RP100,100,0.01,4500000.0,0.04,ml_model,0.1453894227743148,0.5886480392689482,0.15590688999855037,0.24737682022892296,0.1763542660298633,0.6445893082008121,0.9,0.3075222943491118,1383850.3245710032,562255.9708765334,63.2,medium,low,True
NBO-0389,-1.270773,36.910552,semi_permanent,RP100,100,0.01,3325000.0,0.1,known_hotspot,0.0520594380795955,0.7387726467973631,0.10240182668590385,0.316509131045759,0.2520103638145528,0.9211185514681562,0.9,0.4116026785285362,1368578.9061073828,0.0,88.0,high,high,True
NBO-0399,-1.208904,36.854328,semi_permanent,RP100,100,0.01,3425000.0,0.1,ml_model,0.0,0.7322712905269607,0.11380939495773831,0.3077338771406744,0.2424070182922608,0.8860175358478178,0.9,0.39896631290521445,1366459.6217003595,0.0,84.0,high,low,True
NBO-0005,-1.202301,36.930681,informal_iron_sheet,RP100,100,0.01,1570000.0,0.2,proxy,0.6697713136672974,0.08751901638409292,0.11201319309629518,0.6697713136672974,0.6386087273910117,2.3341672819543096,0.95,0.8601000738345171,1350357.1159201919,1350357.1159201919,100.0,very_high,medium,True
NBO-0334,-1.300269,36.932332,semi_permanent,RP100,100,0.01,3980000.0,0.04,ml_model,0.1508359909057617,0.6336273101957075,0.14009417822115447,0.26627916641170407,0.1970403639523454,0.7201986929319365,0.9,0.3365562980858636,1339494.0663817371,543066.7143340583,69.5,medium,low,True
NBO-0016,-1.306308,36.797577,semi_permanent,RP100,100,0.01,5030000.0,0.04,ml_model,0.0,0.5241462284584545,0.12208441775590834,0.22027021017867318,0.14668969505947255,0.5361628679998129,0.9,0.2658865413119281,1337409.3027989985,0.0,52.5,medium,low,True
NBO-0183,-1.218746,36.909908,semi_permanent,RP100,100,0.01,4535000.0,0.04,ml_model,0.1909132599830627,0.5556518370769921,0.1545168704852614,0.2335103074176107,0.16117921637811922,0.589123256955563,0.9,0.2862233306709362,1298022.8045926956,1001301.9954550185,57.5,medium,low,True
NBO-0008,-1.255438,36.943294,semi_permanent,RP100,100,0.01,4620000.0,0.04,ml_model,0.2259266525506973,0.5441601387106764,0.22345214629542992,0.22868097034138501,0.15589415077338065,0.5698059086506603,0.9,0.27880546892185354,1288081.2664189634,1268535.7459945504,55.3,medium,low,True
NBO-0074,-1.246897,36.789663,semi_permanent,RP100,100,0.01,3200000.0,0.1,known_hotspot,0.0,0.5410123463528012,0.17957853535820584,0.3047326061625772,0.2391225273224902,0.874012451935429,0.9,0.39464448269675445,1262862.3446296141,0.0,83.3,high,high,True
NBO-0145,-1.25898,36.789057,semi_permanent,RP100,100,0.01,3425000.0,0.1,ml_model,0.0,0.679411626970693,0.11591815739320153,0.2855198296681647,0.21809670480908067,0.797161345957779,0.9,0.36610995684778713,1253926.602203671,0.0,75.8,high,low,True
NBO-0135,-1.328732,36.927373,semi_permanent,RP100,100,0.01,4760000.0,0.04,ml_model,0.1276225000619888,0.5191583324889157,0.12245524532467172,0.2181740682360116,0.14439574715131187,0.5277783002291666,0.9,0.262666867288,1250294.28829088,416128.8653583278,51.7,medium,low,True
NBO-0137,-1.229656,36.944629,semi_permanent,RP100,100,0.01,3300000.0,0.1,proxy,0.290000319480896,0.45135313570259117,0.16893141148578422,0.290000319480896,0.2230000035906506,0.8150833052087042,0.9,0.3729919892001424,1230873.56436047,1230873.56436047,78.2,high,medium,True
NBO-0028,-1.194738,36.942461,semi_permanent,RP100,100,0.01,3275000.0,0.1,proxy,0.2913669347763061,0.539292996733186,0.1282935175883969,0.2913669347763061,0.22449558184055945,0.8205497663903446,0.9,0.3750911102938923,1228423.3862124973,1228423.3862124973,78.5,high,high,True
NBO-0593,-1.243736,36.854758,semi_permanent,RP100,100,0.01,2520000.0,0.1,ml_model,0.0,0.8605550002902551,0.09741332730467923,0.3616445573628073,0.3014050706694065,1.1016602567363494,0.9,0.47659769242508576,1201026.1849112161,0.0,93.2,very_high,low,True
NBO-0164,-1.318571,36.780133,semi_permanent,RP100,100,0.01,4000000.0,0.04,ml_model,0.0,0.572817804508535,0.179096325415964,0.2407242317936132,0.1690738948801618,0.6179789544595731,0.9,0.29730391851247606,1189215.6740499043,0.0,60.8,medium,low,True
NBO-0042,-1.216402,36.823009,semi_permanent,RP100,100,0.01,3535000.0,0.04,ml_model,0.0,0.6325488913137273,0.1610409732655462,0.2658259654900966,0.19654439596232567,0.7183858892455067,0.9,0.3358601814702746,1187265.7414974207,0.0,69.3,medium,low,True
NBO-0398,-1.212112,36.947855,semi_permanent,RP100,100,0.01,3605000.0,0.04,proxy,0.2611806988716125,0.5324633964566834,0.15226777183458778,0.2611806988716125,0.19146077093415143,0.6998048227715702,0.9,0.328725051944283,1185053.8122591402,1185053.8122591402,67.8,medium,high,True
NBO-0536,-1.225209,36.858199,informal_iron_sheet,RP100,100,0.01,2490000.0,0.1,ml_model,0.0,0.7262082439717508,0.11164493707853114,0.3051859077639473,0.23961860549308794,0.8758256583409093,0.95,0.47412154625340924,1180562.650170989,0.0,89.0,high,low,True
NBO-0090,-1.272165,36.867382,semi_permanent,RP100,100,0.01,3080000.0,0.1,ml_model,0.0762653052806854,0.6933777186924187,0.10375486477348116,0.29138901996638883,0.2245197511368082,0.8206381071506755,0.9,0.3751250331458594,1155385.102089247,0.0,78.8,high,low,True
NBO-0220,-1.200512,36.883541,semi_permanent,RP100,100,0.01,3360000.0,0.04,ml_model,0.2107815593481063,0.6381896048809055,0.21123777086309226,0.2681964512353709,0.19913857658818154,0.7278678322266038,0.9,0.3395012475750159,1140724.1918520534,844408.2314175563,69.8,medium,low,True
NBO-0034,-1.306502,36.792338,semi_permanent,RP100,100,0.01,5695000.0,0.04,known_hotspot,0.12514628469944,0.42043533208894657,0.12092692529973016,0.17916178715968842,0.10170200645263838,0.3717291759238739,0.9,0.1962730048878054,1117774.7628360519,468084.9417245775,44.3,low,medium,True
NBO-0312,-1.27629,36.836385,semi_permanent,RP100,100,0.01,3975000.0,0.04,ml_model,0.0,0.5460219392337371,0.10830786453012879,0.2294633840462999,0.15675039826558373,0.5729355634703198,0.9,0.2800072563726028,1113028.8440810961,0.0,56.2,medium,low,True
NBO-0211,-1.261427,36.828096,semi_permanent,RP100,100,0.01,2760000.0,0.1,ml_model,0.0,0.7345468911941749,0.1265607097585658,0.3086901885859064,0.24345357367798748,0.8898427816287459,0.9,0.4003434013863485,1104947.7878263218,0.0,84.7,high,low,True
NBO-0212,-1.317846,36.837696,semi_permanent,RP100,100,0.01,3325000.0,0.04,ml_model,0.0227607246488332,0.6123367988135268,0.07859706056765381,0.25733192008550804,0.187248795654392,0.6844097076271524,0.9,0.3228133277288265,1073354.314698348,0.0,66.5,medium,low,True
NBO-0359,-1.274801,36.721075,semi_permanent,RP100,100,0.01,3600000.0,0.04,ml_model,0.0,0.5633840178619006,0.13408315787372668,0.236759723313706,0.16473526887909018,0.6021209205399443,0.9,0.2912144334873386,1048371.960554419,0.0,59.0,medium,low,True
NBO-0169,-1.274509,36.755653,semi_permanent,RP100,100,0.01,3735000.0,0.04,ml_model,0.0,0.5447928983874328,0.1226075705199948,0.22894688488855566,0.15618515879474443,0.5708695668393429,0.9,0.27921391366630766,1042863.9675436591,0.0,55.5,medium,low,True
NBO-0223,-1.310199,36.777964,semi_permanent,RP100,100,0.01,2850000.0,0.1,ml_model,0.0,0.677966564607797,0.0887654045365092,0.2849125483922266,0.21743211641253604,0.7947322208540265,0.9,0.36517717280794615,1040754.9425026465,0.0,75.2,high,low,True
NBO-0547,-1.200929,36.924815,informal_iron_sheet,RP100,100,0.01,1475000.0,0.2,proxy,0.4697235226631164,0.25271074131250937,0.16886768819872303,0.4697235226631164,0.41968308959593315,1.533976117937586,0.95,0.6941735518431482,1023905.9889686436,1023905.9889686436,97.7,very_high,medium,True
NBO-0043,-1.272502,36.757256,semi_permanent,RP100,100,0.01,3605000.0,0.04,ml_model,0.0,0.5509816559179808,0.12249949681691857,0.23154768376486903,0.15903138643822654,0.5812727623445963,0.9,0.283208740740325,1020967.5103688716,0.0,56.7,medium,low,True
NBO-0147,-1.186506,36.892392,informal_iron_sheet,RP100,100,0.01,2210000.0,0.1,ml_model,0.1754363030195236,0.7026063100673197,0.14139466183625635,0.2952672960111885,0.22876400723376955,0.8361512113298742,0.95,0.45626804509844343,1008352.37966756,511122.3355164981,86.0,high,low,True
NBO-0290,-1.266469,36.795974,semi_permanent,RP100,100,0.01,3005000.0,0.04,ml_model,0.0,0.6289227574925419,0.16480999890648218,0.2643020982645752,0.19487672643902,0.7122904203434209,0.9,0.33351952141187363,1002226.1618426803,0.0,68.8,medium,low,True
NBO-0529,-1.27367,36.719198,semi_permanent,RP100,100,0.01,3100000.0,0.04,ml_model,0.0023091877810657,0.5989950672084312,0.13760072169474222,0.2517251144552453,0.18111289436582118,0.6619824851061015,0.9,0.31420127428074296,974023.9502703032,0.0,64.5,medium,low,True
NBO-0122,-1.207446,36.790624,semi_permanent,RP100,100,0.01,3745000.0,0.04,ml_model,0.0,0.5118601121643865,0.18792074206676646,0.21510702236688017,0.14103927433211277,0.5155101167526409,0.9,0.2579558848330141,966044.7886996379,0.0,50.8,medium,low,True
NBO-0582,-1.260893,36.864061,informal_iron_sheet,RP100,100,0.01,2070000.0,0.1,ml_model,0.1008272171020507,0.7117774821953751,0.10854961629987926,0.29912144186314454,0.23298185605159077,0.8515677947376984,0.95,0.4632055076319643,958835.400798166,79773.6416962179,88.2,high,low,True
NBO-0507,-1.286124,36.862558,semi_permanent,RP100,100,0.01,2575000.0,0.1,known_hotspot,0.1114458739757537,0.6350868733233291,0.1246172299223489,0.28620159154581637,0.2188428022947867,0.7998883934683857,0.9,0.3671571430918601,945429.6434615398,137136.7653265884,76.3,high,high,True
NBO-0406,-1.210983,36.840534,semi_permanent,RP100,100,0.01,3390000.0,0.04,ml_model,0.0,0.5421068523447434,0.1673028801766075,0.22781808553019173,0.15494983838339665,0.5663543694058871,0.9,0.27748007785186063,940657.4639178076,0.0,54.8,medium,low,True
NBO-0033,-1.237085,36.896404,informal_iron_sheet,RP100,100,0.01,1165000.0,0.2,proxy,0.5524764060974121,0.17296050054528472,0.13766260244100043,0.5524764060974121,0.5102450882778198,1.8649876516747685,0.95,0.7835466659521875,912831.8658342984,912831.8658342984,99.5,very_high,medium,True
NBO-0342,-1.200346,36.858594,informal_iron_sheet,RP100,100,0.01,1900000.0,0.1,ml_model,0.0885274410247802,0.7306152368057609,0.13467270431052591,0.30703792764904364,0.24164539435448265,0.8832337378812948,0.95,0.47745518204658266,907164.8458885071,11526.506395838254,89.3,high,low,True
NBO-0553,-1.323114,36.787484,semi_permanent,RP100,100,0.01,3040000.0,0.04,known_hotspot,0.0,0.42327931681921216,0.12015076880318708,0.23509053646517192,0.16290856640174642,0.5954441731458079,0.9,0.2886505624879902,877497.7099634903,0.0,58.3,medium,medium,True
NBO-0208,-1.266865,36.76677,informal_iron_sheet,RP100,100,0.01,1980000.0,0.1,ml_model,0.0,0.6839019245233713,0.17081496623948594,0.28740685800489846,0.22016180575362543,0.804709459304714,0.95,0.4421192566871213,875396.1282405002,0.0,82.8,high,low,True
NBO-0064,-1.192382,36.925331,informal_iron_sheet,RP100,100,0.01,1520000.0,0.1,ml_model,0.0937099829316139,0.8418245372765837,0.08137167404117278,0.3537731604114272,0.292790876084858,1.0701746689308291,0.95,0.5531576407471737,840799.613935704,30017.709280412837,94.5,very_high,low,True
NBO-0370,-1.259124,36.882024,informal_iron_sheet,RP100,100,0.01,1300000.0,0.2,known_hotspot,0.1853253692388534,0.5935998608149397,0.12481857194905963,0.42010949982592083,0.3653871559158374,1.3355200265888034,0.95,0.640590407178977,832767.52933267,325343.306646093,96.3,very_high,high,True
NBO-0249,-1.201491,36.870552,semi_permanent,RP100,100,0.01,2705000.0,0.04,proxy,0.2466067969799041,0.5858659695534922,0.2279749686188499,0.2466067969799041,0.1755115782397993,0.6415092152047366,0.9,0.30633953863861885,828648.452017464,828648.452017464,62.5,medium,medium,True
NBO-0127,-1.290697,36.873831,semi_permanent,RP100,100,0.01,3180000.0,0.04,ml_model,0.0345160253345966,0.5121227462114275,0.1355522567346533,0.21521739320158395,0.1411600604965598,0.515951600091456,0.9,0.2581254144351191,820838.8179036787,0.0,51.0,medium,low,True
NBO-0011,-1.198387,36.870224,informal_iron_sheet,RP100,100,0.01,1405000.0,0.1,ml_model,0.0079745389521121,0.8694181957809899,0.09684336983613413,0.3653692773504731,0.30548128013322795,1.1165591366870125,0.95,0.5684645151067141,798692.6437249334,0.0,95.5,very_high,low,True
NBO-0356,-1.203566,36.90393,informal_iron_sheet,RP100,100,0.01,1125000.0,0.2,proxy,0.4824559688568115,0.23632336718608085,0.1410298914628268,0.4824559688568115,0.4336170545232837,1.5849059027123662,0.95,0.7079245937323388,796415.1679488812,796415.1679488812,98.0,very_high,medium,True
NBO-0205,-1.289884,36.819049,semi_permanent,RP100,100,0.01,3240000.0,0.04,proxy,0.2068036645650863,0.3420086425137934,0.15516382066896756,0.2068036645650863,0.13195235618383652,0.48229668554546545,0.9,0.24520192724945872,794454.2442882463,794454.2442882463,49.0,low,medium,True
NBO-0129,-1.316017,36.795227,informal_iron_sheet,RP100,100,0.01,1550000.0,0.1,ml_model,0.0,0.7615380348545128,0.1304778601147249,0.3200331012393295,0.2558668793917837,0.9352144322424382,0.95,0.5008464945090972,776312.0664891007,0.0,92.5,very_high,low,True
NBO-0443,-1.218721,36.942704,informal_iron_sheet,RP100,100,0.01,1445000.0,0.1,proxy,0.3351253569126129,0.44260612580847447,0.15360566745055412,0.3351253569126129,0.272383341195508,0.9955834549355719,0.95,0.5280125547210074,762978.1415718556,762978.1415718556,93.3,very_high,medium,True
NBO-0265,-1.20795,36.939186,informal_iron_sheet,RP100,100,0.01,1650000.0,0.1,ml_model,0.2328504621982574,0.6949461344969768,0.13520840917652538,0.29204813999847157,0.22524107014104658,0.8232745872790065,0.95,0.45047356427555296,743281.3810546624,563495.2298538946,84.3,high,low,True
NBO-0246,-1.271319,36.783572,semi_permanent,RP100,100,0.01,2350000.0,0.04,ml_model,0.0033656794112175,0.5923670816040104,0.12491272806545874,0.2489397318599326,0.17806466444975375,0.6508409547248506,0.9,0.3099229266143426,728318.8775437052,0.0,64.0,medium,low,True
NBO-0247,-1.186897,36.934355,informal_iron_sheet,RP100,100,0.01,1930000.0,0.04,proxy,0.2489110231399536,0.422626544163259,0.14667635275836904,0.2489110231399536,0.17803324658305236,0.6507261198449347,0.95,0.3723485375255686,718632.6774243475,718632.6774243475,71.5,medium,medium,True
NBO-0095,-1.224116,36.795335,semi_permanent,RP100,100,0.01,4705000.0,0.01,proxy,0.158087283372879,0.34923770041897795,0.14898335310583044,0.158087283372879,0.07863877161469096,0.2874311607766362,0.9,0.1517636528900639,714047.9868477507,714047.9868477507,44.0,low,medium,True
NBO-0494,-1.291975,36.831562,informal_iron_sheet,RP100,100,0.01,2070000.0,0.04,ml_model,0.0,0.5309891154928686,0.12006874110069396,0.2231459041805786,0.1498367587701509,0.5476656440074347,0.95,0.3228795091235686,668360.583885787,0.0,61.5,medium,low,True
NBO-0081,-1.223301,36.827346,informal_iron_sheet,RP100,100,0.01,1670000.0,0.04,ml_model,0.0,0.6233596263451259,0.1768605404724369,0.26196421619930343,0.192318226194353,0.702938892082334,0.95,0.3963225014370503,661858.577399874,0.0,75.7,high,low,True
NBO-0244,-1.227495,36.945525,informal_iron_sheet,RP100,100,0.01,865000.0,0.2,proxy,0.5118399262428284,0.17969813129865692,0.16958692040077547,0.5118399262428284,0.4657738785471126,1.7024417322564336,0.95,0.7396592677092371,639805.2665684901,639805.2665684901,98.5,very_high,medium,True
NBO-0102,-1.222723,36.795885,semi_permanent,RP100,100,0.01,2150000.0,0.04,ml_model,0.0230146870017051,0.5726595922715308,0.1343995413657963,0.24065774377785423,0.16900113261079258,0.6177130023965371,0.9,0.29720179292027027,638983.8547785811,0.0,60.7,medium,low,True
NBO-0268,-1.277204,36.92012,informal_iron_sheet,RP100,100,0.01,875000.0,0.2,proxy,0.4987740814685821,0.36026909959042375,0.1868187540405755,0.4987740814685821,0.4514750533205268,1.6501783531594487,0.95,0.7255481553530512,634854.6359339198,634854.6359339198,98.3,very_high,medium,True
NBO-0039,-1.265985,36.799534,informal_iron_sheet,RP100,100,0.01,1500000.0,0.04,ml_model,0.0,0.6562749118255679,0.09652636112291851,0.27579672410876876,0.20745606201440397,0.7582689237201953,0.95,0.4212210156740879,631831.5235111318,0.0,79.3,high,low,True
NBO-0453,-1.329951,36.944419,informal_iron_sheet,RP100,100,0.01,935000.0,0.2,proxy,0.447554349899292,0.23540981508797532,0.13813862798182103,0.447554349899292,0.3954218854989175,1.445299426882288,0.95,0.6702308452582177,626665.8403164336,626665.8403164336,97.3,very_high,medium,True
NBO-0532,-1.184216,36.946388,informal_iron_sheet,RP100,100,0.01,1245000.0,0.1,ml_model,0.1474845260381698,0.759574087185805,0.10238957099122535,0.3192077606334484,0.25496365412929173,0.9319130698189139,0.95,0.49936088141851126,621704.2973660465,201333.04200243982,92.3,very_high,low,True
NBO-0298,-1.323806,36.853642,semi_permanent,RP100,100,0.01,2400000.0,0.04,ml_model,0.0,0.5134986849160135,0.10132630163697139,0.21579562555583268,0.14179285872098513,0.5182645295084509,0.9,0.25901357933124514,621632.5903949883,0.0,51.2,medium,low,True
NBO-0530,-1.243356,36.83222,informal_iron_sheet,RP100,100,0.01,1710000.0,0.04,ml_model,0.0,0.5802798805166504,0.13009109461650814,0.24386013731278663,0.17250572540627743,0.6305225765362668,0.95,0.36265083673740806,620132.9308209678,0.0,70.7,medium,low,True
NBO-0019,-1.215378,36.786757,semi_permanent,RP100,100,0.01,2160000.0,0.04,ml_model,0.0,0.553601922227134,0.18692653375042353,0.23264883947162432,0.16023645455821417,0.5856773851716175,0.9,0.28490011590590114,615384.2503567465,0.0,57.0,medium,low,True
NBO-0120,-1.255807,36.939727,informal_iron_sheet,RP100,100,0.01,1230000.0,0.1,ml_model,0.1707080602645874,0.7588322469962361,0.12741444700006602,0.3188960054674217,0.2546224796618522,0.930666049154807,0.95,0.49879972211966317,613523.6582071857,273304.5840299846,92.0,very_high,low,True
NBO-0346,-1.306948,36.801566,informal_iron_sheet,RP100,100,0.01,1700000.0,0.04,ml_model,0.0,0.5731518000396923,0.10944899300402065,0.24086459198672788,0.1692275003993451,0.6185403952320317,0.95,0.35689938971137525,606728.9625093379,0.0,69.2,medium,low,True
NBO-0136,-1.308288,36.930201,informal_iron_sheet,RP100,100,0.01,1520000.0,0.04,ml_model,0.0894166082143783,0.6223578368329097,0.12090486402426125,0.261543218442514,0.19185750027504753,0.7012549010551762,0.95,0.39556470547482925,601258.3523217405,12789.25521508985,75.5,high,low,True
NBO-0245,-1.236395,36.870383,informal_iron_sheet,RP100,100,0.01,1470000.0,0.04,ml_model,0.1757399886846542,0.6336910393552218,0.2172427934153384,0.2663059483183525,0.1970696731787305,0.7203058205585303,0.95,0.4041376192513387,594082.3002994679,340834.4225159489,77.2,high,low,True
NBO-0117,-1.258956,36.863648,informal_iron_sheet,RP100,100,0.01,1470000.0,0.04,ml_model,0.1767629981040954,0.6287367304193461,0.18288853531518726,0.26422392118290033,0.1947911720453388,0.7119777120167216,0.95,0.40038997040752466,588573.2564990612,343721.7643013797,76.7,high,low,True
NBO-0292,-1.248732,36.879753,informal_iron_sheet,RP100,100,0.01,865000.0,0.2,proxy,0.4501494169235229,0.3126046933372746,0.15188779601254568,0.4501494169235229,0.3982618403944398,1.455679694979212,0.95,0.6730335176443872,582173.992762395,582173.992762395,97.5,very_high,medium,True
NBO-0101,-1.30844,36.895244,informal_iron_sheet,RP100,100,0.01,1235000.0,0.1,known_hotspot,0.1572722345590591,0.6088399236938693,0.15569011864430402,0.3030995925958275,0.23733541167960256,0.8674803976684303,0.95,0.4703661789507937,580902.2310042302,231627.75399645773,88.7,high,high,True
NBO-0201,-1.270885,36.789166,informal_iron_sheet,RP100,100,0.01,1175000.0,0.1,ml_model,0.0,0.7522408803016827,0.12825092154632706,0.31612601181232275,0.25159109088926546,0.9195860745344112,0.95,0.4938137335404851,580231.13691007,0.0,91.0,very_high,low,True
NBO-0499,-1.269108,36.923782,informal_iron_sheet,RP100,100,0.01,1175000.0,0.1,proxy,0.311448335647583,0.5072540516813685,0.19345483431221938,0.311448335647583,0.2464719979334073,0.9008753698754522,0.95,0.4853939164439536,570337.8518216454,570337.8518216454,90.2,very_high,high,True
NBO-0537,-1.22413,36.847103,informal_iron_sheet,RP100,100,0.01,1275000.0,0.1,ml_model,0.0,0.6892671113990844,0.07250217890460978,0.2896615548368052,0.22262927085025033,0.8137282466323411,0.95,0.4461777109845535,568876.5815053057,0.0,83.5,high,low,True
NBO-0123,-1.275351,36.872473,informal_iron_sheet,RP100,100,0.01,720000.0,0.2,proxy,0.5531253814697266,0.13097093312056093,0.11412955888525213,0.5531253814697266,0.5109553053043815,1.8675835531640264,0.95,0.784247559354287,564658.2427350867,564658.2427350867,99.7,very_high,medium,True
NBO-0333,-1.271368,36.72167,informal_iron_sheet,RP100,100,0.01,1585000.0,0.04,ml_model,0.0,0.5697070648206606,0.12442794755112307,0.23941695674772676,0.16764325662238516,0.6127498542760272,0.95,0.3541199300524931,561280.0891332015,0.0,68.7,medium,low,True
NBO-0474,-1.265397,36.874234,informal_iron_sheet,RP100,100,0.01,1190000.0,0.1,ml_model,0.1201084479689598,0.6998243013648885,0.10540422065655401,0.29409816875560246,0.22748455331524348,0.8314747023075301,0.95,0.45416361603838856,540454.7030856824,106434.1243690175,85.3,high,low,True
NBO-0481,-1.206344,36.782704,informal_iron_sheet,RP100,100,0.01,1170000.0,0.1,ml_model,0.0,0.7073929070139571,0.07426368165115424,0.2972788429006459,0.23096537713402482,0.8441973988877037,0.95,0.45988882949946674,538069.9305143761,0.0,87.5,high,low,True
NBO-0066,-1.272078,36.865447,informal_iron_sheet,RP100,100,0.01,1120000.0,0.1,ml_model,0.0418705083429813,0.7323376823200486,0.09533735616005297,0.3077617780076913,0.24243755207159445,0.8861291393158853,0.95,0.4787581126921484,536209.0862152062,0.0,89.5,high,low,True
NBO-0191,-1.267964,36.843265,informal_iron_sheet,RP100,100,0.01,1045000.0,0.1,ml_model,0.0263926498591899,0.7595698689559885,0.12042523023842233,0.3192059879404139,0.2549617141530928,0.9319059790467757,0.95,0.4993576905710491,521828.78664674633,0.0,92.2,very_high,low,True
NBO-0563,-1.25133,36.949922,informal_iron_sheet,RP100,100,0.01,1345000.0,0.04,ml_model,0.2357229739427566,0.6024323843371878,0.20866642581317446,0.2531696322735434,0.1826937265414219,0.6677605563792938,0.95,0.38049225037068224,511762.07674856763,466751.9647250482,72.5,medium,low,True
NBO-0360,-1.306434,36.778519,informal_iron_sheet,RP100,100,0.01,1340000.0,0.04,ml_model,0.0,0.6036711244421494,0.09696527573528134,0.25369020750324434,0.18326342672961454,0.6698428572980976,0.95,0.3814292857841439,511115.24295075284,0.0,72.8,medium,low,True
NBO-0367,-1.279863,36.946799,informal_iron_sheet,RP100,100,0.01,1430000.0,0.04,ml_model,0.2002120167016983,0.5652234671628138,0.11184567427656375,0.23753274401313335,0.1655812369790198,0.6052130033376536,0.95,0.3505022416020737,501218.2054909654,398750.41658468946,68.0,medium,low,True
NBO-0349,-1.343824,36.902898,informal_iron_sheet,RP100,100,0.01,1540000.0,0.04,ml_model,0.0437379330396652,0.5339973821814095,0.12724596797819546,0.22441011538688116,0.1512202693965776,0.5527224888326449,0.95,0.32530679463966955,500972.4637450911,0.0,61.8,medium,low,True
NBO-0213,-1.287925,36.788302,informal_iron_sheet,RP100,100,0.01,1440000.0,0.04,ml_model,0.0,0.5619710634874646,0.10907763122290828,0.2361659352825582,0.1640854470401107,0.599745768415353,0.95,0.3478779688393694,500944.2751286919,0.0,67.7,medium,low,True
NBO-0189,-1.241874,36.861843,informal_iron_sheet,RP100,100,0.01,900000.0,0.1,ml_model,0.0271627884358167,0.8437708358369794,0.10095106154868834,0.35459108405504414,0.2936859844709474,1.0734463635052967,0.95,0.554237299956748,498813.56996107317,0.0,94.7,very_high,low,True
NBO-0378,-1.232748,36.807252,semi_permanent,RP100,100,0.01,1970000.0,0.04,ml_model,0.0,0.5025843521594617,0.14819872046860866,0.21120892390710339,0.1367733252445929,0.49991772291353376,0.9,0.25196840559879696,496377.75902963,0.0,49.7,low,low,True
NBO-0508,-1.319233,36.80786,semi_permanent,RP100,100,0.01,4750000.0,0.01,proxy,0.1353619396686554,0.31815746724375454,0.11047765661799522,0.1353619396686554,0.053768912569581356,0.1965297859597418,0.9,0.10376772698674366,492896.7031870324,492896.7031870324,43.3,low,medium,True
NBO-0003,-1.194103,36.84782,semi_permanent,RP100,100,0.01,7945000.0,0.01,proxy,0.1139633804559707,0.40495941600144536,0.16879223941119292,0.1139633804559707,0.030351042269604667,0.110935549109003,0.9,0.058573969929553577,465370.1910903032,465370.1910903032,42.5,low,medium,True
NBO-0579,-1.284944,36.872587,informal_iron_sheet,RP100,100,0.01,1100000.0,0.04,ml_model,0.0394090451300144,0.6582342925243975,0.12054128046745081,0.27662014546509633,0.20835718691412522,0.7615626091455056,0.95,0.4227031741154775,464973.49152702524,0.0,79.5,high,low,True
NBO-0521,-1.311918,36.827583,informal_iron_sheet,RP100,100,0.01,1680000.0,0.04,known_hotspot,0.1949077397584915,0.44778196596626435,0.1464805738442055,0.19791530445435046,0.12222523099826269,0.44674324510252206,0.95,0.2744367576492106,461053.7528506738,451352.5521677111,50.0,medium,medium,True
NBO-0067,-1.290213,36.862364,informal_iron_sheet,RP100,100,0.01,1155000.0,0.04,ml_model,0.0,0.6236234989098738,0.1414121282766606,0.26207510751577506,0.19243958195670668,0.7033824573482205,0.95,0.3965221058066992,457983.0322067376,0.0,76.0,high,low,True
NBO-0347,-1.274636,36.749664,informal_iron_sheet,RP100,100,0.01,960000.0,0.1,proxy,0.2982476651668548,0.15633380661208682,0.11530390700355155,0.2982476651668548,0.23202562394542514,0.8480726879525394,0.95,0.4616327095786428,443167.4011954971,443167.4011954971,87.8,high,high,True
NBO-0050,-1.251175,36.850655,informal_iron_sheet,RP100,100,0.01,795000.0,0.1,ml_model,0.0,0.8477311024978804,0.06592686480126493,0.35625536917701445,0.295507322662043,1.0801035039931781,0.95,0.5564341563177488,442365.1542726103,0.0,95.0,very_high,low,True
NBO-0082,-1.245203,36.83545,informal_iron_sheet,RP100,100,0.01,1090000.0,0.04,ml_model,0.0,0.6353995907166355,0.11679088656218498,0.26702395971869497,0.19785544093440055,0.7231778661599001,0.95,0.4054300397719551,441918.74335143104,0.0,77.5,high,low,True
NBO-0446,-1.29806,36.939987,informal_iron_sheet,RP100,100,0.01,1330000.0,0.04,ml_model,0.1593229323625564,0.5409067172584198,0.11441942481773858,0.22731373389441864,0.15439789275590252,0.5643369628627948,0.95,0.3308817421741415,440072.7170916082,256645.68366228658,63.8,medium,low,True
NBO-0525,-1.339053,36.852392,informal_iron_sheet,RP100,100,0.01,1140000.0,0.04,ml_model,0.0304293073713779,0.6054840999813459,0.1362479477089062,0.2544521027175667,0.1840972194692957,0.672890438155387,0.95,0.38280069716992415,436392.7947737135,0.0,73.5,medium,low,True
NBO-0327,-1.285088,36.818006,informal_iron_sheet,RP100,100,0.01,1080000.0,0.04,ml_model,0.0,0.6150068884186478,0.09411202117524432,0.2584540138192466,0.18847677765355061,0.6888980825621066,0.95,0.390004137152948,421204.46812518383,0.0,74.5,medium,low,True
NBO-0568,-1.215505,36.766714,informal_iron_sheet,RP100,100,0.01,1325000.0,0.04,ml_model,0.0,0.5138844512861297,0.15654028816797375,0.21595774222254088,0.14197027380004273,0.5189129961752837,0.95,0.30907823816413615,409528.6655674804,0.0,58.0,medium,low,True
NBO-0594,-1.325088,36.940654,informal_iron_sheet,RP100,100,0.01,1090000.0,0.04,ml_model,0.133851945400238,0.5862328905104066,0.13304817809553832,0.2463618642953063,0.17524353206981527,0.6405294844663454,0.95,0.3674541525438458,400525.0262727919,137038.3685126404,70.8,medium,low,True
NBO-0395,-1.288387,36.922284,informal_iron_sheet,RP100,100,0.01,925000.0,0.1,ml_model,0.1207952201366424,0.6678164425877734,0.10402572676157154,0.28064700303618095,0.2127640456833941,0.777670039429844,0.95,0.4299515177434298,397705.1539126726,84409.50523124663,80.3,high,low,True
NBO-0126,-1.210898,36.776869,informal_iron_sheet,RP100,100,0.01,925000.0,0.04,proxy,0.2796441912651062,0.16142656294927132,0.10741335780035154,0.2796441912651062,0.2116666018902439,0.773658792345545,0.95,0.42814645655549527,396035.47231383313,396035.47231383313,80.2,high,medium,True
NBO-0296,-1.278423,36.873103,informal_iron_sheet,RP100,100,0.01,1230000.0,0.04,proxy,0.2212733775377273,0.5036118292387786,0.14677932592522264,0.2212733775377273,0.14778752799626083,0.5401755374360294,0.95,0.3192842579692941,392719.63730223174,392719.63730223174,61.0,medium,high,True
NBO-0596,-1.268638,36.924316,informal_iron_sheet,RP100,100,0.01,640000.0,0.2,proxy,0.3933278918266296,0.37780763719730254,0.191158398078818,0.3933278918266296,0.33607825636242994,1.2283935945916387,0.95,0.6053698862152408,387436.7271777541,387436.7271777541,96.2,very_high,medium,True
NBO-0037,-1.331936,36.925473,informal_iron_sheet,RP100,100,0.01,780000.0,0.1,ml_model,0.0,0.7539539589099131,0.11310413926497825,0.316845925768772,0.2523789407389543,0.9224657303602083,0.95,0.49510957866209376,386185.4713564331,0.0,91.3,very_high,low,True
NBO-0161,-1.264529,36.758589,informal_iron_sheet,RP100,100,0.01,1240000.0,0.04,ml_model,0.0,0.5146561676750533,0.11639516325332852,0.2162820527335341,0.1423251884187268,0.5202102382192566,0.95,0.30970091434524316,384029.1337881015,0.0,58.2,medium,low,True
NBO-0053,-1.288657,36.893632,informal_iron_sheet,RP100,100,0.01,805000.0,0.1,ml_model,0.0,0.7189170376160721,0.1413716574398448,0.30212180948521905,0.23626535841862584,0.8635692652259964,0.95,0.4686061693516984,377227.96632811724,0.0,88.5,high,low,True
NBO-0396,-1.202279,36.766078,informal_iron_sheet,RP100,100,0.01,1185000.0,0.04,ml_model,0.0,0.5165274808934521,0.15331013514287736,0.21706846410796893,0.14318581082726842,0.5233558837169959,0.95,0.311210824184158,368784.82665822725,0.0,58.5,medium,low,True
NBO-0307,-1.335209,36.897649,informal_iron_sheet,RP100,100,0.01,960000.0,0.04,ml_model,0.1050631180405616,0.6060713107272682,0.12559913278513354,0.2546988755214155,0.18436727940448364,0.6738775293707823,0.95,0.383244888216852,367915.0926881779,47731.93884985151,73.7,medium,low,True
NBO-0023,-1.255021,36.762602,informal_iron_sheet,RP100,100,0.01,885000.0,0.04,ml_model,0.0,0.6389301341899891,0.1776390761019914,0.26850765550948164,0.19947914817786147,0.7291126493230468,0.95,0.40810069219537104,361169.1125929034,0.0,78.0,high,low,True
NBO-0076,-1.305358,36.913093,informal_iron_sheet,RP100,100,0.01,995000.0,0.04,ml_model,0.0,0.5722435164396048,0.10197296932506375,0.24048288968948628,0.16880977812182332,0.6170135860430653,0.95,0.3561665213006714,354385.68869416806,0.0,69.0,medium,low,True
NBO-0181,-1.195501,36.89562,informal_iron_sheet,RP100,100,0.01,865000.0,0.04,ml_model,0.1580795347690582,0.6373139219914957,0.14907683699054086,0.2678284492473237,0.19873584747261033,0.726395824274415,0.95,0.40687812092348674,351949.57459881605,164076.75497569644,77.7,high,low,True
NBO-0424,-1.290479,36.84768,informal_iron_sheet,RP100,100,0.01,900000.0,0.04,ml_model,0.0708576738834381,0.6117557204452496,0.14839303983958962,0.2570877243871299,0.18698155601757377,0.6834329248336398,0.95,0.3875448161751379,348790.3345576241,0.0,74.0,medium,low,True
NBO-0427,-1.344614,36.914871,informal_iron_sheet,RP100,100,0.01,1150000.0,0.04,ml_model,0.0384162925183773,0.5060145944551989,0.12600510503766096,0.21265046855709163,0.13835090368384778,0.5056839015134867,0.95,0.3027282727264736,348137.5136354447,0.0,56.3,medium,low,True
NBO-0428,-1.211801,36.839118,informal_iron_sheet,RP100,100,0.01,1070000.0,0.04,ml_model,0.0,0.5168804931339585,0.17941824207741824,0.21721681599183282,0.14334816218656096,0.5239492912524515,0.95,0.3114956598011767,333300.35598725907,0.0,58.7,medium,low,True
NBO-0332,-1.210051,36.840545,informal_iron_sheet,RP100,100,0.01,975000.0,0.04,ml_model,0.0,0.5513890082656715,0.1757210225443503,0.23171887184630674,0.15921872897134592,0.5819575146703472,0.95,0.33933960704176663,330856.11686572246,0.0,65.3,medium,low,True
NBO-0010,-1.275674,36.901374,semi_permanent,RP100,100,0.01,3960000.0,0.01,known_hotspot,0.0,0.3317637066189998,0.13269581742486816,0.1233221926313701,0.04059301452142944,0.14837079781060064,0.9,0.07833978124399714,310225.5337262287,0.0,43.2,low,medium,True
NBO-0392,-1.199582,36.834712,informal_iron_sheet,RP100,100,0.01,730000.0,0.04,ml_model,0.0,0.6471327578818311,0.12327777264160317,0.271954773024631,0.20325155874420903,0.7429011193836442,0.95,0.4143055037226399,302443.0177175271,0.0,78.3,high,low,True
NBO-0018,-1.274224,36.862993,informal_iron_sheet,RP100,100,0.01,715000.0,0.04,ml_model,0.0046982602216303,0.6536639572790751,0.12739856543627157,0.2746994816304352,0.20625527640123015,0.7538799538068611,0.95,0.41924597921308754,299760.87513735757,0.0,78.7,high,low,True
NBO-0462,-1.315129,36.829882,informal_iron_sheet,RP100,100,0.01,910000.0,0.04,ml_model,0.0019488359102979,0.5269666466015581,0.08717279409518014,0.2214554788373838,0.14798681359182023,0.5409039426346555,0.95,0.31963389246463464,290866.8421428175,0.0,61.2,medium,low,True
NBO-0524,-1.285827,36.901408,informal_iron_sheet,RP100,100,0.01,655000.0,0.1,ml_model,0.0,0.6784664909864861,0.11294613296979601,0.28512264031415374,0.21766203401258863,0.7955725885417352,0.95,0.43800766484378084,286895.02047267644,0.0,81.8,high,low,True
NBO-0150,-1.315498,36.888282,informal_iron_sheet,RP100,100,0.01,635000.0,0.1,ml_model,0.0480966456234455,0.6729927924058854,0.12417252473523656,0.2828223419024879,0.215144664066312,0.7863713948950718,0.95,0.43386712770278235,275505.6260912668,0.0,81.0,high,low,True
NBO-0573,-1.209108,36.843527,informal_iron_sheet,RP100,100,0.01,705000.0,0.04,ml_model,0.0461423248052597,0.607757113648056,0.17612737250848137,0.25540732698690416,0.18514258508594314,0.6767113352327369,0.95,0.3845201008547316,271086.6711025858,0.0,73.8,medium,low,True
NBO-0235,-1.290382,36.928578,informal_iron_sheet,RP100,100,0.01,675000.0,0.04,ml_model,0.1120080575346946,0.6142666907313645,0.11608022803612972,0.25814294890777867,0.18813635857770408,0.6876538229162349,0.95,0.38944422031230574,262874.8487108064,45937.401682346834,74.3,medium,low,True
NBO-0166,-1.273681,36.816244,informal_iron_sheet,RP100,100,0.01,630000.0,0.04,ml_model,0.0,0.6322840540579293,0.13155964879245166,0.2657146687663382,0.19642259653574362,0.717940702350473,0.95,0.4030733160577129,253936.18911635914,0.0,77.0,high,low,True
NBO-0464,-1.29875,36.943049,informal_iron_sheet,RP100,100,0.01,610000.0,0.04,ml_model,0.0811929255723953,0.6384705128932093,0.11123798945429282,0.2683145016257992,0.19926776700256574,0.7283400337883169,0.95,0.4077530152047426,248729.339274893,0.0,77.8,high,low,True
NBO-0006,-1.297331,36.917333,informal_iron_sheet,RP100,100,0.01,625000.0,0.04,ml_model,0.1324349194765091,0.6200445198002321,0.13136275586042223,0.26057105685604903,0.1907935990228099,0.6973662547093163,0.95,0.3938148146191923,246134.2591369952,76238.9533913521,75.0,high,low,True
NBO-0001,-1.219963,36.789855,informal_iron_sheet,RP100,100,0.01,625000.0,0.04,ml_model,0.0,0.6119282766904172,0.16590945537249976,0.257160240410955,0.1870609151381448,0.6837229889289401,0.95,0.3876753450180231,242297.09063626442,0.0,74.2,medium,low,True
NBO-0229,-1.184356,36.908604,informal_iron_sheet,RP100,100,0.01,570000.0,0.04,ml_model,0.2379405349493026,0.6559134429200268,0.11444856902606322,0.2756448183476022,0.2072898214101903,0.757661300675529,0.95,0.420947585303988,239940.12362327316,200232.56411372565,79.2,high,low,True
NBO-0094,-1.271576,36.791682,informal_iron_sheet,RP100,100,0.01,695000.0,0.04,ml_model,0.1444067060947418,0.5578829556422151,0.13760614391056727,0.2344479254497782,0.16220531431536733,0.592873729084233,0.95,0.3445793899604318,239482.6760225001,106743.55025831689,66.7,medium,low,True
NBO-0055,-1.338598,36.861152,informal_iron_sheet,RP100,100,0.01,695000.0,0.04,ml_model,0.1093970388174057,0.5552198745464051,0.1254464622816848,0.23332877701209478,0.16098055555008767,0.5883971353334994,0.95,0.3424306249600797,237989.2843472554,42507.81273786062,66.3,medium,low,True
NBO-0451,-1.286896,36.782238,informal_iron_sheet,RP100,100,0.01,850000.0,0.04,proxy,0.1974048018455505,0.21724574565923557,0.10248054132809443,0.1974048018455505,0.12166655395081033,0.44470123466732225,0.95,0.2734565926403147,232438.1037442675,232438.1037442675,49.8,low,medium,True
NBO-0434,-1.317629,36.800261,informal_iron_sheet,RP100,100,0.01,910000.0,0.04,proxy,0.1806525737047195,0.46573991267749176,0.1546621025173607,0.1806525737047195,0.1033334735813128,0.37769232210399817,0.95,0.2412923146099191,219576.00629502637,219576.00629502637,45.0,low,medium,True
NBO-0294,-1.28955,36.779763,informal_iron_sheet,RP100,100,0.01,715000.0,0.04,proxy,0.2126947343349456,0.19232612272601066,0.10840315918746397,0.2126947343349456,0.13839934667639736,0.5058609646249026,0.95,0.30281326301995326,216511.48305926658,216511.48305926658,56.5,medium,medium,True
NBO-0262,-1.313656,36.769023,informal_iron_sheet,RP100,100,0.01,495000.0,0.1,ml_model,0.0,0.6745313176105198,0.15992453573368037,0.2834689005378266,0.21585223629644215,0.7889576294364266,0.95,0.43503093324639197,215340.31195696403,0.0,81.3,high,low,True
NBO-0431,-1.339077,36.900695,informal_iron_sheet,RP100,100,0.01,560000.0,0.04,proxy,0.2480089515447616,0.4507793127488741,0.1678279170499463,0.2480089515447616,0.17704604948218505,0.6471178334641666,0.95,0.37061656006279997,207545.27363516798,207545.27363516798,71.3,medium,medium,True
NBO-0232,-1.284456,36.786377,informal_iron_sheet,RP100,100,0.01,680000.0,0.04,proxy,0.2111669778823852,0.2225041142381822,0.12000528787137638,0.2111669778823852,0.13672742091259155,0.499749938814661,0.95,0.2998799706310373,203918.38002910535,203918.38002910535,55.2,medium,medium,True
NBO-0437,-1.323597,36.803865,informal_iron_sheet,RP100,100,0.01,600000.0,0.04,ml_model,0.0,0.5291607743280812,0.12089943377866755,0.2223775516278368,0.14899589933443255,0.5445922337964674,0.95,0.3214042722223044,192842.56333338263,0.0,61.3,medium,low,True
NBO-0539,-1.312574,36.820574,informal_iron_sheet,RP100,100,0.01,490000.0,0.04,known_hotspot,0.0576923601329326,0.5687398459365968,0.13462308195820855,0.2478307596837513,0.17685104224603537,0.6464050660201254,0.95,0.3702744316896602,181434.4715279335,0.0,71.2,medium,high,True
NBO-0361,-1.260813,36.895214,informal_iron_sheet,RP100,100,0.01,485000.0,0.04,ml_model,0.1997514367103576,0.5787423615977165,0.1504502409035648,0.24321400156470868,0.17179861596987675,0.6279380335439549,0.95,0.36141025610109834,175283.9742090327,134811.633816661,70.2,medium,low,True
NBO-0486,-1.309357,36.726474,informal_iron_sheet,RP100,100,0.01,945000.0,0.01,proxy,0.1514707058668136,0.18288635387955784,0.08459627556546806,0.1514707058668136,0.0713978096262346,0.26096485075237463,0.95,0.17223680149656725,162763.77741425607,162763.77741425607,44.2,low,medium,True
NBO-0377,-1.240753,36.808486,semi_permanent,RP100,100,0.01,6520000.0,0.01,proxy,0.0881503224372863,0.11283308823616067,0.05575113928489143,0.0881503224372863,0.002102091547305798,0.007683317034265391,0.9,0.004056791394092127,26450.279889480666,26450.279889480666,41.2,low,medium,True
NBO-0077,-1.298235,36.947971,informal_iron_sheet,RP100,100,0.01,510000.0,0.01,proxy,0.1006443053483963,0.25085333303413715,0.12517883791586792,0.1006443053483963,0.015775090202704123,0.05765924867870542,0.95,0.03805510412794558,19408.103105252245,19408.103105252245,42.2,low,medium,True
NBO-0543,-1.315547,36.926666,informal_iron_sheet,RP100,100,0.01,925000.0,0.01,proxy,0.086611233651638,0.2323372453272929,0.10572280203278143,0.086611233651638,0.0004177640557102377,0.0015269618916722294,0.95,0.0010077948485036714,932.210234865896,932.210234865896,41.7,low,medium,True
NBO-0000,-1.314897,36.935883,semi_permanent,RP100,100,0.01,5170000.0,0.004,proxy,0.0232857968658208,0.18181914144990097,0.13915352873937112,0.0232857968658208,0.0,0.0,0.9,0.0,0.0,0.0,36.3,low,medium,True
NBO-0007,-1.29008,36.791035,informal_iron_sheet,RP100,100,0.01,660000.0,0.0,none,0.0,0.35967362787844587,0.10142248284144587,0.0,0.0,0.0,0.95,0.0,0.0,0.0,0.0,negligible,medium,True
NBO-0009,-1.337945,36.756131,permanent_masonry,RP100,100,0.01,42965000.0,0.0,none,0.0,0.004585902317345632,0.005777141276468233,0.0,0.0,0.0,0.85,0.0,0.0,0.0,0.0,negligible,medium,True
NBO-0013,-1.191036,36.707701,informal_iron_sheet,RP100,100,0.01,520000.0,0.0,none,0.0,5.0283658534140535e-05,0.00031461529509869344,0.0,0.0,0.0,0.95,0.0,0.0,0.0,0.0,negligible,medium,True
NBO-0015,-1.332391,36.843408,permanent_masonry,RP100,100,0.01,35180000.0,0.0,none,0.0,0.09594539696443412,0.05466151923658058,0.0,0.0,0.0,0.85,0.0,0.0,0.0,0.0,negligible,medium,True
NBO-0017,-1.224443,36.78867,semi_permanent,RP100,100,0.01,5185000.0,0.0,none,0.0,0.4524325582194302,0.1282952535716271,0.0,0.0,0.0,0.9,0.0,0.0,0.0,0.0,negligible,medium,True
NBO-0022,-1.30153,36.713801,permanent_masonry,RP100,100,0.01,48815000.0,0.0,none,0.0,0.3169372552235441,0.14085439481965328,0.0,0.0,0.0,0.85,0.0,0.0,0.0,0.0,negligible,medium,True
NBO-0025,-1.346206,36.904539,semi_permanent,RP100,100,0.01,3935000.0,0.0,none,0.0,0.490576147353565,0.10201066538119516,0.0,0.0,0.0,0.9,0.0,0.0,0.0,0.0,negligible,medium,True
NBO-0030,-1.281853,36.761267,informal_iron_sheet,RP100,100,0.01,755000.0,0.004,known_hotspot,0.0,0.27254447097286083,0.07818485403983684,0.03205382797798736,0.0,0.0,0.95,0.0,0.0,0.0,38.2,low,medium,True
NBO-0032,-1.315429,36.938988,informal_iron_sheet,RP100,100,0.01,670000.0,0.004,proxy,0.035210084170103,0.1917471835398378,0.1264473942699909,0.035210084170103,0.0,0.0,0.95,0.0,0.0,0.0,38.5,low,medium,True
NBO-0041,-1.347614,36.723077,concrete_rcc,RP100,100,0.01,263095000.0,0.0,none,0.0,0.0025454067751920478,0.004293682533524385,0.0,0.0,0.0,0.8,0.0,0.0,0.0,0.0,negligible,medium,True
NBO-0044,-1.266109,36.723283,semi_permanent,RP100,100,0.01,3690000.0,0.0,none,0.0,0.3984844184127737,0.12377941928816577,0.0,0.0,0.0,0.9,0.0,0.0,0.0,0.0,negligible,medium,True
NBO-0046,-1.288172,36.753956,permanent_masonry,RP100,100,0.01,76160000.0,0.004,known_hotspot,0.0,0.34074679487663306,0.11454451313557062,0.03578829206206638,0.0,0.0,0.85,0.0,0.0,0.0,37.3,low,medium,True
NBO-0048,-1.255831,36.744796,permanent_masonry,RP100,100,0.01,43405000.0,0.0,none,0.0,0.0103431321892681,0.007635682392707464,0.0,0.0,0.0,0.85,0.0,0.0,0.0,0.0,negligible,medium,True
NBO-0054,-1.345737,36.708724,informal_iron_sheet,RP100,100,0.01,1860000.0,0.0,none,0.0,0.24099148354047226,0.09214568639853536,0.0,0.0,0.0,0.95,0.0,0.0,0.0,0.0,negligible,medium,True
NBO-0059,-1.242227,36.738945,permanent_masonry,RP100,100,0.01,31905000.0,0.0,none,0.0,0.035400316581336515,0.024173730134887727,0.0,0.0,0.0,0.85,0.0,0.0,0.0,0.0,negligible,medium,True
NBO-0061,-1.290067,36.706319,semi_permanent,RP100,100,0.01,5495000.0,0.0,none,0.0,0.2565585809112713,0.08912564019567883,0.0,0.0,0.0,0.9,0.0,0.0,0.0,0.0,negligible,medium,True
NBO-0062,-1.278869,36.715366,semi_permanent,RP100,100,0.01,6215000.0,0.0,none,0.0,0.49855263288562857,0.1436385104497038,0.0,0.0,0.0,0.9,0.0,0.0,0.0,0.0,negligible,medium,True
NBO-0063,-1.194166,36.733674,semi_permanent,RP100,100,0.01,2720000.0,0.0,none,0.0,0.008495456467683241,0.006937121015518223,0.0,0.0,0.0,0.9,0.0,0.0,0.0,0.0,negligible,medium,True
NBO-0068,-1.339728,36.77344,informal_iron_sheet,RP100,100,0.01,1240000.0,0.0,none,0.0,0.014201682609880808,0.009034632111365805,0.0,0.0,0.0,0.95,0.0,0.0,0.0,0.0,negligible,medium,True
NBO-0070,-1.316407,36.820467,permanent_masonry,RP100,100,0.01,34970000.0,0.004,known_hotspot,0.0,0.4930510812722062,0.09412850618564753,0.08160008671859882,0.0,0.0,0.85,0.0,0.0,0.0,39.8,low,medium,True
NBO-0072,-1.203775,36.813551,concrete_rcc,RP100,100,0.01,1196260000.0,0.0,none,0.0,0.0173132863698468,0.009913806303497297,0.0,0.0,0.0,0.8,0.0,0.0,0.0,0.0,negligible,medium,True
NBO-0078,-1.297084,36.756761,permanent_masonry,RP100,100,0.01,71955000.0,0.0,none,0.0,0.4697302190238303,0.1383671398476014,0.0,0.0,0.0,0.85,0.0,0.0,0.0,0.0,negligible,medium,True
NBO-0080,-1.204947,36.819248,concrete_rcc,RP100,100,0.01,534130000.0,0.004,proxy,0.0685459449887275,0.019945752403925873,0.01480347624520731,0.0685459449887275,0.0,0.0,0.8,0.0,0.0,0.0,38.0,low,medium,True
NBO-0083,-1.334989,36.72296,semi_permanent,RP100,100,0.01,3375000.0,0.0,none,0.0,0.0005018599749097458,0.0014286389621417043,0.0,0.0,0.0,0.9,0.0,0.0,0.0,0.0,negligible,medium,True
NBO-0085,-1.273428,36.851099,concrete_rcc,RP100,100,0.01,491280000.0,0.0,none,0.0,0.3522773218369387,0.12769587727207685,0.0,0.0,0.0,0.8,0.0,0.0,0.0,0.0,negligible,medium,True
NBO-0086,-1.232924,36.726327,informal_iron_sheet,RP100,100,0.01,1010000.0,0.0,none,0.0,0.0031434477913934184,0.005324723436082269,0.0,0.0,0.0,0.95,0.0,0.0,0.0,0.0,negligible,medium,True
NBO-0092,-1.333203,36.716242,semi_permanent,RP100,100,0.01,4880000.0,0.0,none,0.0,0.0015810350579657116,0.0034420101443953157,0.0,0.0,0.0,0.9,0.0,0.0,0.0,0.0,negligible,medium,True
NBO-0093,-1.299334,36.855565,informal_iron_sheet,RP100,100,0.01,1040000.0,0.0,none,0.0,0.3798144607683111,0.11685335955788033,0.0,0.0,0.0,0.95,0.0,0.0,0.0,0.0,negligible,medium,True
NBO-0096,-1.201989,36.740738,informal_iron_sheet,RP100,100,0.01,1010000.0,0.0,none,0.0,0.03584491169132114,0.01811857217914306,0.0,0.0,0.0,0.95,0.0,0.0,0.0,0.0,negligible,medium,True
NBO-0098,-1.29751,36.948272,semi_permanent,RP100,100,0.01,5545000.0,0.004,proxy,0.0561462230980396,0.30788207618137436,0.1403779612965136,0.0561462230980396,0.0,0.0,0.9,0.0,0.0,0.0,39.0,low,medium,True
NBO-0103,-1.306432,36.73854,semi_permanent,RP100,100,0.01,2925000.0,0.0,none,0.0,0.3121650312146827,0.12512646744492775,0.0,0.0,0.0,0.9,0.0,0.0,0.0,0.0,negligible,medium,True
NBO-0105,-1.23934,36.801209,permanent_masonry,RP100,100,0.01,43850000.0,0.0,none,0.0,0.06843059957986865,0.03518859396880359,0.0,0.0,0.0,0.85,0.0,0.0,0.0,0.0,negligible,medium,True
NBO-0106,-1.296068,36.800864,semi_permanent,RP100,100,0.01,3435000.0,0.004,proxy,0.0255433842539787,0.21329058272590232,0.0869102887299219,0.0255433842539787,0.0,0.0,0.9,0.0,0.0,0.0,36.8,low,medium,True
NBO-0107,-1.213736,36.721958,permanent_masonry,RP100,100,0.01,55225000.0,0.0,none,0.0,0.0007406019269593149,0.0015528481815348615,0.0,0.0,0.0,0.85,0.0,0.0,0.0,0.0,negligible,medium,True
NBO-0108,-1.295765,36.805226,semi_permanent,RP100,100,0.01,4520000.0,0.0,none,0.0,0.3112908491768503,0.1005339305757571,0.0,0.0,0.0,0.9,0.0,0.0,0.0,0.0,negligible,medium,True
NBO-0109,-1.207673,36.712984,informal_iron_sheet,RP100,100,0.01,1090000.0,0.0,none,0.0,0.00022599209496522568,0.0010401236136964075,0.0,0.0,0.0,0.95,0.0,0.0,0.0,0.0,negligible,medium,True
NBO-0111,-1.334044,36.793712,informal_iron_sheet,RP100,100,0.01,1090000.0,0.0,none,0.0,0.07322167344910052,0.03948665925300725,0.0,0.0,0.0,0.95,0.0,0.0,0.0,0.0,negligible,medium,True
NBO-0115,-1.340624,36.784613,semi_permanent,RP100,100,0.01,5820000.0,0.0,none,0.0,0.013482710689090332,0.012100662237530467,0.0,0.0,0.0,0.9,0.0,0.0,0.0,0.0,negligible,medium,True
NBO-0116,-1.335686,36.707985,informal_iron_sheet,RP100,100,0.01,970000.0,0.0,none,0.0,0.13225317808584813,0.06100983455369176,0.0,0.0,0.0,0.95,0.0,0.0,0.0,0.0,negligible,medium,True
NBO-0118,-1.228914,36.724864,semi_permanent,RP100,100,0.01,6680000.0,0.0,none,0.0,0.001275776044950714,0.0020891923829455643,0.0,0.0,0.0,0.9,0.0,0.0,0.0,0.0,negligible,medium,True
NBO-0119,-1.321806,36.758701,semi_permanent,RP100,100,0.01,3215000.0,0.004,proxy,0.0631742551922798,0.3532737803797209,0.10188290591151827,0.0631742551922798,0.0,0.0,0.9,0.0,0.0,0.0,39.7,low,medium,True
NBO-0124,-1.181446,36.767437,informal_iron_sheet,RP100,100,0.01,930000.0,0.0,none,0.0,0.3659644793000544,0.116879148057461,0.0,0.0,0.0,0.95,0.0,0.0,0.0,0.0,negligible,medium,True
NBO-0125,-1.183533,36.792047,informal_iron_sheet,RP100,100,0.01,900000.0,0.0,none,0.0,0.09965233876925406,0.0433316202785814,0.0,0.0,0.0,0.95,0.0,0.0,0.0,0.0,negligible,medium,True
NBO-0128,-1.321205,36.719321,informal_iron_sheet,RP100,100,0.01,910000.0,0.0,none,0.0,0.0056082231108103495,0.006464267554504395,0.0,0.0,0.0,0.95,0.0,0.0,0.0,0.0,negligible,medium,True
NBO-0134,-1.313321,36.705669,permanent_masonry,RP100,100,0.01,53635000.0,0.0,none,0.0,0.17310490334105394,0.07512182491884763,0.0,0.0,0.0,0.85,0.0,0.0,0.0,0.0,negligible,medium,True
NBO-0139,-1.33467,36.848323,permanent_masonry,RP100,100,0.01,67680000.0,0.0,none,0.0,0.298874780525084,0.10257596869950052,0.0,0.0,0.0,0.85,0.0,0.0,0.0,0.0,negligible,medium,True
NBO-0140,-1.324226,36.772249,permanent_masonry,RP100,100,0.01,49900000.0,0.0,none,0.0,0.4220355100846752,0.144427106562328,0.0,0.0,0.0,0.85,0.0,0.0,0.0,0.0,negligible,medium,True
NBO-0143,-1.227186,36.774168,informal_iron_sheet,RP100,100,0.01,1100000.0,0.0,none,0.0,0.05486072842800128,0.030677625853041526,0.0,0.0,0.0,0.95,0.0,0.0,0.0,0.0,negligible,medium,True
NBO-0148,-1.221177,36.725933,informal_iron_sheet,RP100,100,0.01,925000.0,0.0,none,0.0,0.0012179164291206798,0.002315837538437121,0.0,0.0,0.0,0.95,0.0,0.0,0.0,0.0,negligible,medium,True
NBO-0152,-1.184332,36.749384,informal_iron_sheet,RP100,100,0.01,1110000.0,0.0,none,0.0,0.06769860311807684,0.029326944734584498,0.0,0.0,0.0,0.95,0.0,0.0,0.0,0.0,negligible,medium,True
NBO-0153,-1.245369,36.735718,permanent_masonry,RP100,100,0.01,64995000.0,0.0,none,0.0,0.01967377381252584,0.01694105708214196,0.0,0.0,0.0,0.85,0.0,0.0,0.0,0.0,negligible,medium,True
NBO-0154,-1.324387,36.883553,permanent_masonry,RP100,100,0.01,40495000.0,0.0,none,0.0,0.14055168201168927,0.06845388830172706,0.0,0.0,0.0,0.85,0.0,0.0,0.0,0.0,negligible,medium,True
NBO-0157,-1.209491,36.725,permanent_masonry,RP100,100,0.01,36455000.0,0.0,none,0.0,0.0024004458362474656,0.0039672414619155655,0.0,0.0,0.0,0.85,0.0,0.0,0.0,0.0,negligible,medium,True
NBO-0162,-1.207852,36.738724,permanent_masonry,RP100,100,0.01,33235000.0,0.0,none,0.0,0.02199034432340677,0.012769741574912162,0.0,0.0,0.0,0.85,0.0,0.0,0.0,0.0,negligible,medium,True
NBO-0163,-1.342246,36.823872,informal_iron_sheet,RP100,100,0.01,900000.0,0.0,none,0.0,0.480609051232946,0.11519089636820308,0.0,0.0,0.0,0.95,0.0,0.0,0.0,0.0,negligible,medium,True
NBO-0165,-1.315888,36.912665,informal_iron_sheet,RP100,100,0.01,1320000.0,0.004,proxy,0.0557259246706962,0.12186875446355144,0.08189222081001894,0.0557259246706962,0.0,0.0,0.95,0.0,0.0,0.0,40.3,low,medium,True
NBO-0167,-1.194379,36.756692,informal_iron_sheet,RP100,100,0.01,1245000.0,0.004,proxy,0.0631651803851127,0.4029223920217416,0.13348905897229668,0.0631651803851127,0.0,0.0,0.95,0.0,0.0,0.0,40.5,low,medium,True
NBO-0170,-1.292702,36.875973,informal_iron_sheet,RP100,100,0.01,1245000.0,0.0,none,0.0,0.16502890780061485,0.07052291332936769,0.0,0.0,0.0,0.95,0.0,0.0,0.0,0.0,negligible,medium,True
NBO-0173,-1.230335,36.759392,permanent_masonry,RP100,100,0.01,53255000.0,0.0,none,0.0,0.0677255229652451,0.036716949605533455,0.0,0.0,0.0,0.85,0.0,0.0,0.0,0.0,negligible,medium,True
NBO-0175,-1.341161,36.791211,concrete_rcc,RP100,100,0.01,457070000.0,0.0,none,0.0,0.02867627594885297,0.013941420678822043,0.0,0.0,0.0,0.8,0.0,0.0,0.0,0.0,negligible,medium,True
NBO-0176,-1.212321,36.722038,informal_iron_sheet,RP100,100,0.01,1370000.0,0.0,none,0.0,0.0008555970267328925,0.0016483718125827,0.0,0.0,0.0,0.95,0.0,0.0,0.0,0.0,negligible,medium,True
NBO-0177,-1.182082,36.738428,permanent_masonry,RP100,100,0.01,102100000.0,0.0,none,0.0,0.0072427297668969486,0.004808858571331609,0.0,0.0,0.0,0.85,0.0,0.0,0.0,0.0,negligible,medium,True
NBO-0180,-1.333631,36.756666,semi_permanent,RP100,100,0.01,5520000.0,0.0,none,0.0,0.021053732443264424,0.0181794308961476,0.0,0.0,0.0,0.9,0.0,0.0,0.0,0.0,negligible,medium,True
NBO-0182,-1.319569,36.720591,informal_iron_sheet,RP100,100,0.01,1360000.0,0.0,none,0.0,0.01061667907409155,0.010529957509291065,0.0,0.0,0.0,0.95,0.0,0.0,0.0,0.0,negligible,medium,True
NBO-0184,-1.221434,36.878747,permanent_masonry,RP100,100,0.01,36975000.0,0.0,none,0.0,0.49444602744499133,0.08853499985791297,0.0,0.0,0.0,0.85,0.0,0.0,0.0,0.0,negligible,medium,True
NBO-0185,-1.28124,36.722067,semi_permanent,RP100,100,0.01,4485000.0,0.0,none,0.0,0.3643583542729904,0.12299037836908715,0.0,0.0,0.0,0.9,0.0,0.0,0.0,0.0,negligible,medium,True
NBO-0186,-1.311268,36.710595,concrete_rcc,RP100,100,0.01,993560000.0,0.0,none,0.0,0.2150178730701556,0.10226860762366476,0.0,0.0,0.0,0.8,0.0,0.0,0.0,0.0,negligible,medium,True
NBO-0187,-1.330025,36.762867,informal_iron_sheet,RP100,100,0.01,805000.0,0.0,none,0.0,0.1030311378664077,0.045908687641358914,0.0,0.0,0.0,0.95,0.0,0.0,0.0,0.0,negligible,medium,True
NBO-0188,-1.301215,36.744807,semi_permanent,RP100,100,0.01,3595000.0,0.0,none,0.0,0.15066547140164446,0.058171322041086757,0.0,0.0,0.0,0.9,0.0,0.0,0.0,0.0,negligible,medium,True
NBO-0190,-1.20887,36.81776,concrete_rcc,RP100,100,0.01,464040000.0,0.0,none,0.0,0.04990270928856754,0.025523811285984434,0.0,0.0,0.0,0.8,0.0,0.0,0.0,0.0,negligible,medium,True
NBO-0192,-1.329844,36.771296,semi_permanent,RP100,100,0.01,4215000.0,0.0,none,0.0,0.013378364051541976,0.012136900940015485,0.0,0.0,0.0,0.9,0.0,0.0,0.0,0.0,negligible,medium,True
NBO-0194,-1.264517,36.725531,concrete_rcc,RP100,100,0.01,395825000.0,0.0,none,0.0,0.33495746199760396,0.11271389347069087,0.0,0.0,0.0,0.8,0.0,0.0,0.0,0.0,negligible,medium,True
NBO-0197,-1.343618,36.947469,informal_iron_sheet,RP100,100,0.01,2575000.0,0.004,proxy,0.0544748902320861,0.22254085685713798,0.12598699208050107,0.0544748902320861,0.0,0.0,0.95,0.0,0.0,0.0,40.0,low,medium,True
NBO-0199,-1.344312,36.819906,permanent_masonry,RP100,100,0.01,32725000.0,0.004,proxy,0.0267174895852804,0.4580335349493864,0.13501424722657654,0.0267174895852804,0.0,0.0,0.85,0.0,0.0,0.0,36.2,low,medium,True
NBO-0202,-1.318579,36.742962,permanent_masonry,RP100,100,0.01,31350000.0,0.0,none,0.0,0.45584283717566537,0.15079867419304754,0.0,0.0,0.0,0.85,0.0,0.0,0.0,0.0,negligible,medium,True
NBO-0207,-1.319881,36.761287,permanent_masonry,RP100,100,0.01,32605000.0,0.0,none,0.0,0.47662014531309027,0.1549125614411903,0.0,0.0,0.0,0.85,0.0,0.0,0.0,0.0,negligible,medium,True
NBO-0214,-1.285278,36.707129,informal_iron_sheet,RP100,100,0.01,695000.0,0.0,none,0.0,0.4504846349966073,0.14474416902573414,0.0,0.0,0.0,0.95,0.0,0.0,0.0,0.0,negligible,medium,True
NBO-0215,-1.235394,36.793707,informal_iron_sheet,RP100,100,0.01,925000.0,0.0,none,0.0,0.0762338301618669,0.034798202562116375,0.0,0.0,0.0,0.95,0.0,0.0,0.0,0.0,negligible,medium,True
NBO-0219,-1.307356,36.740224,informal_iron_sheet,RP100,100,0.01,1245000.0,0.0,none,0.0,0.301174551808621,0.14454004016667543,0.0,0.0,0.0,0.95,0.0,0.0,0.0,0.0,negligible,medium,True
NBO-0221,-1.328457,36.847573,concrete_rcc,RP100,100,0.01,1129100000.0,0.004,proxy,0.0106329144909977,0.3284166950623097,0.10062705612616726,0.0106329144909977,0.0,0.0,0.8,0.0,0.0,0.0,34.5,low,medium,True
NBO-0225,-1.285168,36.767894,permanent_masonry,RP100,100,0.01,49225000.0,0.0,none,0.0,0.45738170567386016,0.14357408765990423,0.0,0.0,0.0,0.85,0.0,0.0,0.0,0.0,negligible,medium,True
NBO-0227,-1.26086,36.717133,permanent_masonry,RP100,100,0.01,68610000.0,0.0,none,0.0,0.1804022672412847,0.08017343395446418,0.0,0.0,0.0,0.85,0.0,0.0,0.0,0.0,negligible,medium,True
NBO-0230,-1.332177,36.762032,informal_iron_sheet,RP100,100,0.01,1055000.0,0.0,none,0.0,0.0709773930933144,0.03688879247432663,0.0,0.0,0.0,0.95,0.0,0.0,0.0,0.0,negligible,medium,True
NBO-0231,-1.33616,36.789645,concrete_rcc,RP100,100,0.01,1455240000.0,0.0,none,0.0,0.015428666639303864,0.009082194855735996,0.0,0.0,0.0,0.8,0.0,0.0,0.0,0.0,negligible,medium,True
NBO-0234,-1.226429,36.738966,semi_permanent,RP100,100,0.01,7695000.0,0.0,none,0.0,0.010387317327482812,0.010112877086188155,0.0,0.0,0.0,0.9,0.0,0.0,0.0,0.0,negligible,medium,True
NBO-0236,-1.187621,36.72315,semi_permanent,RP100,100,0.01,9120000.0,0.0,none,0.0,0.0008578802541732187,0.0014984996505824856,0.0,0.0,0.0,0.9,0.0,0.0,0.0,0.0,negligible,medium,True
NBO-0237,-1.199153,36.70927,concrete_rcc,RP100,100,0.01,697740000.0,0.0,none,0.0,5.0776675592966177e-05,0.00027589544901381345,0.0,0.0,0.0,0.8,0.0,0.0,0.0,0.0,negligible,medium,True
NBO-0239,-1.188579,36.716339,permanent_masonry,RP100,100,0.01,37440000.0,0.0,none,0.0,0.00027306329644746747,0.0008364756625144935,0.0,0.0,0.0,0.85,0.0,0.0,0.0,0.0,negligible,medium,True
NBO-0248,-1.303397,36.719771,permanent_masonry,RP100,100,0.01,67115000.0,0.0,none,0.0,0.21042446092216618,0.07508592648937867,0.0,0.0,0.0,0.85,0.0,0.0,0.0,0.0,negligible,medium,True
NBO-0250,-1.309464,36.727057,concrete_rcc,RP100,100,0.01,346390000.0,0.004,proxy,0.0657281130552291,0.28380828363961436,0.10832060984437872,0.0657281130552291,0.0,0.0,0.8,0.0,0.0,0.0,37.8,low,medium,True
NBO-0251,-1.310908,36.74482,semi_permanent,RP100,100,0.01,3695000.0,0.0,none,0.0,0.40447102112807026,0.1198555549729505,0.0,0.0,0.0,0.9,0.0,0.0,0.0,0.0,negligible,medium,True
NBO-0253,-1.197507,36.82492,semi_permanent,RP100,100,0.01,5710000.0,0.0,none,0.0,0.25426395010958236,0.09254737784857112,0.0,0.0,0.0,0.9,0.0,0.0,0.0,0.0,negligible,medium,True
NBO-0254,-1.225363,36.713396,informal_iron_sheet,RP100,100,0.01,1930000.0,0.0,none,0.0,0.00016058025613904914,0.0005109026620798728,0.0,0.0,0.0,0.95,0.0,0.0,0.0,0.0,negligible,medium,True
NBO-0256,-1.32265,36.834249,semi_permanent,RP100,100,0.01,3650000.0,0.0,none,0.0,0.4335756627058733,0.08522006274194528,0.0,0.0,0.0,0.9,0.0,0.0,0.0,0.0,negligible,medium,True
NBO-0257,-1.23058,36.769731,concrete_rcc,RP100,100,0.01,1181605000.0,0.004,known_hotspot,0.0,0.05753632966044178,0.025009715572301597,0.03751815456308388,0.0,0.0,0.8,0.0,0.0,0.0,36.0,low,medium,True
NBO-0260,-1.328899,36.747618,semi_permanent,RP100,100,0.01,10010000.0,0.0,none,0.0,0.2491301410371159,0.09063634981672344,0.0,0.0,0.0,0.9,0.0,0.0,0.0,0.0,negligible,medium,True
NBO-0263,-1.240543,36.762234,semi_permanent,RP100,100,0.01,3240000.0,0.004,known_hotspot,0.0,0.4447416472379719,0.12316378161832016,0.062042808614037756,0.0,0.0,0.9,0.0,0.0,0.0,39.5,low,medium,True
NBO-0264,-1.194188,36.709318,concrete_rcc,RP100,100,0.01,850565000.0,0.0,none,0.0,7.80923621236049e-05,0.00042889813445541993,0.0,0.0,0.0,0.8,0.0,0.0,0.0,0.0,negligible,medium,True
NBO-0269,-1.230379,36.705483,semi_permanent,RP100,100,0.01,3310000.0,0.0,none,0.0,0.00010870786741375232,0.00045352339753067694,0.0,0.0,0.0,0.9,0.0,0.0,0.0,0.0,negligible,medium,True
NBO-0270,-1.22036,36.726497,permanent_masonry,RP100,100,0.01,106590000.0,0.0,none,0.0,0.0016421689926224689,0.003035039910609108,0.0,0.0,0.0,0.85,0.0,0.0,0.0,0.0,negligible,medium,True
NBO-0271,-1.238975,36.704695,semi_permanent,RP100,100,0.01,3125000.0,0.0,none,0.0,0.00021471587650150035,0.001179809967496735,0.0,0.0,0.0,0.9,0.0,0.0,0.0,0.0,negligible,medium,True
NBO-0272,-1.268976,36.707647,permanent_masonry,RP100,100,0.01,84745000.0,0.0,none,0.0,0.4707893373873312,0.14738214441419528,0.0,0.0,0.0,0.85,0.0,0.0,0.0,0.0,negligible,medium,True
NBO-0273,-1.224272,36.70066,semi_permanent,RP100,100,0.01,3775000.0,0.0,none,0.0,0.00011327947904536049,0.00038594374363430976,0.0,0.0,0.0,0.9,0.0,0.0,0.0,0.0,negligible,medium,True
NBO-0276,-1.341675,36.788527,informal_iron_sheet,RP100,100,0.01,2025000.0,0.0,none,0.0,0.020212347492843095,0.01197255736834949,0.0,0.0,0.0,0.95,0.0,0.0,0.0,0.0,negligible,medium,True
NBO-0277,-1.316557,36.932,semi_permanent,RP100,100,0.01,3990000.0,0.004,proxy,0.0851205959916114,0.12527774716369924,0.09048380417427432,0.0851205959916114,0.0,0.0,0.9,0.0,0.0,0.0,41.0,low,medium,True
NBO-0280,-1.286231,36.892072,concrete_rcc,RP100,100,0.01,609445000.0,0.004,known_hotspot,0.0034659986849874,0.4362296469085145,0.12484984510139743,0.004866627253643489,0.0,0.0,0.8,0.0,0.0,0.0,33.8,low,medium,True
NBO-0281,-1.187574,36.830611,permanent_masonry,RP100,100,0.01,24840000.0,0.0,none,0.0,0.4772815425542254,0.11908375073010831,0.0,0.0,0.0,0.85,0.0,0.0,0.0,0.0,negligible,medium,True
NBO-0282,-1.338431,36.714023,permanent_masonry,RP100,100,0.01,46565000.0,0.0,none,0.0,0.006766070228547596,0.008487178101008503,0.0,0.0,0.0,0.85,0.0,0.0,0.0,0.0,negligible,medium,True
NBO-0283,-1.295195,36.729934,informal_iron_sheet,RP100,100,0.01,850000.0,0.0,none,0.0,0.08981159828164322,0.04428903257379217,0.0,0.0,0.0,0.95,0.0,0.0,0.0,0.0,negligible,medium,True
NBO-0285,-1.308304,36.733992,semi_permanent,RP100,100,0.01,3770000.0,0.0,none,0.0,0.44114557116505754,0.13246398456994718,0.0,0.0,0.0,0.9,0.0,0.0,0.0,0.0,negligible,medium,True
NBO-0287,-1.305027,36.717376,informal_iron_sheet,RP100,100,0.01,700000.0,0.0,none,0.0,0.3870183120691367,0.10811995088634213,0.0,0.0,0.0,0.95,0.0,0.0,0.0,0.0,negligible,medium,True
NBO-0289,-1.185153,36.790811,semi_permanent,RP100,100,0.01,3625000.0,0.0,none,0.0,0.09342398361695198,0.03812956783540545,0.0,0.0,0.0,0.9,0.0,0.0,0.0,0.0,negligible,medium,True
NBO-0291,-1.309713,36.71976,permanent_masonry,RP100,100,0.01,25425000.0,0.004,proxy,0.0076628164388239,0.2156193552544424,0.07829409606660076,0.0076628164388239,0.0,0.0,0.85,0.0,0.0,0.0,34.7,low,medium,True
NBO-0295,-1.33716,36.794091,permanent_masonry,RP100,100,0.01,62920000.0,0.0,none,0.0,0.0719400735146425,0.03497459307860244,0.0,0.0,0.0,0.85,0.0,0.0,0.0,0.0,negligible,medium,True
NBO-0297,-1.213308,36.732977,semi_permanent,RP100,100,0.01,4370000.0,0.0,none,0.0,0.007666855868836697,0.0074434719862643715,0.0,0.0,0.0,0.9,0.0,0.0,0.0,0.0,negligible,medium,True
NBO-0299,-1.298429,36.785526,semi_permanent,RP100,100,0.01,2280000.0,0.004,known_hotspot,0.0,0.14164180466676352,0.05147505839614439,0.00507722671968464,0.0,0.0,0.9,0.0,0.0,0.0,34.2,low,medium,True
NBO-0303,-1.326648,36.769993,concrete_rcc,RP100,100,0.01,305250000.0,0.0,none,0.0,0.22154995096778105,0.09753771948495372,0.0,0.0,0.0,0.8,0.0,0.0,0.0,0.0,negligible,medium,True
NBO-0304,-1.32852,36.797975,permanent_masonry,RP100,100,0.01,58110000.0,0.004,known_hotspot,0.0,0.3486850186171976,0.11311143265994995,0.009007544343668489,0.0,0.0,0.85,0.0,0.0,0.0,35.0,low,medium,True
NBO-0309,-1.230274,36.759232,semi_permanent,RP100,100,0.01,6120000.0,0.0,none,0.0,0.06601281312567112,0.03672925279034786,0.0,0.0,0.0,0.9,0.0,0.0,0.0,0.0,negligible,medium,True
NBO-0310,-1.193935,36.823109,permanent_masonry,RP100,100,0.01,37675000.0,0.0,none,0.0,0.26666942576507735,0.09593060307668429,0.0,0.0,0.0,0.85,0.0,0.0,0.0,0.0,negligible,medium,True
NBO-0313,-1.204866,36.703881,permanent_masonry,RP100,100,0.01,49505000.0,0.0,none,0.0,3.247220421114138e-05,0.0002893830537231651,0.0,0.0,0.0,0.85,0.0,0.0,0.0,0.0,negligible,medium,True
NBO-0314,-1.182174,36.721902,permanent_masonry,RP100,100,0.01,114670000.0,0.0,none,0.0,0.0007521009422793809,0.0017626179622125954,0.0,0.0,0.0,0.85,0.0,0.0,0.0,0.0,negligible,medium,True
NBO-0315,-1.181293,36.796118,semi_permanent,RP100,100,0.01,3770000.0,0.0,none,0.0,0.04058719510998407,0.01790148067377903,0.0,0.0,0.0,0.9,0.0,0.0,0.0,0.0,negligible,medium,True
NBO-0317,-1.245344,36.806905,informal_iron_sheet,RP100,100,0.01,2150000.0,0.0,none,0.0,0.19798764541028555,0.07978070648038373,0.0,0.0,0.0,0.95,0.0,0.0,0.0,0.0,negligible,medium,True
NBO-0318,-1.332425,36.855886,informal_iron_sheet,RP100,100,0.01,1335000.0,0.0,none,0.0,0.34915150684232826,0.09790030265497719,0.0,0.0,0.0,0.95,0.0,0.0,0.0,0.0,negligible,medium,True
NBO-0320,-1.348242,36.720226,semi_permanent,RP100,100,0.01,4105000.0,0.0,none,0.0,0.005331665589691122,0.006874267845502807,0.0,0.0,0.0,0.9,0.0,0.0,0.0,0.0,negligible,medium,True
NBO-0321,-1.214463,36.819394,semi_permanent,RP100,100,0.01,3110000.0,0.0,none,0.0,0.452163794504986,0.13910278620116046,0.0,0.0,0.0,0.9,0.0,0.0,0.0,0.0,negligible,medium,True
NBO-0328,-1.341179,36.819429,semi_permanent,RP100,100,0.01,5435000.0,0.0,none,0.0,0.44379228322016095,0.11270571751012913,0.0,0.0,0.0,0.9,0.0,0.0,0.0,0.0,negligible,medium,True
NBO-0330,-1.344911,36.819275,permanent_masonry,RP100,100,0.01,56410000.0,0.004,proxy,0.037077147513628,0.468458687973857,0.14518554897076957,0.037077147513628,0.0,0.0,0.85,0.0,0.0,0.0,37.5,low,medium,True
NBO-0331,-1.299253,36.714793,semi_permanent,RP100,100,0.01,3410000.0,0.0,none,0.0,0.23436208079432003,0.08396105554824591,0.0,0.0,0.0,0.9,0.0,0.0,0.0,0.0,negligible,medium,True
NBO-0337,-1.182634,36.829649,semi_permanent,RP100,100,0.01,7645000.0,0.0,none,0.0,0.1804706296180766,0.08201049095854394,0.0,0.0,0.0,0.9,0.0,0.0,0.0,0.0,negligible,medium,True
NBO-0341,-1.346872,36.949269,semi_permanent,RP100,100,0.01,6365000.0,0.004,proxy,0.0418274588882923,0.09967832406275254,0.0976433808933743,0.0418274588882923,0.0,0.0,0.9,0.0,0.0,0.0,38.3,low,medium,True
NBO-0350,-1.292185,36.740383,concrete_rcc,RP100,100,0.01,475860000.0,0.004,proxy,0.0534680858254432,0.0856109558360067,0.04105879140431351,0.0534680858254432,0.0,0.0,0.8,0.0,0.0,0.0,37.7,low,medium,True
NBO-0351,-1.241881,36.815722,informal_iron_sheet,RP100,100,0.01,1350000.0,0.0,none,0.0,0.49721165796228145,0.10732852366883018,0.0,0.0,0.0,0.95,0.0,0.0,0.0,0.0,negligible,medium,True
NBO-0353,-1.331766,36.81104,concrete_rcc,RP100,100,0.01,393455000.0,0.0,none,0.0,0.4037851359489272,0.11507122507883584,0.0,0.0,0.0,0.8,0.0,0.0,0.0,0.0,negligible,medium,True
NBO-0355,-1.347451,36.709257,informal_iron_sheet,RP100,100,0.01,1065000.0,0.0,none,0.0,0.19130836288621064,0.07941089832177431,0.0,0.0,0.0,0.95,0.0,0.0,0.0,0.0,negligible,medium,True
NBO-0357,-1.347865,36.718488,permanent_masonry,RP100,100,0.01,48595000.0,0.0,none,0.0,0.006516281752070474,0.008030585810075472,0.0,0.0,0.0,0.85,0.0,0.0,0.0,0.0,negligible,medium,True
NBO-0366,-1.294328,36.79296,informal_iron_sheet,RP100,100,0.01,805000.0,0.004,proxy,0.0217334646731615,0.11814540484772969,0.0777920847524783,0.0217334646731615,0.0,0.0,0.95,0.0,0.0,0.0,37.0,low,medium,True
NBO-0369,-1.304822,36.734471,semi_permanent,RP100,100,0.01,5615000.0,0.0,none,0.0,0.28221531386312687,0.10449505226346954,0.0,0.0,0.0,0.9,0.0,0.0,0.0,0.0,negligible,medium,True
NBO-0373,-1.333748,36.718557,permanent_masonry,RP100,100,0.01,104225000.0,0.0,none,0.0,0.0009103183899530682,0.0025224037723611675,0.0,0.0,0.0,0.85,0.0,0.0,0.0,0.0,negligible,medium,True
NBO-0374,-1.306874,36.704134,informal_iron_sheet,RP100,100,0.01,1175000.0,0.0,none,0.0,0.44282443307108443,0.14471324309348108,0.0,0.0,0.0,0.95,0.0,0.0,0.0,0.0,negligible,medium,True
NBO-0380,-1.256632,36.748659,permanent_masonry,RP100,100,0.01,75325000.0,0.004,known_hotspot,0.0,0.02428417284240902,0.01443235499615238,0.012353817522104973,0.0,0.0,0.85,0.0,0.0,0.0,35.3,low,medium,True
NBO-0381,-1.305364,36.729212,permanent_masonry,RP100,100,0.01,49750000.0,0.0,none,0.0,0.4596865633889593,0.12065397056419913,0.0,0.0,0.0,0.85,0.0,0.0,0.0,0.0,negligible,medium,True
NBO-0382,-1.287241,36.888335,informal_iron_sheet,RP100,100,0.01,1785000.0,0.004,proxy,0.0494835041463375,0.38491428102093234,0.0883671467298374,0.0494835041463375,0.0,0.0,0.95,0.0,0.0,0.0,39.3,low,medium,True
NBO-0383,-1.306754,36.710739,concrete_rcc,RP100,100,0.01,941095000.0,0.0,none,0.0,0.38218768572768785,0.1300415853128758,0.0,0.0,0.0,0.8,0.0,0.0,0.0,0.0,negligible,medium,True
NBO-0385,-1.20217,36.825202,informal_iron_sheet,RP100,100,0.01,590000.0,0.0,none,0.0,0.09065018131454915,0.03975208295586523,0.0,0.0,0.0,0.95,0.0,0.0,0.0,0.0,negligible,medium,True
NBO-0386,-1.290194,36.745156,permanent_masonry,RP100,100,0.01,76960000.0,0.004,known_hotspot,0.0,0.27532531466042115,0.09756811284910609,0.004941889996280462,0.0,0.0,0.85,0.0,0.0,0.0,34.0,low,medium,True
NBO-0387,-1.229012,36.757269,semi_permanent,RP100,100,0.01,2525000.0,0.0,none,0.0,0.060417472151971276,0.03557291853558759,0.0,0.0,0.0,0.9,0.0,0.0,0.0,0.0,negligible,medium,True
NBO-0393,-1.333316,36.714996,semi_permanent,RP100,100,0.01,3390000.0,0.0,none,0.0,0.002400409360212549,0.004364652548387999,0.0,0.0,0.0,0.9,0.0,0.0,0.0,0.0,negligible,medium,True
NBO-0394,-1.223109,36.877667,informal_iron_sheet,RP100,100,0.01,1385000.0,0.0,none,0.0,0.3765775058558609,0.08752637402671211,0.0,0.0,0.0,0.95,0.0,0.0,0.0,0.0,negligible,medium,True
NBO-0397,-1.334262,36.797507,concrete_rcc,RP100,100,0.01,950380000.0,0.0,none,0.0,0.26094290322257446,0.09548328900335051,0.0,0.0,0.0,0.8,0.0,0.0,0.0,0.0,negligible,medium,True
NBO-0400,-1.183815,36.732616,permanent_masonry,RP100,100,0.01,59920000.0,0.0,none,0.0,0.0024969058580201764,0.002425855683922287,0.0,0.0,0.0,0.85,0.0,0.0,0.0,0.0,negligible,medium,True
NBO-0401,-1.225953,36.743443,informal_iron_sheet,RP100,100,0.01,885000.0,0.0,none,0.0,0.01773107185580475,0.015717877162236837,0.0,0.0,0.0,0.95,0.0,0.0,0.0,0.0,negligible,medium,True
NBO-0402,-1.317633,36.764405,permanent_masonry,RP100,100,0.01,86790000.0,0.004,proxy,0.0331294387578964,0.45944509691803204,0.15161610867810507,0.0331294387578964,0.0,0.0,0.85,0.0,0.0,0.0,37.2,low,medium,True
NBO-0405,-1.182548,36.704197,permanent_masonry,RP100,100,0.01,86580000.0,0.0,none,0.0,6.826736196339851e-06,8.14116929982666e-05,0.0,0.0,0.0,0.85,0.0,0.0,0.0,0.0,negligible,medium,True
NBO-0407,-1.253995,36.750024,semi_permanent,RP100,100,0.01,3505000.0,0.0,none,0.0,0.08963986212373644,0.03736266865930244,0.0,0.0,0.0,0.9,0.0,0.0,0.0,0.0,negligible,medium,True
NBO-0408,-1.334527,36.762454,semi_permanent,RP100,100,0.01,3650000.0,0.0,none,0.0,0.00785951300010887,0.00856124322062354,0.0,0.0,0.0,0.9,0.0,0.0,0.0,0.0,negligible,medium,True
NBO-0410,-1.247716,36.748189,permanent_masonry,RP100,100,0.01,67745000.0,0.0,none,0.0,0.32915302711850597,0.09392763081549495,0.0,0.0,0.0,0.85,0.0,0.0,0.0,0.0,negligible,medium,True
NBO-0412,-1.323981,36.709497,permanent_masonry,RP100,100,0.01,64635000.0,0.0,none,0.0,0.0019774856628977638,0.004028577590006373,0.0,0.0,0.0,0.85,0.0,0.0,0.0,0.0,negligible,medium,True
NBO-0413,-1.29912,36.707958,semi_permanent,RP100,100,0.01,6125000.0,0.0,none,0.0,0.185766552266066,0.10572024776101183,0.0,0.0,0.0,0.9,0.0,0.0,0.0,0.0,negligible,medium,True
NBO-0414,-1.222829,36.772325,concrete_rcc,RP100,100,0.01,268000000.0,0.0,none,0.0,0.09209417991261988,0.03826426377058693,0.0,0.0,0.0,0.8,0.0,0.0,0.0,0.0,negligible,medium,True
NBO-0415,-1.182905,36.723088,informal_iron_sheet,RP100,100,0.01,635000.0,0.0,none,0.0,0.0010528354147961718,0.002220302840663129,0.0,0.0,0.0,0.95,0.0,0.0,0.0,0.0,negligible,medium,True
NBO-0419,-1.322424,36.883627,concrete_rcc,RP100,100,0.01,452325000.0,0.0,none,0.0,0.2913591693836706,0.09620313705639028,0.0,0.0,0.0,0.8,0.0,0.0,0.0,0.0,negligible,medium,True
NBO-0420,-1.339096,36.702452,informal_iron_sheet,RP100,100,0.01,1360000.0,0.0,none,0.0,0.47251555285724534,0.15390682488649135,0.0,0.0,0.0,0.95,0.0,0.0,0.0,0.0,negligible,medium,True
NBO-0425,-1.348616,36.782807,permanent_masonry,RP100,100,0.01,81015000.0,0.0,none,0.0,0.02711732838004344,0.021095772792744796,0.0,0.0,0.0,0.85,0.0,0.0,0.0,0.0,negligible,medium,True
NBO-0430,-1.323625,36.725838,permanent_masonry,RP100,100,0.01,45600000.0,0.0,none,0.0,0.00687682475154261,0.006564341243702674,0.0,0.0,0.0,0.85,0.0,0.0,0.0,0.0,negligible,medium,True
NBO-0432,-1.211213,36.717387,permanent_masonry,RP100,100,0.01,45590000.0,0.0,none,0.0,0.0003912804727969433,0.0010798824923572944,0.0,0.0,0.0,0.85,0.0,0.0,0.0,0.0,negligible,medium,True
NBO-0435,-1.314949,36.71617,semi_permanent,RP100,100,0.01,5220000.0,0.0,none,0.0,0.1561645107104151,0.058931620684205765,0.0,0.0,0.0,0.9,0.0,0.0,0.0,0.0,negligible,medium,True
NBO-0436,-1.316654,36.932326,permanent_masonry,RP100,100,0.01,37945000.0,0.004,proxy,0.0221096333116292,0.1796155508989133,0.11951921554510976,0.0221096333116292,0.0,0.0,0.85,0.0,0.0,0.0,35.7,low,medium,True
NBO-0438,-1.276598,36.716169,semi_permanent,RP100,100,0.01,6225000.0,0.0,none,0.0,0.49995784407157234,0.14192103070850365,0.0,0.0,0.0,0.9,0.0,0.0,0.0,0.0,negligible,medium,True
NBO-0440,-1.18851,36.783672,semi_permanent,RP100,100,0.01,3105000.0,0.0,none,0.0,0.31433670269560976,0.09360279709468376,0.0,0.0,0.0,0.9,0.0,0.0,0.0,0.0,negligible,medium,True
NBO-0441,-1.185484,36.849843,informal_iron_sheet,RP100,100,0.01,740000.0,0.0,none,0.0,0.3603813770097094,0.0930983081465567,0.0,0.0,0.0,0.95,0.0,0.0,0.0,0.0,negligible,medium,True
NBO-0442,-1.33239,36.866631,informal_iron_sheet,RP100,100,0.01,1470000.0,0.0,none,0.0,0.2617699930280528,0.09827184815694379,0.0,0.0,0.0,0.95,0.0,0.0,0.0,0.0,negligible,medium,True
NBO-0447,-1.232566,36.780822,informal_iron_sheet,RP100,100,0.01,885000.0,0.004,known_hotspot,0.0,0.16793611047753876,0.06251505726694069,0.008684066167539741,0.0,0.0,0.95,0.0,0.0,0.0,35.5,low,medium,True
NBO-0448,-1.294373,36.783096,semi_permanent,RP100,100,0.01,3375000.0,0.0,none,0.0,0.2840686369992242,0.11004668563927993,0.0,0.0,0.0,0.9,0.0,0.0,0.0,0.0,negligible,medium,True
NBO-0455,-1.33227,36.874249,concrete_rcc,RP100,100,0.01,381775000.0,0.0,none,0.0,0.17203177140628823,0.07777130104609184,0.0,0.0,0.0,0.8,0.0,0.0,0.0,0.0,negligible,medium,True
NBO-0460,-1.33452,36.837781,semi_permanent,RP100,100,0.01,3150000.0,0.0,none,0.0,0.04713733382085628,0.02826658081863774,0.0,0.0,0.0,0.9,0.0,0.0,0.0,0.0,negligible,medium,True
NBO-0461,-1.332897,36.781192,informal_iron_sheet,RP100,100,0.01,1080000.0,0.0,none,0.0,0.016155953243916624,0.009774115349071294,0.0,0.0,0.0,0.95,0.0,0.0,0.0,0.0,negligible,medium,True
NBO-0463,-1.263233,36.740277,permanent_masonry,RP100,100,0.01,64740000.0,0.004,known_hotspot,0.0,0.11418965196428549,0.06290221911334437,0.006728525998369781,0.0,0.0,0.85,0.0,0.0,0.0,34.3,low,medium,True
NBO-0465,-1.291747,36.740285,semi_permanent,RP100,100,0.01,3200000.0,0.004,proxy,0.084365077316761,0.06934114732349582,0.03706378115816829,0.084365077316761,0.0,0.0,0.9,0.0,0.0,0.0,40.8,low,medium,True
NBO-0467,-1.198678,36.731266,concrete_rcc,RP100,100,0.01,1592010000.0,0.0,none,0.0,0.0036440862585974503,0.003289560089250885,0.0,0.0,0.0,0.8,0.0,0.0,0.0,0.0,negligible,medium,True
NBO-0469,-1.32826,36.885924,semi_permanent,RP100,100,0.01,8010000.0,0.0,none,0.0,0.0825229583562562,0.041678598893262774,0.0,0.0,0.0,0.9,0.0,0.0,0.0,0.0,negligible,medium,True
NBO-0470,-1.317417,36.911355,semi_permanent,RP100,100,0.01,3905000.0,0.004,known_hotspot,0.0,0.09197398357332973,0.05767672610520227,0.0065404147422579145,0.0,0.0,0.9,0.0,0.0,0.0,34.8,low,medium,True
NBO-0472,-1.280935,36.89564,semi_permanent,RP100,100,0.01,5280000.0,0.0,none,0.0,0.2937539214363988,0.1208956011740409,0.0,0.0,0.0,0.9,0.0,0.0,0.0,0.0,negligible,medium,True
NBO-0475,-1.321852,36.912497,informal_iron_sheet,RP100,100,0.01,580000.0,0.004,proxy,0.047514084726572,0.173842814624597,0.10310801636616684,0.047514084726572,0.0,0.0,0.95,0.0,0.0,0.0,39.2,low,medium,True
NBO-0476,-1.239714,36.739798,informal_iron_sheet,RP100,100,0.01,560000.0,0.0,none,0.0,0.04381949475963709,0.023900545489274026,0.0,0.0,0.0,0.95,0.0,0.0,0.0,0.0,negligible,medium,True
NBO-0479,-1.319025,36.818722,informal_iron_sheet,RP100,100,0.01,790000.0,0.004,known_hotspot,0.0,0.3816184244697248,0.11466633467742036,0.018775858905014667,0.0,0.0,0.95,0.0,0.0,0.0,36.5,low,medium,True
NBO-0480,-1.313874,36.93348,semi_permanent,RP100,100,0.01,5855000.0,0.0,none,0.0,0.33226482859065265,0.14854130545843888,0.0,0.0,0.0,0.9,0.0,0.0,0.0,0.0,negligible,medium,True
NBO-0482,-1.211464,36.717203,permanent_masonry,RP100,100,0.01,35925000.0,0.0,none,0.0,0.000346216853920827,0.000978518542602373,0.0,0.0,0.0,0.85,0.0,0.0,0.0,0.0,negligible,medium,True
NBO-0484,-1.271068,36.744576,concrete_rcc,RP100,100,0.01,641870000.0,0.004,known_hotspot,0.0,0.38997877608607273,0.1806429343221597,0.07639313100002937,0.0,0.0,0.8,0.0,0.0,0.0,38.7,low,medium,True
NBO-0485,-1.233919,36.806192,informal_iron_sheet,RP100,100,0.01,715000.0,0.0,none,0.0,0.48594246832523885,0.1300361366009943,0.0,0.0,0.0,0.95,0.0,0.0,0.0,0.0,negligible,medium,True
NBO-0488,-1.289708,36.796945,semi_permanent,RP100,100,0.01,5085000.0,0.0,none,0.0,0.3201353959957779,0.09557812052662246,0.0,0.0,0.0,0.9,0.0,0.0,0.0,0.0,negligible,medium,True
NBO-0489,-1.244082,36.757179,permanent_masonry,RP100,100,0.01,33945000.0,0.0,none,0.0,0.4580309952088512,0.1602298200036618,0.0,0.0,0.0,0.85,0.0,0.0,0.0,0.0,negligible,medium,True
NBO-0490,-1.317731,36.92187,permanent_masonry,RP100,100,0.01,72865000.0,0.0,none,0.0,0.1733407314910968,0.14084428801868304,0.0,0.0,0.0,0.85,0.0,0.0,0.0,0.0,negligible,medium,True
NBO-0493,-1.28459,36.726722,concrete_rcc,RP100,100,0.01,935855000.0,0.0,none,0.0,0.40991037722472595,0.10098446916669865,0.0,0.0,0.0,0.8,0.0,0.0,0.0,0.0,negligible,medium,True
NBO-0495,-1.328919,36.874954,semi_permanent,RP100,100,0.01,6580000.0,0.0,none,0.0,0.05128822997995146,0.0330827692409406,0.0,0.0,0.0,0.9,0.0,0.0,0.0,0.0,negligible,medium,True
NBO-0496,-1.212958,36.816976,informal_iron_sheet,RP100,100,0.01,1650000.0,0.0,none,0.0,0.45098902778789496,0.14552651314919637,0.0,0.0,0.0,0.95,0.0,0.0,0.0,0.0,negligible,medium,True
NBO-0497,-1.285034,36.742151,informal_iron_sheet,RP100,100,0.01,855000.0,0.004,known_hotspot,0.0,0.2899247241822438,0.09722128811769651,0.015584117670217765,0.0,0.0,0.95,0.0,0.0,0.0,35.8,low,medium,True
NBO-0498,-1.185994,36.786739,informal_iron_sheet,RP100,100,0.01,935000.0,0.0,none,0.0,0.2358654013360375,0.07834844967807038,0.0,0.0,0.0,0.95,0.0,0.0,0.0,0.0,negligible,medium,True
NBO-0500,-1.25312,36.710253,informal_iron_sheet,RP100,100,0.01,1275000.0,0.0,none,0.0,0.007734550592205869,0.007958927487002653,0.0,0.0,0.0,0.95,0.0,0.0,0.0,0.0,negligible,medium,True
NBO-0501,-1.295026,36.712918,concrete_rcc,RP100,100,0.01,476605000.0,0.0,none,0.0,0.20636175397254644,0.06437929279578938,0.0,0.0,0.0,0.8,0.0,0.0,0.0,0.0,negligible,medium,True
NBO-0504,-1.305311,36.854259,concrete_rcc,RP100,100,0.01,871025000.0,0.0,none,0.0,0.4537528775002508,0.13037196375680554,0.0,0.0,0.0,0.8,0.0,0.0,0.0,0.0,negligible,medium,True
NBO-0506,-1.182312,36.828437,informal_iron_sheet,RP100,100,0.01,720000.0,0.0,none,0.0,0.1710540187470108,0.07264844269334031,0.0,0.0,0.0,0.95,0.0,0.0,0.0,0.0,negligible,medium,True
NBO-0510,-1.336823,36.70879,informal_iron_sheet,RP100,100,0.01,890000.0,0.0,none,0.0,0.11963970621885936,0.058543700699426944,0.0,0.0,0.0,0.95,0.0,0.0,0.0,0.0,negligible,medium,True
NBO-0511,-1.184776,36.797872,informal_iron_sheet,RP100,100,0.01,720000.0,0.0,none,0.0,0.02542866195738499,0.013713099651399854,0.0,0.0,0.0,0.95,0.0,0.0,0.0,0.0,negligible,medium,True
NBO-0512,-1.188377,36.790529,informal_iron_sheet,RP100,100,0.01,1020000.0,0.0,none,0.0,0.05852479114287201,0.026316423624892057,0.0,0.0,0.0,0.95,0.0,0.0,0.0,0.0,negligible,medium,True
NBO-0513,-1.290784,36.727271,concrete_rcc,RP100,100,0.01,451570000.0,0.0,none,0.0,0.07161174096450423,0.039991797711333085,0.0,0.0,0.0,0.8,0.0,0.0,0.0,0.0,negligible,medium,True
NBO-0515,-1.325057,36.886173,informal_iron_sheet,RP100,100,0.01,625000.0,0.0,none,0.0,0.07813494524833625,0.05540596858361857,0.0,0.0,0.0,0.95,0.0,0.0,0.0,0.0,negligible,medium,True
NBO-0516,-1.249747,36.737112,permanent_masonry,RP100,100,0.01,43265000.0,0.0,none,0.0,0.01724475739839995,0.011930461416292483,0.0,0.0,0.0,0.85,0.0,0.0,0.0,0.0,negligible,medium,True
NBO-0517,-1.34537,36.948643,semi_permanent,RP100,100,0.01,3700000.0,0.004,proxy,0.0525328740477561,0.1435582132186327,0.11242157691860039,0.0525328740477561,0.0,0.0,0.9,0.0,0.0,0.0,38.8,low,medium,True
NBO-0518,-1.207065,36.750001,permanent_masonry,RP100,100,0.01,58300000.0,0.0,none,0.0,0.44821262503921566,0.12867972986923906,0.0,0.0,0.0,0.85,0.0,0.0,0.0,0.0,negligible,medium,True
NBO-0520,-1.193567,36.704825,informal_iron_sheet,RP100,100,0.01,610000.0,0.0,none,0.0,1.9398523979845498e-05,0.00016653992538929658,0.0,0.0,0.0,0.95,0.0,0.0,0.0,0.0,negligible,medium,True
NBO-0522,-1.288577,36.715379,informal_iron_sheet,RP100,100,0.01,1080000.0,0.004,proxy,0.0773663446307182,0.11522146392583173,0.06320904517477625,0.0773663446307182,0.0,0.0,0.95,0.0,0.0,0.0,41.5,low,medium,True
NBO-0523,-1.345307,36.773551,informal_iron_sheet,RP100,100,0.01,1165000.0,0.0,none,0.0,0.0524034060212618,0.022606434722806608,0.0,0.0,0.0,0.95,0.0,0.0,0.0,0.0,negligible,medium,True
NBO-0527,-1.210956,36.822111,informal_iron_sheet,RP100,100,0.01,1120000.0,0.0,none,0.0,0.06828860650720799,0.03444503144920202,0.0,0.0,0.0,0.95,0.0,0.0,0.0,0.0,negligible,medium,True
NBO-0528,-1.183892,36.727219,informal_iron_sheet,RP100,100,0.01,1655000.0,0.0,none,0.0,0.0014994242919184769,0.0020876309287457522,0.0,0.0,0.0,0.95,0.0,0.0,0.0,0.0,negligible,medium,True
NBO-0534,-1.214277,36.717458,concrete_rcc,RP100,100,0.01,1036940000.0,0.0,none,0.0,0.00044830210294492524,0.0014431472373654288,0.0,0.0,0.0,0.8,0.0,0.0,0.0,0.0,negligible,medium,True
NBO-0535,-1.295993,36.743629,semi_permanent,RP100,100,0.01,2675000.0,0.0,none,0.0,0.24815099181780761,0.08230778079450304,0.0,0.0,0.0,0.9,0.0,0.0,0.0,0.0,negligible,medium,True
NBO-0540,-1.324529,36.76911,semi_permanent,RP100,100,0.01,7295000.0,0.0,none,0.0,0.4617222634624869,0.15121657969857025,0.0,0.0,0.0,0.9,0.0,0.0,0.0,0.0,negligible,medium,True
NBO-0541,-1.212603,36.730007,informal_iron_sheet,RP100,100,0.01,980000.0,0.0,none,0.0,0.0049060994099602295,0.007270188485305133,0.0,0.0,0.0,0.95,0.0,0.0,0.0,0.0,negligible,medium,True
NBO-0545,-1.242225,36.740313,permanent_masonry,RP100,100,0.01,39810000.0,0.0,none,0.0,0.04769195726943263,0.026496284098176396,0.0,0.0,0.0,0.85,0.0,0.0,0.0,0.0,negligible,medium,True
NBO-0546,-1.330179,36.854297,informal_iron_sheet,RP100,100,0.01,925000.0,0.0,none,0.0,0.18119497488295813,0.09116177738506648,0.0,0.0,0.0,0.95,0.0,0.0,0.0,0.0,negligible,medium,True
NBO-0548,-1.316532,36.819529,informal_iron_sheet,RP100,100,0.01,945000.0,0.004,known_hotspot,0.0,0.4760761614772859,0.10009748246970054,0.06736317750801639,0.0,0.0,0.95,0.0,0.0,0.0,40.7,low,medium,True
NBO-0549,-1.237462,36.709771,semi_permanent,RP100,100,0.01,5080000.0,0.0,none,0.0,0.00027368274222887865,0.0007975795994094569,0.0,0.0,0.0,0.9,0.0,0.0,0.0,0.0,negligible,medium,True
NBO-0552,-1.250584,36.731432,informal_iron_sheet,RP100,100,0.01,1455000.0,0.0,none,0.0,0.020770768919983435,0.0125845479247679,0.0,0.0,0.0,0.95,0.0,0.0,0.0,0.0,negligible,medium,True
NBO-0555,-1.234729,36.732582,permanent_masonry,RP100,100,0.01,28945000.0,0.0,none,0.0,0.010072650319974367,0.011668504119173724,0.0,0.0,0.0,0.85,0.0,0.0,0.0,0.0,negligible,medium,True
NBO-0556,-1.196393,36.809098,concrete_rcc,RP100,100,0.01,521240000.0,0.0,none,0.0,0.007739057985822021,0.005481445155460438,0.0,0.0,0.0,0.8,0.0,0.0,0.0,0.0,negligible,medium,True
NBO-0560,-1.255496,36.743072,semi_permanent,RP100,100,0.01,5635000.0,0.0,none,0.0,0.008570595934002927,0.006953448232418022,0.0,0.0,0.0,0.9,0.0,0.0,0.0,0.0,negligible,medium,True
NBO-0562,-1.315337,36.709384,informal_iron_sheet,RP100,100,0.01,520000.0,0.0,none,0.0,0.07097103586384518,0.041950910232168945,0.0,0.0,0.0,0.95,0.0,0.0,0.0,0.0,negligible,medium,True
NBO-0565,-1.343686,36.759716,informal_iron_sheet,RP100,100,0.01,410000.0,0.0,none,0.0,0.08335428970164446,0.036332309853557246,0.0,0.0,0.0,0.95,0.0,0.0,0.0,0.0,negligible,medium,True
NBO-0566,-1.263318,36.733818,semi_permanent,RP100,100,0.01,5305000.0,0.0,none,0.0,0.3172705591411652,0.11273384036062704,0.0,0.0,0.0,0.9,0.0,0.0,0.0,0.0,negligible,medium,True
NBO-0567,-1.182158,36.710157,informal_iron_sheet,RP100,100,0.01,2375000.0,0.0,none,0.0,4.8003633586931294e-05,0.00027895982326351434,0.0,0.0,0.0,0.95,0.0,0.0,0.0,0.0,negligible,medium,True
NBO-0570,-1.301884,36.762107,permanent_masonry,RP100,100,0.01,59055000.0,0.0,none,0.0,0.3750124849815691,0.11575195911464398,0.0,0.0,0.0,0.85,0.0,0.0,0.0,0.0,negligible,medium,True
NBO-0574,-1.328134,36.729186,semi_permanent,RP100,100,0.01,6125000.0,0.0,none,0.0,0.01258714505793947,0.007835491684287625,0.0,0.0,0.0,0.9,0.0,0.0,0.0,0.0,negligible,medium,True
NBO-0575,-1.330035,36.785141,permanent_masonry,RP100,100,0.01,56840000.0,0.004,known_hotspot,0.0,0.015168339072277118,0.011969434936740624,0.011338309079435532,0.0,0.0,0.85,0.0,0.0,0.0,35.2,low,medium,True
NBO-0580,-1.184273,36.742328,informal_iron_sheet,RP100,100,0.01,1260000.0,0.0,none,0.0,0.023917093602986737,0.013431174167875681,0.0,0.0,0.0,0.95,0.0,0.0,0.0,0.0,negligible,medium,True
NBO-0581,-1.223779,36.773558,informal_iron_sheet,RP100,100,0.01,855000.0,0.0,none,0.0,0.10000794851846011,0.04331487098116012,0.0,0.0,0.0,0.95,0.0,0.0,0.0,0.0,negligible,medium,True
NBO-0583,-1.318733,36.827757,informal_iron_sheet,RP100,100,0.01,815000.0,0.004,known_hotspot,0.0,0.41010183511685916,0.1030921965703379,0.02041197009359884,0.0,0.0,0.95,0.0,0.0,0.0,36.7,low,medium,True
NBO-0584,-1.337643,36.82649,informal_iron_sheet,RP100,100,0.01,1585000.0,0.0,none,0.0,0.044992825539371076,0.024557172308783362,0.0,0.0,0.0,0.95,0.0,0.0,0.0,0.0,negligible,medium,True
NBO-0585,-1.267538,36.730176,permanent_masonry,RP100,100,0.01,57585000.0,0.0,none,0.0,0.49019770807232627,0.127940676055766,0.0,0.0,0.0,0.85,0.0,0.0,0.0,0.0,negligible,medium,True
NBO-0587,-1.230529,36.707301,semi_permanent,RP100,100,0.01,3810000.0,0.0,none,0.0,0.0001100361633477345,0.0004360318567783023,0.0,0.0,0.0,0.9,0.0,0.0,0.0,0.0,negligible,medium,True
NBO-0589,-1.303936,36.77295,concrete_rcc,RP100,100,0.01,767380000.0,0.0,none,0.0,0.4739099354693274,0.1495250063973521,0.0,0.0,0.0,0.8,0.0,0.0,0.0,0.0,negligible,medium,True
NBO-0590,-1.284527,36.892554,permanent_masonry,RP100,100,0.01,50695000.0,0.0,none,0.0,0.39692008479305313,0.11397505378809582,0.0,0.0,0.0,0.85,0.0,0.0,0.0,0.0,negligible,medium,True
NBO-0597,-1.296252,36.788082,informal_iron_sheet,RP100,100,0.01,780000.0,0.0,none,0.0,0.1440085926258712,0.05825246378222324,0.0,0.0,0.0,0.95,0.0,0.0,0.0,0.0,negligible,medium,True
NBO-0599,-1.298736,36.871765,concrete_rcc,RP100,100,0.01,704215000.0,0.0,none,0.0,0.11263786116090264,0.059325563835589804,0.0,0.0,0.0,0.8,0.0,0.0,0.0,0.0,negligible,medium,True
NBO-0416,-1.181257,36.913667,concrete_rcc,RP250,250,0.004,1356500000.0,0.1,ml_model,0.1890417337417602,0.8489979070832966,0.08008610317052174,0.3567877383845648,0.3567877383845648,1.4271509535382592,0.8,0.37968181359257,515038380.1383212,311155860.19134516,82.2,high,low,True
NBO-0151,-1.26734,36.901219,concrete_rcc,RP250,250,0.004,1108710000.0,0.1,ml_model,0.0129179852083325,0.7906344535117883,0.11525401613421414,0.3322607467037149,0.3322607467037149,1.3290429868148597,0.8,0.3577056290465286,396591807.9801767,17645072.836566962,76.2,high,low,True
NBO-0403,-1.231914,36.931956,concrete_rcc,RP250,250,0.004,946115000.0,0.2,known_hotspot,0.1412157714366912,0.7966106540689323,0.10774658693611791,0.39572514917104035,0.39572514917104035,1.5829005966841614,0.8,0.41240912530367385,390186459.58668536,164603035.0183605,89.8,high,high,True
NBO-0224,-1.295518,36.816631,concrete_rcc,RP250,250,0.004,1394785000.0,0.04,ml_model,0.0,0.5167230905060322,0.098164263305722,0.21715066821082527,0.21715066821082527,0.8686026728433011,0.8,0.2545669987168994,355066231.30535054,0.0,44.7,low,low,True
NBO-0130,-1.194198,36.949316,concrete_rcc,RP250,250,0.004,958965000.0,0.1,proxy,0.2919898331165313,0.6194855649584395,0.14575106152186373,0.2919898331165313,0.2919898331165313,1.1679593324661253,0.8,0.32162289047241205,308425095.1618766,308425095.1618766,59.3,medium,high,True
NBO-0316,-1.206311,36.910658,concrete_rcc,RP250,250,0.004,522650000.0,0.2,proxy,0.6274335384368896,0.0972197105652129,0.09392305035556024,0.6274335384368896,0.6274335384368896,2.5097341537475586,0.8,0.586499059677124,306533733.5402489,306533733.5402489,97.0,very_high,medium,True
NBO-0195,-1.27448,36.865735,concrete_rcc,RP250,250,0.004,1055700000.0,0.04,ml_model,0.0330983623862266,0.5921143938546377,0.1315740009187123,0.248833540914273,0.248833540914273,0.995334163657092,0.8,0.2829548526591886,298715437.95230544,43048471.52284376,47.0,low,low,True
NBO-0325,-1.213059,36.774836,concrete_rcc,RP250,250,0.004,1116695000.0,0.04,ml_model,0.0,0.5450478257138562,0.17609428113445255,0.22905401700688974,0.22905401700688974,0.916216068027559,0.8,0.2652323992381732,296183694.0672718,0.0,45.3,low,low,True
NBO-0198,-1.319233,36.938714,concrete_rcc,RP250,250,0.004,1029420000.0,0.04,ml_model,0.0253351777791976,0.5944822036583357,0.13691840327532342,0.24982860285463576,0.24982860285463576,0.999314411418543,0.8,0.2838464281577536,292197190.07415473,32131223.69005668,47.3,low,low,True
NBO-0468,-1.333948,36.907328,concrete_rcc,RP250,250,0.004,914905000.0,0.04,proxy,0.2699817419052124,0.4704477653602378,0.1941682708005148,0.2699817419052124,0.2699817419052124,1.0799269676208496,0.8,0.3019036407470703,276213150.43769836,276213150.43769836,51.3,medium,medium,True
NBO-0311,-1.185447,36.889115,concrete_rcc,RP250,250,0.004,743690000.0,0.1,ml_model,0.1163301318883895,0.8187645970868985,0.06777222937080668,0.34408231919860677,0.34408231919860677,1.376329276794427,0.8,0.36829775800195164,273899359.6484714,106584700.7259821,79.8,high,low,True
NBO-0200,-1.306727,36.812002,concrete_rcc,RP250,250,0.004,789520000.0,0.1,known_hotspot,0.0343876369297504,0.5408021363096635,0.0678301087934469,0.31569079534273153,0.31569079534273153,1.2627631813709261,0.8,0.34285895262708743,270694000.27813804,33448463.79801269,70.5,medium,high,True
NBO-0362,-1.218859,36.931263,concrete_rcc,RP250,250,0.004,827820000.0,0.1,proxy,0.2912556231021881,0.5953146015005545,0.18490077808785524,0.2912556231021881,0.2912556231021881,1.1650224924087524,0.8,0.3209650382995605,265701278.00514218,265701278.00514218,58.8,medium,high,True
NBO-0572,-1.218469,36.948093,concrete_rcc,RP250,250,0.004,831600000.0,0.04,ml_model,0.2475674003362655,0.6539244793027883,0.16601834510264685,0.27480896489637086,0.27480896489637086,1.0992358595854834,0.8,0.3062288325471483,254659897.1462085,234361836.907196,52.0,medium,low,True
NBO-0384,-1.266942,36.885308,concrete_rcc,RP250,250,0.004,841500000.0,0.04,proxy,0.2662652432918548,0.4357697762317188,0.11333557799563082,0.2662652432918548,0.2662652432918548,1.0650609731674192,0.8,0.29857365798950186,251249733.1981658,251249733.1981658,50.5,medium,medium,True
NBO-0305,-1.310833,36.773989,concrete_rcc,RP250,250,0.004,838115000.0,0.04,ml_model,0.0,0.5442209834301158,0.18827458738039343,0.22870654007443186,0.22870654007443186,0.9148261602977275,0.8,0.2649210599066909,222034314.12369624,0.0,45.2,low,low,True
NBO-0452,-1.222582,36.9336,concrete_rcc,RP250,250,0.004,380470000.0,0.2,proxy,0.6099970936775208,0.12963879101529024,0.13911044127417985,0.6099970936775208,0.6099970936775208,2.439988374710083,0.8,0.5757582097053527,219058726.04659554,219058726.04659554,96.7,very_high,medium,True
NBO-0423,-1.249578,36.901111,concrete_rcc,RP250,250,0.004,633555000.0,0.1,ml_model,0.1210682392120361,0.7099109973057399,0.14505016313126382,0.29833705957321677,0.29833705957321677,1.193348238292867,0.8,0.3273100053776022,207368890.45700675,94498574.37818526,62.2,medium,low,True
NBO-0049,-1.289351,36.842097,concrete_rcc,RP250,250,0.004,716255000.0,0.04,ml_model,0.1021496728062629,0.6039094186102759,0.12262018502920688,0.2537903496079619,0.2537903496079619,1.0151613984318475,0.8,0.28739615324873385,205848931.74517187,90139543.519687,48.7,low,low,True
NBO-0144,-1.310914,36.773765,concrete_rcc,RP250,250,0.004,760755000.0,0.04,ml_model,0.0,0.5539870425585997,0.1892081523553782,0.23281068464335342,0.23281068464335342,0.9312427385734137,0.8,0.2685983734404446,204337555.58668545,0.0,45.7,low,low,True
NBO-0051,-1.288834,36.941566,concrete_rcc,RP250,250,0.004,706790000.0,0.04,proxy,0.249496653676033,0.5088684281421402,0.14112591569055052,0.249496653676033,0.249496653676033,0.997986614704132,0.8,0.28354900169372554,200409598.90710828,200409598.90710828,47.2,low,high,True
NBO-0466,-1.248392,36.783232,concrete_rcc,RP250,250,0.004,526250000.0,0.1,proxy,0.351980060338974,0.10888902209122603,0.10187026891457572,0.351980060338974,0.351980060338974,1.407920241355896,0.8,0.37537413406372067,197540638.051033,197540638.051033,81.5,high,high,True
NBO-0159,-1.2755,36.909436,concrete_rcc,RP250,250,0.004,523215000.0,0.1,ml_model,0.0515363663434982,0.7839780105023499,0.09401027535640803,0.32946340500568616,0.32946340500568616,1.3178536200227446,0.8,0.35519921088509476,185845555.12324485,33220387.09702132,74.8,medium,high,True
NBO-0533,-1.256164,36.887888,concrete_rcc,RP250,250,0.004,485690000.0,0.1,proxy,0.3583325147628784,0.31598931648539785,0.13557967542619467,0.3583325147628784,0.3583325147628784,1.4333300590515137,0.8,0.38099931240081786,185047556.03995323,185047556.03995323,82.7,high,medium,True
NBO-0099,-1.260843,36.851111,concrete_rcc,RP250,250,0.004,543755000.0,0.04,ml_model,0.1666184812784195,0.6624114384364733,0.1573627942795864,0.2783755731645496,0.2783755731645496,1.1135022926581983,0.8,0.30942451355543643,168251126.36833635,111618746.97825788,53.0,medium,low,True
NBO-0020,-1.268428,36.826895,concrete_rcc,RP250,250,0.004,579255000.0,0.04,ml_model,0.0410050489008426,0.6032597355864004,0.15958734567668836,0.2535173230965636,0.2535173230965636,1.0140692923862544,0.8,0.287151521494521,166333954.58330876,29262931.668502938,48.5,low,low,True
NBO-0444,-1.290744,36.843866,concrete_rcc,RP250,250,0.004,590960000.0,0.04,ml_model,0.1171948462724685,0.5523414333617496,0.13747508201900702,0.23211912441839824,0.23211912441839824,0.928476497673593,0.8,0.26797873547888484,158364713.51860178,85325198.54711528,45.5,low,low,True
NBO-0204,-1.336469,36.921711,concrete_rcc,RP250,250,0.004,563530000.0,0.04,ml_model,0.0,0.5657537474277358,0.14378917037967587,0.23775559202589402,0.23775559202589402,0.9510223681035761,0.8,0.273029010455201,153860038.26181942,0.0,46.2,low,low,True
NBO-0335,-1.204821,36.777835,concrete_rcc,RP250,250,0.004,499980000.0,0.04,ml_model,0.0,0.6032365394008615,0.16090340590723365,0.25350757499882565,0.25350757499882565,1.0140302999953026,0.8,0.28714278719894776,143565650.7437299,0.0,48.3,low,low,True
NBO-0339,-1.310599,36.826601,concrete_rcc,RP250,250,0.004,439535000.0,0.1,known_hotspot,0.2111832946538925,0.4514887937455888,0.15881506576248527,0.2838643484665984,0.2838643484665984,1.1354573938663937,0.8,0.31434245622607215,138164511.4973266,109541014.67646596,54.7,medium,high,True
NBO-0421,-1.245747,36.759842,concrete_rcc,RP250,250,0.004,391420000.0,0.1,proxy,0.3255207538604736,0.1078987954063219,0.10820393084415017,0.3255207538604736,0.3255207538604736,1.3020830154418943,0.8,0.35166659545898427,137649338.79455563,137649338.79455563,73.3,medium,medium,True
NBO-0388,-1.278278,36.710888,concrete_rcc,RP250,250,0.004,430330000.0,0.04,proxy,0.2529658675193786,0.15082363708373608,0.09548608726470385,0.2529658675193786,0.2529658675193786,1.0118634700775144,0.8,0.2866574172973632,123357286.38557431,123357286.38557431,47.8,low,medium,True
NBO-0561,-1.295388,36.849583,concrete_rcc,RP250,250,0.004,432790000.0,0.04,ml_model,0.0475454106926918,0.5905131551314343,0.11965837836738055,0.24816062719104817,0.24816062719104817,0.9926425087641927,0.8,0.28235192196317915,122199088.3064443,25351083.65782618,46.8,low,low,True
NBO-0571,-1.343186,36.934871,concrete_rcc,RP250,250,0.004,404475000.0,0.04,ml_model,0.0851868018507957,0.6332876683407013,0.13397774828132658,0.2661364333751472,0.2661364333751472,1.0645457335005888,0.8,0.29845824430413187,120718898.36491373,42449707.82803593,50.3,medium,low,True
NBO-0348,-1.317463,36.783427,concrete_rcc,RP250,250,0.004,626905000.0,0.01,proxy,0.1504411995410919,0.3930347130435967,0.14446173147963806,0.1504411995410919,0.1504411995410919,0.6017647981643676,0.8,0.18534355783462522,116192803.12431572,116192803.12431572,42.7,low,medium,True
NBO-0336,-1.31156,36.933433,concrete_rcc,RP250,250,0.004,425295000.0,0.04,ml_model,0.0389851070940494,0.5566860737171592,0.1481268873058648,0.23394494094111062,0.23394494094111062,0.9357797637644425,0.8,0.2696146670832351,114665769.83716448,20426770.821766526,45.8,low,low,True
NBO-0261,-1.23631,36.777251,concrete_rcc,RP250,250,0.004,823910000.0,0.01,known_hotspot,0.0211133081465959,0.25744856941695804,0.07599994978224305,0.10722211395301535,0.10722211395301535,0.4288884558120614,0.8,0.1320976443901149,108836570.18945956,21431213.760956172,41.3,low,medium,True
NBO-0029,-1.341011,36.910065,concrete_rcc,RP250,250,0.004,398200000.0,0.04,ml_model,0.0905699282884597,0.5642934268773273,0.12608406302085665,0.2371418985619293,0.2371418985619293,0.9485675942477172,0.8,0.27247914111148863,108501193.99059477,44432012.78758045,46.0,low,low,True
NBO-0158,-1.323821,36.781637,concrete_rcc,RP250,250,0.004,376910000.0,0.04,ml_model,0.0,0.5860966945811628,0.15930772058820616,0.24630462853869645,0.24630462853869645,0.9852185141547858,0.8,0.280688947170672,105794471.07809798,0.0,46.7,low,low,True
NBO-0146,-1.209838,36.867674,concrete_rcc,RP250,250,0.004,266365000.0,0.1,ml_model,0.0,0.861789658578926,0.0666063856713733,0.3621634172266744,0.3621634172266744,1.4486536689066976,0.8,0.38421727047040644,102342033.24884981,0.0,83.2,high,low,True
NBO-0024,-1.198924,36.910241,concrete_rcc,RP250,250,0.004,229970000.0,0.1,proxy,0.3686547875404358,0.30894820163912323,0.18421715464025115,0.3686547875404358,0.3686547875404358,1.4746191501617432,0.8,0.38967002153396607,89612414.85216618,89612414.85216618,84.5,high,medium,True
NBO-0426,-1.315744,36.762556,concrete_rcc,RP250,250,0.004,296295000.0,0.04,ml_model,0.0,0.6104806664587361,0.11998074072296637,0.2565518884040599,0.2565518884040599,1.0262075536162396,0.8,0.2898704920100377,85887177.4301141,0.0,49.5,low,low,True
NBO-0027,-1.255159,36.817647,concrete_rcc,RP250,250,0.004,239875000.0,0.1,ml_model,0.0,0.7335975477190672,0.13064608833446315,0.3082912310518443,0.3082912310518443,1.2331649242073772,0.8,0.3362289430224525,80652917.70751078,0.0,67.5,medium,low,True
NBO-0324,-1.327675,36.927681,concrete_rcc,RP250,250,0.004,310620000.0,0.04,ml_model,0.111393854022026,0.5235724450412875,0.12090848685979215,0.22002908015229083,0.22002908015229083,0.8801163206091633,0.8,0.2571460558164526,79874707.85770652,42628627.809548356,44.8,low,low,True
NBO-0578,-1.255227,36.862573,concrete_rcc,RP250,250,0.004,219745000.0,0.1,ml_model,0.0,0.7665375096751802,0.11694337283053266,0.32213410914464286,0.32213410914464286,1.2885364365785714,0.8,0.3486321617936,76610174.39333464,0.0,72.0,medium,low,True
NBO-0210,-1.291279,36.929862,concrete_rcc,RP250,250,0.004,283520000.0,0.04,ml_model,0.1663005650043487,0.5142205217637558,0.11881201737773113,0.2160989744030323,0.2160989744030323,0.8643958976121292,0.8,0.25362468106511693,71907669.57558195,58088228.586120576,44.5,low,low,True
NBO-0045,-1.286932,36.722819,concrete_rcc,RP250,250,0.004,427250000.0,0.01,proxy,0.130946010351181,0.0869349704387955,0.06004084086217655,0.130946010351181,0.130946010351181,0.523784041404724,0.8,0.16132548475265499,68926313.36057185,68926313.36057185,41.8,low,medium,True
NBO-0040,-1.313586,36.81551,concrete_rcc,RP250,250,0.004,341070000.0,0.01,known_hotspot,0.1382979452610016,0.4843046623768014,0.11627422504465829,0.16320461456798263,0.16320461456798263,0.6528184582719305,0.8,0.2010680851477546,68578291.80134466,58112553.1942892,43.0,low,medium,True
NBO-0075,-1.242933,36.931356,concrete_rcc,RP250,250,0.004,161250000.0,0.2,proxy,0.402626633644104,0.40769906587643107,0.24263992400818346,0.402626633644104,0.402626633644104,1.610506534576416,0.8,0.41820637226104734,67435777.52709389,67435777.52709389,90.3,very_high,medium,True
NBO-0557,-1.267599,36.862228,concrete_rcc,RP250,250,0.004,195090000.0,0.1,ml_model,0.0135989477857947,0.6974031186822864,0.14240916988205882,0.2930806770912129,0.2930806770912129,1.1723227083648515,0.8,0.32260028667372675,62936089.927177355,3268519.067389807,59.8,medium,low,True
NBO-0233,-1.188452,36.919106,permanent_masonry,RP250,250,0.004,130825000.0,0.1,ml_model,0.1766581684350967,0.75964040127512,0.09819016583285574,0.31923562884578716,0.31923562884578716,1.2769425153831486,0.85,0.46308275461494464,60582801.37250013,37431970.25346755,83.0,high,low,True
NBO-0484,-1.271068,36.744576,concrete_rcc,RP250,250,0.004,641870000.0,0.004,known_hotspot,0.0,0.38997877608607273,0.1806429343221597,0.07639313100002937,0.07639313100002937,0.3055725240001175,0.8,0.09411633739203618,60410453.48182626,0.0,38.7,low,medium,True
NBO-0171,-1.212602,36.943006,permanent_masonry,RP250,250,0.004,136925000.0,0.04,ml_model,0.2369648814201355,0.6402087197909057,0.14100792632727624,0.2690449756383961,0.2690449756383961,1.0761799025535843,0.85,0.4028539707660753,55160779.947144866,49746912.97721863,63.3,medium,low,True
NBO-0257,-1.23058,36.769731,concrete_rcc,RP250,250,0.004,1181605000.0,0.004,known_hotspot,0.0,0.05753632966044178,0.025009715572301597,0.03751815456308388,0.03751815456308388,0.15007261825233553,0.8,0.04622236642171934,54616579.275735684,0.0,36.0,low,medium,True
NBO-0065,-1.209508,36.895722,permanent_masonry,RP250,250,0.004,107485000.0,0.1,ml_model,0.1351150274276733,0.780503397816741,0.09682919520245897,0.32800321388917364,0.32800321388917364,1.3120128555566946,0.85,0.4736038566670084,50905310.5338534,25038333.565521237,85.0,high,low,True
NBO-0588,-1.194468,36.887787,permanent_masonry,RP250,250,0.004,92395000.0,0.2,proxy,0.3935819566249847,0.47960883407310356,0.1923351520177114,0.3935819566249847,0.3935819566249847,1.5743278264999387,0.85,0.5463521218299865,50480204.2964816,50480204.2964816,94.0,very_high,medium,True
NBO-0322,-1.317859,36.80791,concrete_rcc,RP250,250,0.004,394920000.0,0.01,proxy,0.0951244160532951,0.4422046546494407,0.13891077792044548,0.0951244160532951,0.0951244160532951,0.3804976642131804,0.8,0.11719328057765956,46281970.36572931,46281970.36572931,40.2,low,medium,True
NBO-0301,-1.196509,36.858876,permanent_masonry,RP250,250,0.004,95790000.0,0.1,ml_model,0.0,0.7906858768042093,0.06549446931173689,0.3322823571223627,0.3322823571223627,1.3291294284894508,0.85,0.47873882854683525,45858392.38650135,0.0,86.7,high,low,True
NBO-0487,-1.344056,36.855521,permanent_masonry,RP250,250,0.004,116700000.0,0.04,proxy,0.2592668235301971,0.5130051287889563,0.18448424096736432,0.2592668235301971,0.2592668235301971,1.0370672941207884,0.85,0.3911201882362365,45643725.9671688,45643725.9671688,60.2,medium,high,True
NBO-0080,-1.204947,36.819248,concrete_rcc,RP250,250,0.004,534130000.0,0.004,proxy,0.0685459449887275,0.019945752403925873,0.01480347624520731,0.0685459449887275,0.0685459449887275,0.27418377995491,0.8,0.08444860422611226,45106532.975293346,45106532.975293346,38.0,low,medium,True
NBO-0544,-1.257331,36.882131,permanent_masonry,RP250,250,0.004,76430000.0,0.2,known_hotspot,0.0716006457805633,0.7407412194677412,0.12962856458109645,0.38870407301490284,0.38870407301490284,1.5548162920596114,0.85,0.5420595842531145,41429614.02446554,9631489.748334877,93.8,very_high,high,True
NBO-0218,-1.235727,36.901794,permanent_masonry,RP250,250,0.004,58185000.0,0.2,proxy,0.5980092883110046,0.16826179091483573,0.14509080708870067,0.5980092883110046,0.5980092883110046,2.3920371532440186,0.85,0.7105666875839234,41344322.71707058,41344322.71707058,98.2,very_high,medium,True
NBO-0478,-1.2108,36.844853,permanent_masonry,RP250,250,0.004,101200000.0,0.04,ml_model,0.0,0.6192616312921855,0.17438833122694242,0.26024205130978945,0.26024205130978945,1.0409682052391578,0.85,0.39229046157174735,39699794.71106083,0.0,60.5,medium,low,True
NBO-0203,-1.344032,36.870461,permanent_masonry,RP250,250,0.004,70840000.0,0.2,proxy,0.3885695338249206,0.28943480110868625,0.16209438375019833,0.3885695338249206,0.3885695338249206,1.5542781352996824,0.85,0.5419411897659302,38391113.88301849,38391113.88301849,93.7,very_high,medium,True
NBO-0365,-1.245682,36.872151,permanent_masonry,RP250,250,0.004,74420000.0,0.1,ml_model,0.0175005178898572,0.8391552219340547,0.09326118150299041,0.35265139205823065,0.35265139205823065,1.4106055682329226,0.85,0.5031816704698768,37446779.91636823,2292203.832799184,90.0,very_high,low,True
NBO-0391,-1.303499,36.883827,permanent_masonry,RP250,250,0.004,78850000.0,0.1,ml_model,0.0100945318117737,0.7686210908913024,0.09268862759893606,0.32300972523702487,0.32300972523702487,1.2920389009480995,0.85,0.46761167028442985,36871180.2019273,1400878.746710707,83.8,high,low,True
NBO-0308,-1.253911,36.823871,permanent_masonry,RP250,250,0.004,56055000.0,0.2,proxy,0.5121504068374634,0.07757964839573314,0.13716731486103922,0.5121504068374634,0.5121504068374634,2.0486016273498535,0.85,0.6487482929229736,36365585.55979729,36365585.55979729,96.8,very_high,medium,True
NBO-0193,-1.210185,36.944592,permanent_masonry,RP250,250,0.004,88580000.0,0.04,ml_model,0.269862949848175,0.6509329206430833,0.1448803503121492,0.27355177516770857,0.27355177516770857,1.0942071006708343,0.85,0.4082621302012503,36163859.49322675,35771752.11706161,64.3,medium,low,True
NBO-0172,-1.240316,36.852111,permanent_masonry,RP250,250,0.004,93240000.0,0.04,ml_model,0.0,0.5868000690716118,0.1261750199091788,0.2466002186592267,0.2466002186592267,0.9864008746369068,0.85,0.3756482798838102,35025445.61636647,0.0,55.8,medium,low,True
NBO-0149,-1.201048,36.932221,permanent_masonry,RP250,250,0.004,43470000.0,0.2,proxy,0.6828710436820984,0.08567422561875514,0.11483622356014887,0.6828710436820984,0.6828710436820984,2.7314841747283936,0.85,0.7716671514511109,33544371.07357979,33544371.07357979,99.0,very_high,medium,True
NBO-0131,-1.340893,36.860238,permanent_masonry,RP250,250,0.004,83420000.0,0.04,ml_model,0.1200344860553741,0.6378434104426652,0.14492293693404684,0.2680509645037423,0.2680509645037423,1.072203858014969,0.85,0.4016611574044907,33506573.750682615,17623367.215061184,63.0,medium,low,True
NBO-0491,-1.22655,36.947095,permanent_masonry,RP250,250,0.004,43385000.0,0.2,proxy,0.6811106204986572,0.07820292774748604,0.12084315206545727,0.6811106204986572,0.6811106204986572,2.724442481994629,0.85,0.7703996467590332,33423788.674640656,33423788.674640656,98.8,very_high,medium,True
NBO-0418,-1.225647,36.840018,permanent_masonry,RP250,250,0.004,69265000.0,0.1,ml_model,0.0,0.7835945098042236,0.08199707283617766,0.329302240477939,0.329302240477939,1.317208961911756,0.85,0.47516268857352684,32912143.624045335,0.0,85.8,high,low,True
NBO-0113,-1.317103,36.847082,permanent_masonry,RP250,250,0.004,78030000.0,0.04,ml_model,0.0978768467903137,0.6640036846258782,0.12629599774298308,0.27904470781391627,0.27904470781391627,1.116178831255665,0.85,0.41485364937669955,32371030.260863867,13441701.424884794,66.2,medium,low,True
NBO-0564,-1.19492,36.831777,permanent_masonry,RP250,250,0.004,74785000.0,0.1,ml_model,0.0,0.6981192548578489,0.11071355071238426,0.29338163025531677,0.29338163025531677,1.173526521021267,0.85,0.4320579563063801,32311454.262372635,0.0,73.0,medium,low,True
NBO-0577,-1.254205,36.793286,permanent_masonry,RP250,250,0.004,81530000.0,0.04,ml_model,0.0,0.6190758638923272,0.11203699609759991,0.26016398335472374,0.26016398335472374,1.040655933418895,0.85,0.3921967800256685,31975803.475492753,0.0,60.3,medium,low,True
NBO-0057,-1.269395,36.711846,permanent_masonry,RP250,250,0.004,88405000.0,0.04,ml_model,0.0048050079494714,0.5529667916882715,0.13244868663029516,0.23238192857979628,0.23238192857979628,0.9295277143191851,0.85,0.35744886858213926,31600267.22700402,747624.6408805137,51.5,medium,low,True
NBO-0350,-1.292185,36.740383,concrete_rcc,RP250,250,0.004,475860000.0,0.004,proxy,0.0534680858254432,0.0856109558360067,0.04105879140431351,0.0534680858254432,0.0534680858254432,0.2138723433017728,0.8,0.06587268173694602,31346174.331343133,31346174.331343133,37.7,low,medium,True
NBO-0326,-1.274304,36.944364,permanent_masonry,RP250,250,0.004,66125000.0,0.1,proxy,0.326412945985794,0.599977574356021,0.1786784567269931,0.326412945985794,0.326412945985794,1.305651783943176,0.85,0.4716955351829528,31190867.263972756,31190867.263972756,84.8,high,high,True
NBO-0114,-1.268416,36.810036,permanent_masonry,RP250,250,0.004,72885000.0,0.04,ml_model,0.0,0.6624108259953618,0.0871312413197307,0.27837531578879254,0.27837531578879254,1.1135012631551702,0.85,0.41405037894655106,30178061.869519375,0.0,65.7,medium,high,True
NBO-0368,-1.281142,36.73553,permanent_masonry,RP250,250,0.004,88130000.0,0.04,ml_model,0.0,0.5210449706457589,0.1531757743722428,0.2189669198502666,0.2189669198502666,0.8758676794010664,0.85,0.34027765740834126,29988669.947397117,0.0,48.2,low,low,True
NBO-0569,-1.227372,36.910585,permanent_masonry,RP250,250,0.004,51120000.0,0.2,proxy,0.4277280867099762,0.5056637330141459,0.19346374223766552,0.4277280867099762,0.4277280867099762,1.7109123468399048,0.85,0.5764007163047791,29465604.617500305,29465604.617500305,96.0,very_high,high,True
NBO-0456,-1.232817,36.907698,permanent_masonry,RP250,250,0.004,73600000.0,0.04,proxy,0.2559123039245605,0.5517255338708454,0.20457702201279412,0.2559123039245605,0.2559123039245605,1.023649215698242,0.85,0.38709476470947257,28490174.68261718,28490174.68261718,59.2,medium,medium,True
NBO-0250,-1.309464,36.727057,concrete_rcc,RP250,250,0.004,346390000.0,0.004,proxy,0.0657281130552291,0.28380828363961436,0.10832060984437872,0.0657281130552291,0.0657281130552291,0.2629124522209164,0.8,0.08097703528404225,28049635.252039395,28049635.252039395,37.8,low,medium,True
NBO-0492,-1.20285,36.871324,permanent_masonry,RP250,250,0.004,36180000.0,0.2,proxy,0.6854886412620544,0.09927832007907018,0.1580188590410488,0.6854886412620544,0.6854886412620544,2.7419545650482178,0.85,0.7735518217086792,27987104.909420013,27987104.909420013,99.3,very_high,medium,True
NBO-0155,-1.284631,36.934741,permanent_masonry,RP250,250,0.004,72965000.0,0.04,ml_model,0.1744741797447204,0.5833721264539601,0.11467420781169463,0.24515964043911573,0.24515964043911573,0.9806385617564629,0.85,0.37380433976206817,27274633.650739305,20672950.91209411,55.0,medium,low,True
NBO-0592,-1.311754,36.901046,permanent_masonry,RP250,250,0.004,62610000.0,0.1,ml_model,0.0028908329550176,0.7047493245405319,0.14756766140569766,0.29616788867560334,0.29616788867560334,1.1846715547024134,0.85,0.435401466410724,27260485.81197543,318551.2903120274,74.7,medium,low,True
NBO-0454,-1.339888,36.948654,permanent_masonry,RP250,250,0.004,74880000.0,0.04,ml_model,0.0921917185187339,0.5587678436925541,0.14277231449892858,0.2348197958673256,0.2348197958673256,0.9392791834693024,0.85,0.36056933871017677,26999432.082618035,12149835.953521717,52.2,medium,low,True
NBO-0084,-1.286346,36.920269,permanent_masonry,RP250,250,0.004,66900000.0,0.04,ml_model,0.1707343310117721,0.6402314050501308,0.1431416172197696,0.26905450902153644,0.26905450902153644,1.0762180360861457,0.85,0.4028654108258437,26951695.984248944,18634322.23320007,63.5,medium,low,True
NBO-0038,-1.257297,36.878574,permanent_masonry,RP250,250,0.004,57240000.0,0.1,ml_model,0.0550626032054424,0.7349021183940724,0.12165400036602726,0.3088394712969787,0.3088394712969787,1.2353578851879148,0.85,0.4506073655563745,25792765.604446877,5547138.7971639605,80.8,high,high,True
NBO-0141,-1.249756,36.907099,permanent_masonry,RP250,250,0.004,46335000.0,0.2,proxy,0.4042948782444,0.3356100661622457,0.14109192181763228,0.4042948782444,0.4042948782444,1.6171795129776,0.85,0.555779492855072,25752042.801439762,25752042.801439762,94.3,very_high,medium,True
NBO-0306,-1.220163,36.889739,permanent_masonry,RP250,250,0.004,67155000.0,0.04,ml_model,0.183804303407669,0.5797922666120728,0.1333698122585888,0.2436552196554313,0.2436552196554313,0.9746208786217252,0.85,0.37187868115895206,24973512.833229426,19828823.834037773,54.3,medium,low,True
NBO-0417,-1.302171,36.892264,permanent_masonry,RP250,250,0.004,50905000.0,0.1,ml_model,0.012592683546245,0.7821128865284076,0.10535031905899757,0.32867959463475616,0.32867959463475616,1.3147183785390246,0.85,0.4744155135617074,24150121.717858717,1128213.778422019,85.7,high,low,True
NBO-0088,-1.269745,36.728359,permanent_masonry,RP250,250,0.004,69520000.0,0.04,ml_model,0.0,0.5233575222425938,0.1024986921346111,0.21993875976559324,0.21993875976559324,0.879755039062373,0.85,0.3415216124999594,23742582.500997175,0.0,48.8,low,low,True
NBO-0371,-1.18152,36.87356,permanent_masonry,RP250,250,0.004,63800000.0,0.04,ml_model,0.0,0.5627304512451374,0.08775617463085171,0.23648506473901096,0.23648506473901096,0.9459402589560438,0.85,0.36270088286593405,23140316.326846592,0.0,52.7,medium,low,True
NBO-0168,-1.226041,36.807618,permanent_masonry,RP250,250,0.004,56855000.0,0.04,ml_model,0.0,0.6327615139831927,0.09906724613338844,0.2659153192573261,0.2659153192573261,1.0636612770293044,0.85,0.3990983831087913,22690738.57165033,0.0,62.0,medium,low,True
NBO-0509,-1.193795,36.897925,permanent_masonry,RP250,250,0.004,44085000.0,0.1,proxy,0.3580530881881714,0.36620224135987434,0.1665722086179258,0.3580530881881714,0.3580530881881714,1.4322123527526855,0.85,0.5096637058258057,22468524.471330643,22468524.471330643,90.7,very_high,medium,True
NBO-0255,-1.306528,36.801425,permanent_masonry,RP250,250,0.004,59540000.0,0.04,ml_model,0.0,0.5802200012057939,0.10021781776213898,0.2438349732885667,0.2438349732885667,0.9753398931542668,0.85,0.37210876580936536,22155355.916289613,0.0,54.5,medium,low,True
NBO-0551,-1.229688,36.86457,permanent_masonry,RP250,250,0.004,42840000.0,0.1,ml_model,0.0408122949302196,0.8565787391690984,0.09233087738950595,0.3599735506373399,0.3599735506373399,1.4398942025493595,0.85,0.511968260764808,21932720.291164372,3077181.7380666696,90.8,very_high,low,True
NBO-0429,-1.335739,36.913418,permanent_masonry,RP250,250,0.004,50595000.0,0.1,ml_model,0.0456912256777286,0.6820537880879227,0.16380788233858537,0.2866301865743467,0.2866301865743467,1.1465207462973868,0.85,0.42395622388921606,21450065.147674885,4068675.711169834,70.3,medium,low,True
NBO-0091,-1.308021,36.816316,permanent_masonry,RP250,250,0.004,37840000.0,0.2,known_hotspot,0.0110014136880636,0.678829756695947,0.0777518814887044,0.4065433110090325,0.4065433110090325,1.62617324403613,0.85,0.5577581136879486,21105567.021951973,732676.5493631349,94.8,very_high,high,True
NBO-0379,-1.244467,36.767451,permanent_masonry,RP250,250,0.004,52055000.0,0.04,ml_model,0.0,0.6365042889679396,0.1152690400631267,0.26748820443283594,0.26748820443283594,1.0699528177313438,0.85,0.4009858453194031,20873318.17810153,0.0,62.3,medium,low,True
NBO-0519,-1.331527,36.92513,permanent_masonry,RP250,250,0.004,44655000.0,0.1,ml_model,0.0,0.7555164568800826,0.1295862429247158,0.3175025588562698,0.3175025588562698,1.2700102354250793,0.85,0.46100307062752377,20586092.118872073,0.0,82.5,high,low,True
NBO-0026,-1.263277,36.866831,permanent_masonry,RP250,250,0.004,44030000.0,0.1,ml_model,0.0,0.7421631624995281,0.12520860608566423,0.3118908940190867,0.3118908940190867,1.2475635760763468,0.85,0.4542690728229041,20001467.276392467,0.0,81.2,high,low,True
NBO-0445,-1.259144,36.860661,permanent_masonry,RP250,250,0.004,47880000.0,0.04,ml_model,0.1833299994468689,0.662808056237557,0.15713422719274328,0.27854225009869876,0.27854225009869876,1.114169000394795,0.85,0.4142507001184385,19834323.521670837,14108435.678100586,65.8,medium,low,True
NBO-0595,-1.259297,36.878847,permanent_masonry,RP250,250,0.004,40365000.0,0.1,known_hotspot,0.1646010726690292,0.5434204743498473,0.12902407571612595,0.3327522279305491,0.3327522279305491,1.3310089117221964,0.85,0.47930267351665895,19347052.41649994,10926376.541805265,87.3,high,high,True
NBO-0411,-1.189573,36.871599,permanent_masonry,RP250,250,0.004,51210000.0,0.04,ml_model,0.0,0.5780190641681044,0.13092343206116408,0.24291003891422674,0.24291003891422674,0.971640155656907,0.85,0.37092484981021023,18995061.558780868,0.0,54.0,medium,low,True
NBO-0209,-1.241941,36.938785,permanent_masonry,RP250,250,0.004,24420000.0,0.2,proxy,0.6831744313240051,0.10150246349263495,0.12664169200465475,0.6831744313240051,0.6831744313240051,2.7326977252960205,0.85,0.7718855905532837,18849446.121311188,18849446.121311188,99.2,very_high,medium,True
NBO-0300,-1.316479,36.875112,permanent_masonry,RP250,250,0.004,48805000.0,0.04,ml_model,0.1420998126268386,0.6001736287703443,0.12482520282340438,0.25222039990967776,0.25222039990967776,1.008881599638711,0.85,0.38266447989161334,18675939.94111019,11805332.134723658,57.8,medium,low,True
NBO-0056,-1.195179,36.945076,permanent_masonry,RP250,250,0.004,45575000.0,0.04,proxy,0.269245445728302,0.5950097673624922,0.12199894027890965,0.269245445728302,0.269245445728302,1.076981782913208,0.85,0.4030945348739624,18371033.426880836,18371033.426880836,63.7,medium,high,True
NBO-0375,-1.265587,36.732079,permanent_masonry,RP250,250,0.004,53235000.0,0.04,ml_model,0.0,0.5163627487608763,0.13781018322242913,0.2169992361339885,0.2169992361339885,0.867996944535954,0.85,0.3377590222515053,17980601.549558885,0.0,47.5,low,low,True
NBO-0252,-1.311595,36.796579,permanent_masonry,RP250,250,0.004,36755000.0,0.1,ml_model,0.0,0.7340387708502637,0.09846515424935254,0.30847665318514894,0.30847665318514894,1.2339066127405958,0.85,0.4501719838221787,16546071.265384179,0.0,80.5,high,low,True
NBO-0241,-1.230749,36.829461,permanent_masonry,RP250,250,0.004,37825000.0,0.1,ml_model,0.0070095574483275,0.6971811153770489,0.16858590285911337,0.29298738115193107,0.29298738115193107,1.1719495246077243,0.85,0.4315848573823173,16324697.23048615,466640.2584500583,72.7,medium,low,True
NBO-0259,-1.194012,36.894882,permanent_masonry,RP250,250,0.004,30340000.0,0.2,proxy,0.3750833570957184,0.3607925819487969,0.14760256587135595,0.3750833570957184,0.3750833570957184,1.5003334283828735,0.85,0.5300733542442322,16082425.567770004,16082425.567770004,93.0,very_high,medium,True
NBO-0036,-1.256369,36.829457,permanent_masonry,RP250,250,0.004,31480000.0,0.1,proxy,0.3459735810756683,0.2405682064633302,0.1486538162439744,0.3459735810756683,0.3459735810756683,1.3838943243026731,0.85,0.495168297290802,15587897.998714447,15587897.998714447,89.2,high,medium,True
NBO-0274,-1.290944,36.852137,permanent_masonry,RP250,250,0.004,38080000.0,0.04,ml_model,0.1202279850840568,0.6322771521201963,0.13365193639254194,0.2657117682565328,0.2657117682565328,1.0628470730261312,0.85,0.39885412190783937,15188364.962250523,8057775.742721554,61.7,medium,low,True
NBO-0477,-1.319008,36.757525,permanent_masonry,RP250,250,0.004,45370000.0,0.04,ml_model,0.0,0.5057351800397936,0.14237195901289146,0.21253304584437022,0.21253304584437022,0.8501321833774809,0.85,0.3320422986807939,15064759.091147618,0.0,46.5,low,low,True
NBO-0531,-1.262821,36.929629,permanent_masonry,RP250,250,0.004,33350000.0,0.1,ml_model,0.2391031980514526,0.7318882227968313,0.15665368238127586,0.3075728945658757,0.3075728945658757,1.2302915782635029,0.85,0.44908747347905087,14977067.240526346,12207837.318420408,80.0,high,low,True
NBO-0586,-1.196646,36.92581,permanent_masonry,RP250,250,0.004,37075000.0,0.04,ml_model,0.2206043452024459,0.6372908360061692,0.12312963903380844,0.2678187474607535,0.2678187474607535,1.071274989843014,0.85,0.40138249695290423,14881256.074528925,12693499.805927273,62.7,medium,low,True
NBO-0221,-1.328457,36.847573,concrete_rcc,RP250,250,0.004,1129100000.0,0.004,proxy,0.0106329144909977,0.3284166950623097,0.10062705612616726,0.0106329144909977,0.0106329144909977,0.0425316579639908,0.8,0.013099750652909165,14790928.462199738,14790928.462199738,34.5,low,medium,True
NBO-0449,-1.200878,36.877885,permanent_masonry,RP250,250,0.004,35640000.0,0.04,proxy,0.2776331305503845,0.5398237796410068,0.19232090510675173,0.2776331305503845,0.2776331305503845,1.110532522201538,0.85,0.41315975666046145,14725013.727378847,14725013.727378847,65.5,medium,high,True
NBO-0505,-1.244107,36.925259,permanent_masonry,RP250,250,0.004,37065000.0,0.04,proxy,0.2582066655158996,0.6095104109637011,0.20647903576385226,0.2582066655158996,0.2582066655158996,1.0328266620635984,0.85,0.38984799861907954,14449716.068816183,14449716.068816183,59.7,medium,medium,True
NBO-0502,-1.261483,36.874398,permanent_masonry,RP250,250,0.004,32125000.0,0.1,ml_model,0.051689475774765,0.7080598472692677,0.12894274209233691,0.29755912168972726,0.29755912168972726,1.190236486758909,0.85,0.4370709460276727,14040904.141138986,2922522.9603052135,75.3,high,high,True
NBO-0217,-1.295741,36.827042,permanent_masonry,RP250,250,0.004,42040000.0,0.04,ml_model,0.0455809794366359,0.5000038204766762,0.08858039685524066,0.2101244665070919,0.2101244665070919,0.8404978660283676,0.85,0.32895931712907767,13829449.692106426,3372554.900908465,46.3,low,low,True
NBO-0364,-1.270336,36.775293,permanent_masonry,RP250,250,0.004,32130000.0,0.1,known_hotspot,0.0,0.643290883841606,0.09040934865789127,0.2914602634853178,0.2914602634853178,1.1658410539412711,0.85,0.42975231618238136,13807941.918939913,0.0,72.2,medium,high,True
NBO-0344,-1.213194,36.935062,permanent_masonry,RP250,250,0.004,32270000.0,0.1,ml_model,0.1862595975399017,0.6884375673287645,0.13468099560547558,0.28931294249009576,0.28931294249009576,1.157251769960383,0.85,0.4271755309881149,13784954.384986468,9629764.432144163,71.0,medium,low,True
NBO-0550,-1.259167,36.767873,permanent_masonry,RP250,250,0.004,34820000.0,0.04,ml_model,0.0,0.5983785706470612,0.1504024711859815,0.2514660344127412,0.2514660344127412,1.0058641376509647,0.85,0.38175924129528943,13292856.781901978,0.0,57.3,medium,low,True
NBO-0104,-1.226248,36.851791,permanent_masonry,RP250,250,0.004,36035000.0,0.04,ml_model,0.0,0.5641731683380858,0.12998268824276013,0.23709136042528678,0.23709136042528678,0.9483654417011471,0.85,0.3634769413443671,13097891.581344267,0.0,52.8,medium,low,True
NBO-0121,-1.229133,36.79396,permanent_masonry,RP250,250,0.004,38180000.0,0.04,ml_model,0.0,0.524675839830389,0.14619231586384632,0.22049277709201745,0.22049277709201745,0.8819711083680698,0.85,0.34223075467778236,13066370.21359773,0.0,49.2,low,low,True
NBO-0047,-1.253496,36.874782,permanent_masonry,RP250,250,0.004,34465000.0,0.04,proxy,0.2410086989402771,0.5571729747852936,0.20253547647302728,0.2410086989402771,0.2410086989402771,0.9640347957611084,0.85,0.36849113464355465,12700046.95549011,12700046.95549011,53.8,medium,medium,True
NBO-0358,-1.310107,36.808186,permanent_masonry,RP250,250,0.004,33745000.0,0.04,proxy,0.2464310377836227,0.29218970625071766,0.1157172139374752,0.2464310377836227,0.2464310377836227,0.9857241511344907,0.85,0.37543172836303706,12668943.673610685,12668943.673610685,55.7,medium,medium,True
NBO-0558,-1.196781,36.753065,permanent_masonry,RP250,250,0.004,35710000.0,0.04,ml_model,0.0,0.5463908979226634,0.1349627252452115,0.22961843735689239,0.22961843735689239,0.9184737494275695,0.85,0.3539115998168223,12638183.229458725,0.0,50.7,medium,low,True
NBO-0258,-1.325808,36.801523,permanent_masonry,RP250,250,0.004,36655000.0,0.04,ml_model,0.0,0.5180517951586415,0.14028301442682112,0.21770905065680113,0.21770905065680113,0.8708362026272045,0.85,0.33866758484070547,12413860.322336059,0.0,47.7,low,low,True
NBO-0354,-1.225862,36.799735,permanent_masonry,RP250,250,0.004,31610000.0,0.04,ml_model,0.0,0.6116337555529022,0.11292136846159409,0.2570364691628945,0.2570364691628945,1.028145876651578,0.85,0.38844376299547345,12278707.348286916,0.0,59.5,medium,low,True
NBO-0329,-1.231313,36.878088,permanent_masonry,RP250,250,0.004,23595000.0,0.1,ml_model,0.0,0.8494354705299759,0.10634851986253789,0.3569716225511075,0.3569716225511075,1.42788649020443,0.85,0.508365947061329,11994894.520912057,0.0,90.5,very_high,low,True
NBO-0089,-1.212553,36.795312,permanent_masonry,RP250,250,0.004,32095000.0,0.04,proxy,0.238679438829422,0.28850404968191623,0.12806048931909358,0.238679438829422,0.238679438829422,0.954717755317688,0.85,0.36550968170166015,11731033.234214783,11731033.234214783,53.3,medium,medium,True
NBO-0238,-1.281576,36.902948,permanent_masonry,RP250,250,0.004,31835000.0,0.04,ml_model,0.0682321786880493,0.5655364573086776,0.12656530542588526,0.23766427678294083,0.23766427678294083,0.9506571071317633,0.85,0.36421027428216424,11594634.081772698,3823021.679019927,53.2,medium,low,True
NBO-0363,-1.265965,36.71004,permanent_masonry,RP250,250,0.004,41830000.0,0.01,proxy,0.1573828756809234,0.26998642177375287,0.10595592973339703,0.1573828756809234,0.1573828756809234,0.6295315027236936,0.85,0.26145008087158195,10936456.882858273,10936456.882858273,43.7,low,medium,True
NBO-0542,-1.189111,36.888,permanent_masonry,RP250,250,0.004,22450000.0,0.1,ml_model,0.1991578191518783,0.7914896487574421,0.10469377839898618,0.3326201388471211,0.3326201388471211,1.3304805553884844,0.85,0.47914416661654535,10756786.540541444,7069999.091148375,87.2,high,low,True
NBO-0286,-1.211654,36.859362,permanent_masonry,RP250,250,0.004,27450000.0,0.04,ml_model,0.0472190491855144,0.6160680887462523,0.1694673834856896,0.2588999787170397,0.2588999787170397,1.0355999148681587,0.85,0.3906799744604476,10724165.298939288,2281246.704250572,60.0,medium,low,True
NBO-0133,-1.207541,36.772299,permanent_masonry,RP250,250,0.004,25915000.0,0.04,ml_model,0.0,0.6518944027697072,0.17065317174746,0.27395583391814043,0.27395583391814043,1.0958233356725617,0.85,0.4087470007017685,10592678.523186332,0.0,64.7,medium,low,True
NBO-0112,-1.271695,36.878829,permanent_masonry,RP250,250,0.004,27190000.0,0.04,ml_model,0.1458158493041992,0.5705800826149109,0.11715724670951527,0.23978383874093465,0.23978383874093465,0.9591353549637386,0.85,0.36692331358839636,9976644.896468498,6706258.166503905,53.5,medium,low,True
NBO-0267,-1.265873,36.781748,permanent_masonry,RP250,250,0.004,28335000.0,0.04,proxy,0.2188541740179062,0.3031757163777691,0.14059739518580575,0.2188541740179062,0.2188541740179062,0.8754166960716248,0.85,0.34013334274291995,9637678.266620636,9637678.266620636,48.0,low,medium,True
NBO-0178,-1.265205,36.79272,permanent_masonry,RP250,250,0.004,19485000.0,0.1,ml_model,0.0,0.6685519668217924,0.11008250620562961,0.2809561039489079,0.2809561039489079,1.1238244157956316,0.85,0.4171473247386895,8128115.622533364,0.0,66.8,medium,low,True
NBO-0031,-1.229115,36.841887,permanent_masonry,RP250,250,0.004,23060000.0,0.04,ml_model,0.1423778533935547,0.5259687602297385,0.1214192970702918,0.22103612135864814,0.22103612135864814,0.8841444854345926,0.85,0.34292623533906963,7907878.986918946,5586138.623046875,49.3,low,low,True
NBO-0323,-1.269099,36.814491,permanent_masonry,RP250,250,0.004,36045000.0,0.01,known_hotspot,0.0,0.4996790480654245,0.1344164165450847,0.11801240312020368,0.11801240312020368,0.47204961248081473,0.85,0.2077018294915585,7486612.444023225,0.0,42.3,low,medium,True
NBO-0012,-1.238124,36.817765,permanent_masonry,RP250,250,0.004,35135000.0,0.01,proxy,0.1145584806799888,0.32075294068716675,0.1585809605981732,0.1145584806799888,0.1145584806799888,0.4582339227199552,0.85,0.2016229259967803,7084021.504896876,7084021.504896876,42.0,low,medium,True
NBO-0240,-1.211563,36.84204,permanent_masonry,RP250,250,0.004,18665000.0,0.04,ml_model,0.0,0.5938875490750262,0.16157443605896607,0.24957870180997016,0.24957870180997016,0.9983148072398806,0.85,0.3794607383167618,7082634.680682359,0.0,56.8,medium,low,True
NBO-0457,-1.186498,36.925161,permanent_masonry,RP250,250,0.004,28450000.0,0.01,proxy,0.1254225820302963,0.4819159660475415,0.17320471754150196,0.1254225820302963,0.1254225820302963,0.5016903281211852,0.85,0.22054090499877926,6274388.74721527,6274388.74721527,42.8,low,medium,True
NBO-0402,-1.317633,36.764405,permanent_masonry,RP250,250,0.004,86790000.0,0.004,proxy,0.0331294387578964,0.45944509691803204,0.15161610867810507,0.0331294387578964,0.0331294387578964,0.1325177550315856,0.85,0.05830781221389767,5060535.022044179,5060535.022044179,37.2,low,medium,True
NBO-0070,-1.316407,36.820467,permanent_masonry,RP250,250,0.004,34970000.0,0.004,known_hotspot,0.0,0.4930510812722062,0.09412850618564753,0.08160008671859882,0.08160008671859882,0.3264003468743953,0.85,0.14361615262473393,5022256.857286946,0.0,39.8,low,medium,True
NBO-0046,-1.288172,36.753956,permanent_masonry,RP250,250,0.004,76160000.0,0.004,known_hotspot,0.0,0.34074679487663306,0.11454451313557062,0.03578829206206638,0.03578829206206638,0.14315316824826552,0.85,0.06298739402923682,4797119.929266676,0.0,37.3,low,medium,True
NBO-0222,-1.24835,36.946666,semi_permanent,RP250,250,0.004,6000000.0,0.2,proxy,0.5876656770706177,0.16287887683428243,0.15993918485366443,0.5876656770706177,0.5876656770706177,2.3506627082824707,0.9,0.7877431449890135,4726458.869934081,4726458.869934081,98.7,very_high,medium,True
NBO-0206,-1.274787,36.929401,semi_permanent,RP250,250,0.004,8345000.0,0.1,ml_model,0.1609867513179779,0.8089931531913945,0.09883413273520744,0.3399759117043814,0.3399759117043814,1.3599036468175256,0.9,0.5590145627598267,4664976.526230754,2564215.2994537354,91.5,very_high,low,True
NBO-0376,-1.330722,36.930502,semi_permanent,RP250,250,0.004,8385000.0,0.1,ml_model,0.0513914301991462,0.7333223017764783,0.10910566250700807,0.30817556012199104,0.30817556012199104,1.2327022404879642,0.9,0.523772806575667,4391834.983136968,910097.0043683039,84.2,high,low,True
NBO-0319,-1.256119,36.841093,semi_permanent,RP250,250,0.004,6610000.0,0.1,ml_model,0.0,0.8306734049771173,0.07850071449945262,0.3490869447678316,0.3490869447678316,1.3963477790713263,0.9,0.5686358136748302,3758682.7283906275,0.0,92.8,very_high,low,True
NBO-0338,-1.300632,36.895328,semi_permanent,RP250,250,0.004,7740000.0,0.04,ml_model,0.1854711174964904,0.6599521535324439,0.12013920450071798,0.27734206920460885,0.27734206920460885,1.1093682768184354,0.9,0.47937257965463675,3710343.7665268886,2669399.346313476,71.8,medium,low,True
NBO-0330,-1.344911,36.819275,permanent_masonry,RP250,250,0.004,56410000.0,0.004,proxy,0.037077147513628,0.468458687973857,0.14518554897076957,0.037077147513628,0.037077147513628,0.148308590054512,0.85,0.06525577962398528,3681078.52858901,3681078.52858901,37.5,low,medium,True
NBO-0280,-1.286231,36.892072,concrete_rcc,RP250,250,0.004,609445000.0,0.004,known_hotspot,0.0034659986849874,0.4362296469085145,0.12484984510139743,0.004866627253643489,0.004866627253643489,0.019466509014573957,0.8,0.005995684776488778,3654040.1086072032,2602397.4204808837,33.8,low,medium,True
NBO-0242,-1.219856,36.921451,semi_permanent,RP250,250,0.004,5850000.0,0.2,proxy,0.3921989500522613,0.3040299749390692,0.14454632263660286,0.3921989500522613,0.3921989500522613,1.5687958002090452,0.9,0.614162091255188,3592848.2338428493,3592848.2338428493,95.3,very_high,medium,True
NBO-0226,-1.317641,36.884345,semi_permanent,RP250,250,0.004,6855000.0,0.1,ml_model,0.0314540527760982,0.6942539575505005,0.14903730282846558,0.291757255597892,0.291757255597892,1.167029022391568,0.9,0.5001304480609645,3428394.2214579117,455384.2271196835,79.0,high,low,True
NBO-0004,-1.263191,36.773582,semi_permanent,RP250,250,0.004,12400000.0,0.01,proxy,0.1406206041574478,0.4276917923277679,0.15111415169590986,0.1406206041574478,0.1406206041574478,0.5624824166297911,0.9,0.2759932479858398,3422316.2750244136,3422316.2750244136,43.5,low,medium,True
NBO-0110,-1.238154,36.925489,semi_permanent,RP250,250,0.004,7450000.0,0.04,ml_model,0.2431769371032714,0.6154117691517025,0.18781091202819256,0.2586241632152072,0.2586241632152072,1.0344966528608288,0.9,0.4524187950298984,3370520.022972743,3204802.181243896,67.0,medium,low,True
NBO-0526,-1.192388,36.92264,semi_permanent,RP250,250,0.004,6355000.0,0.1,ml_model,0.205046534538269,0.7398172186091947,0.09893364133267342,0.3109050211352717,0.3109050211352717,1.2436200845410867,0.9,0.5277032304347913,3353554.0294130985,2382816.636657714,85.2,high,low,True
NBO-0340,-1.1977,36.752666,semi_permanent,RP250,250,0.004,8060000.0,0.04,ml_model,0.0,0.5391631861221791,0.10740157264819662,0.22658102239335087,0.22658102239335087,0.9063240895734035,0.9,0.4062766722464253,3274589.978306188,0.0,54.2,medium,low,True
NBO-0060,-1.207116,36.868812,semi_permanent,RP250,250,0.004,6050000.0,0.1,ml_model,0.0506880469620227,0.7684668447298678,0.12816990272817216,0.3229449039475569,0.3229449039475569,1.2917796157902277,0.9,0.5410298185686201,3273230.4023401514,647671.5888619412,88.8,high,low,True
NBO-0372,-1.244471,36.934206,semi_permanent,RP250,250,0.004,5795000.0,0.1,proxy,0.3388372659683227,0.473719016552436,0.1727062830806231,0.3388372659683227,0.3388372659683227,1.3553490638732908,0.9,0.5578121528625488,3232521.4258384705,3232521.4258384705,91.2,very_high,medium,True
NBO-0284,-1.27871,36.781699,semi_permanent,RP250,250,0.004,11015000.0,0.01,known_hotspot,0.0482361502945423,0.48320927506874467,0.12743259829843395,0.147455420904916,0.147455420904916,0.589821683619664,0.9,0.286491526509951,3155704.1645071106,1122150.3648841376,43.8,low,medium,True
NBO-0100,-1.286345,36.846856,semi_permanent,RP250,250,0.004,7865000.0,0.04,ml_model,0.1653144210577011,0.5225756736374235,0.15591045557039732,0.2196101912340686,0.2196101912340686,0.8784407649362744,0.9,0.3962386753770588,3116417.1818405674,2469004.0076065063,52.3,medium,low,True
NBO-0538,-1.27839,36.927619,semi_permanent,RP250,250,0.004,5200000.0,0.1,ml_model,0.1317443251609802,0.8680812213223125,0.08098874507670144,0.3648074195538759,0.3648074195538759,1.4592296782155036,0.9,0.585236635048893,3043230.5022542435,1364268.2739257808,93.5,very_high,low,True
NBO-0450,-1.313857,36.861033,semi_permanent,RP250,250,0.004,7390000.0,0.04,proxy,0.2292035818099975,0.41764901920350606,0.13129760980834665,0.2292035818099975,0.2292035818099975,0.91681432723999,0.9,0.4100531578063964,3030292.8361892696,3030292.8361892696,56.0,medium,medium,True
NBO-0345,-1.278319,36.839113,semi_permanent,RP250,250,0.004,6630000.0,0.04,ml_model,0.0,0.6090429418843256,0.10897557716552983,0.2559476908023413,0.2559476908023413,1.0237907632093652,0.9,0.44856467475537143,2973983.7936281124,0.0,66.0,medium,low,True
NBO-0014,-1.193437,36.9237,semi_permanent,RP250,250,0.004,5425000.0,0.1,proxy,0.3153730928897857,0.5127791808236406,0.13753611435788143,0.3153730928897857,0.3153730928897857,1.2614923715591428,0.9,0.5330339860916138,2891709.3745470047,2891709.3745470047,87.7,high,high,True
NBO-0288,-1.267276,36.835611,semi_permanent,RP250,250,0.004,5600000.0,0.1,ml_model,0.0290607716888189,0.717845185209595,0.09038344535715047,0.30167136809685,0.30167136809685,1.2066854723874,0.9,0.5144067700594641,2880677.912332999,343707.5589179989,82.3,high,low,True
NBO-0591,-1.268694,36.778328,semi_permanent,RP250,250,0.004,5395000.0,0.1,ml_model,0.0,0.7481843036937921,0.0955054062580535,0.3144212528471501,0.3144212528471501,1.2576850113886004,0.9,0.5320288430065906,2870295.608020556,0.0,86.8,high,low,True
NBO-0160,-1.267116,36.905938,semi_permanent,RP250,250,0.004,5905000.0,0.04,ml_model,0.0737608298659324,0.6646256893992429,0.10849396419037599,0.2793061026589467,0.2793061026589467,1.1172244106357867,0.9,0.4822007878288832,2847395.652129555,919897.8631567946,72.3,medium,low,True
NBO-0352,-1.310166,36.860695,semi_permanent,RP250,250,0.004,6100000.0,0.04,ml_model,0.0,0.6346152644664844,0.10471246018719568,0.26669434996746666,0.26669434996746666,1.0667773998698666,0.9,0.464039863953152,2830643.170114227,0.0,69.7,medium,low,True
NBO-0404,-1.297077,36.90215,semi_permanent,RP250,250,0.004,4480000.0,0.2,proxy,0.3978939950466156,0.3760252596085075,0.19578562857438234,0.3978939950466156,0.3978939950466156,1.5915759801864624,0.9,0.620176058769226,2778388.7432861323,2778388.7432861323,95.7,very_high,medium,True
NBO-0142,-1.257697,36.845664,semi_permanent,RP250,250,0.004,4885000.0,0.1,ml_model,0.0,0.8097834362306842,0.10123007563301888,0.3403080247707616,0.3403080247707616,1.3612320990830464,0.9,0.5593652741579243,2732499.36426146,0.0,91.8,very_high,low,True
NBO-0471,-1.210378,36.930778,semi_permanent,RP250,250,0.004,4990000.0,0.1,ml_model,0.1440567374229431,0.783133111792828,0.1310591910339316,0.3291083399375401,0.3291083399375401,1.3164333597501603,0.9,0.5475384069740423,2732216.650800471,1403543.0319213863,89.7,high,low,True
NBO-0343,-1.254997,36.812644,semi_permanent,RP250,250,0.004,5850000.0,0.04,ml_model,0.0,0.616737881810855,0.14461981827425888,0.2591814563870215,0.2591814563870215,1.036725825548086,0.9,0.45322129719731097,2651344.588604269,0.0,67.3,medium,low,True
NBO-0433,-1.247364,36.787692,semi_permanent,RP250,250,0.004,4320000.0,0.2,known_hotspot,0.0,0.5186346610841481,0.1884444405665223,0.38722498160505164,0.38722498160505164,1.5488999264202066,0.9,0.6089095805749345,2630489.388083717,0.0,95.2,very_high,high,True
NBO-0598,-1.340629,36.87552,semi_permanent,RP250,250,0.004,6200000.0,0.04,ml_model,0.0,0.5561180045551006,0.10331254143809453,0.23370621230599162,0.23370621230599162,0.9348248492239665,0.9,0.4165369457206279,2582529.063467893,0.0,57.7,medium,low,True
NBO-0439,-1.192567,36.872725,semi_permanent,RP250,250,0.004,5215000.0,0.1,ml_model,0.0,0.6824937463826215,0.14102460767311203,0.28681507716552423,0.28681507716552423,1.147260308662097,0.9,0.4930137111183549,2571066.5034822207,0.0,76.8,high,low,True
NBO-0459,-1.276579,36.926282,semi_permanent,RP250,250,0.004,4475000.0,0.1,ml_model,0.1803040653467178,0.8265470743686826,0.07619621889569489,0.3473528719823424,0.3473528719823424,1.3894114879293695,0.9,0.5668046328133536,2536450.7318397574,1507838.0235671992,92.7,very_high,low,True
NBO-0132,-1.27855,36.818788,semi_permanent,RP250,250,0.004,5665000.0,0.04,ml_model,0.0129572013393044,0.6038716857922386,0.16652255772847985,0.2537744925526051,0.2537744925526051,1.0150979702104204,0.9,0.44543526927575133,2523390.8004471315,155026.17628008072,65.0,medium,low,True
NBO-0275,-1.305913,36.879391,semi_permanent,RP250,250,0.004,4445000.0,0.1,ml_model,0.0018672097939997,0.8095348300939648,0.07360085772658977,0.34020354910535816,0.34020354910535816,1.3608141964214326,0.9,0.5592549478552582,2485888.2432166226,17529.066792502144,91.7,very_high,low,True
NBO-0071,-1.220708,36.937779,semi_permanent,RP250,250,0.004,3840000.0,0.2,proxy,0.3993943929672241,0.28167273319536035,0.194945682499234,0.3993943929672241,0.3993943929672241,1.5975775718688965,0.9,0.6217604789733886,2387560.239257812,2387560.239257812,95.8,very_high,medium,True
NBO-0458,-1.271154,36.849901,semi_permanent,RP250,250,0.004,4480000.0,0.1,ml_model,0.0,0.7473326565081592,0.12931051328485532,0.31406335176078887,0.31406335176078887,1.2562534070431555,0.9,0.531650899459393,2381796.029578081,0.0,86.5,high,low,True
NBO-0409,-1.286737,36.831791,semi_permanent,RP250,250,0.004,4740000.0,0.1,ml_model,0.0,0.6978771735770039,0.06450002284413107,0.29327989663268084,0.29327989663268084,1.1731195865307233,0.9,0.5023230511510605,2381011.2624560264,0.0,79.7,high,low,True
NBO-0554,-1.340246,36.945013,semi_permanent,RP250,250,0.004,5180000.0,0.04,ml_model,0.098816879093647,0.6226126370655855,0.13378213748226545,0.26165029715024435,0.26165029715024435,1.0466011886009774,0.9,0.45677642789635187,2366101.8965031025,1081072.4679851532,68.2,medium,low,True
NBO-0079,-1.240748,36.917596,semi_permanent,RP250,250,0.004,3200000.0,0.2,proxy,0.5309082269668579,0.19747964282514532,0.18467691823603166,0.5309082269668579,0.5309082269668579,2.1236329078674316,0.9,0.7387047080993652,2363855.0659179688,2363855.0659179688,97.8,very_high,medium,True
NBO-0559,-1.180076,36.902401,semi_permanent,RP250,250,0.004,4615000.0,0.1,ml_model,0.2211252897977829,0.7126277627343409,0.11942545583722644,0.2994787686220906,0.2994787686220906,1.1979150744883624,0.9,0.5112494268158105,2359416.1047549658,1838710.2258801458,81.7,high,low,True
NBO-0503,-1.225395,36.907248,semi_permanent,RP250,250,0.004,4345000.0,0.1,proxy,0.3172338306903839,0.6313400617502413,0.18149447050330555,0.3172338306903839,0.3172338306903839,1.2689353227615356,0.9,0.5349989252090455,2324570.3300333023,2324570.3300333023,88.3,high,high,True
NBO-0228,-1.197482,36.882829,semi_permanent,RP250,250,0.004,4865000.0,0.04,proxy,0.2758456170558929,0.5447246824939017,0.1339752018831285,0.2758456170558929,0.2758456170558929,1.1033824682235716,0.9,0.4772176885604858,2321664.0548467636,2321664.0548467636,71.7,medium,high,True
NBO-0058,-1.326314,36.926912,semi_permanent,RP250,250,0.004,4960000.0,0.04,ml_model,0.0,0.6389520595164425,0.11275669897807071,0.26851686953412573,0.26851686953412573,1.074067478136503,0.9,0.46666429212914107,2314654.88896054,0.0,70.0,medium,low,True
NBO-0243,-1.190807,36.86859,semi_permanent,RP250,250,0.004,4500000.0,0.1,ml_model,0.0,0.7137690688326176,0.11674870392115344,0.2999583976273111,0.2999583976273111,1.1998335905092443,0.9,0.511940092583328,2303730.416624976,0.0,82.0,high,low,True
NBO-0069,-1.22829,36.832026,semi_permanent,RP250,250,0.004,5025000.0,0.04,ml_model,0.0,0.6228036461133033,0.19373904701959824,0.2617305678853989,0.2617305678853989,1.0469222715415956,0.9,0.45689201775497434,2295882.389218746,0.0,68.3,medium,low,True
NBO-0279,-1.242356,36.946982,semi_permanent,RP250,250,0.004,3240000.0,0.2,proxy,0.4855479598045349,0.3114974046097574,0.20236257976363584,0.4855479598045349,0.4855479598045349,1.9421918392181396,0.9,0.6995134372711181,2266423.536758423,2266423.536758423,97.2,very_high,medium,True
NBO-0021,-1.31688,36.792734,semi_permanent,RP250,250,0.004,4265000.0,0.1,known_hotspot,0.0192247051745653,0.7164752506734561,0.1544095299072848,0.31300303401575674,0.31300303401575674,1.252012136063027,0.9,0.5305312039206391,2262715.5847215257,173169.99230682838,86.3,high,high,True
NBO-0174,-1.198222,36.903014,semi_permanent,RP250,250,0.004,4610000.0,0.1,ml_model,0.1815550923347473,0.6697508059360318,0.16713762533200752,0.2814599109579568,0.2814599109579568,1.1258396438318272,0.9,0.48530227177945784,2237243.4729033005,1562184.346618652,73.2,medium,low,True
NBO-0002,-1.257597,36.896201,semi_permanent,RP250,250,0.004,3300000.0,0.2,proxy,0.4584057033061981,0.22612470795584633,0.10637135544871128,0.4584057033061981,0.4584057033061981,1.8336228132247925,0.9,0.6760625276565552,2231006.341266632,2231006.341266632,96.5,very_high,medium,True
NBO-0473,-1.204539,36.850227,semi_permanent,RP250,250,0.004,5015000.0,0.04,ml_model,0.0887950211763382,0.6025381860322756,0.20097991143863728,0.2532140949832776,0.2532140949832776,1.0128563799331105,0.9,0.44462829677591975,2229810.9083312377,940488.4498929977,64.8,medium,low,True
NBO-0390,-1.19186,36.849251,semi_permanent,RP250,250,0.004,5340000.0,0.04,ml_model,0.0,0.5540172108656645,0.14092690754657503,0.23282336274533547,0.23282336274533547,0.9312934509813419,0.9,0.41526564235328306,2217518.5301665314,0.0,57.2,medium,low,True
NBO-0156,-1.31803,36.786682,semi_permanent,RP250,250,0.004,4130000.0,0.1,known_hotspot,0.0292692780494689,0.6740743330662681,0.12878523279025103,0.31462171766705826,0.31462171766705826,1.258486870668233,0.9,0.5322405338564136,2198153.404826988,255303.03394317543,87.0,high,high,True
NBO-0576,-1.32098,36.87598,semi_permanent,RP250,250,0.004,4980000.0,0.04,ml_model,0.0,0.5959095748432669,0.08602721125007545,0.2504284494887181,0.2504284494887181,1.0017137979548725,0.9,0.44061696726375404,2194272.496973495,0.0,64.2,medium,low,True
NBO-0302,-1.207697,36.777948,semi_permanent,RP250,250,0.004,4830000.0,0.04,ml_model,0.0,0.6165594853654827,0.1489372082894837,0.2591064860440452,0.2591064860440452,1.0364259441761807,0.9,0.45311333990342506,2188537.431733543,0.0,67.2,medium,low,True
NBO-0483,-1.24542,36.771289,semi_permanent,RP250,250,0.004,5375000.0,0.04,known_hotspot,0.0,0.4892157135003546,0.21646943203673932,0.223790616223573,0.223790616223573,0.895162464894292,0.9,0.4022584873619451,2162139.369570455,0.0,53.7,medium,medium,True
NBO-0097,-1.279198,36.745978,semi_permanent,RP250,250,0.004,5565000.0,0.04,ml_model,0.0,0.506622428210786,0.16345190756633354,0.21290590809252552,0.21290590809252552,0.8516236323701021,0.9,0.38658450765323676,2151342.7850902625,0.0,50.2,medium,low,True
NBO-0052,-1.274863,36.81455,semi_permanent,RP250,250,0.004,4795000.0,0.04,ml_model,0.0522333420813083,0.6047193799483984,0.14087527556830573,0.2541307323952416,0.2541307323952416,1.0165229295809664,0.9,0.4459482546491479,2138321.881042664,528969.1445910925,65.2,medium,low,True
NBO-0278,-1.184995,36.888914,semi_permanent,RP250,250,0.004,3950000.0,0.1,ml_model,0.1691483855247497,0.7444605171602743,0.09521420130392505,0.31285634748703556,0.31285634748703556,1.2514253899481422,0.9,0.5303763029463096,2094986.3966379226,1263257.0846557615,86.2,high,low,True
NBO-0422,-1.281913,36.829603,semi_permanent,RP250,250,0.004,5305000.0,0.04,ml_model,0.1076729446649551,0.5196324340131638,0.13533683520161346,0.2183733073733403,0.2183733073733403,0.8734932294933612,0.9,0.39445756261761,2092597.369686421,1195670.8361434934,51.8,medium,low,True
NBO-0035,-1.259929,36.817481,semi_permanent,RP250,250,0.004,3940000.0,0.1,ml_model,0.0,0.7406144563177521,0.10786548350137071,0.3112400568716592,0.3112400568716592,1.2449602274866367,0.9,0.5281856818951892,2081051.5866670455,0.0,85.5,high,low,True
NBO-0514,-1.265043,36.819492,semi_permanent,RP250,250,0.004,4725000.0,0.04,proxy,0.2468424439430236,0.30238212249805035,0.16464417789203942,0.2468424439430236,0.2468424439430236,0.9873697757720944,0.9,0.43545311927795394,2057515.9885883324,2057515.9885883324,62.8,medium,medium,True
NBO-0196,-1.224155,36.832879,semi_permanent,RP250,250,0.004,4445000.0,0.04,ml_model,0.0,0.6235879219595843,0.19330390453008856,0.2620601564546164,0.2620601564546164,1.0482406258184656,0.9,0.45736662529464756,2032994.6494347083,0.0,68.5,medium,low,True
NBO-0138,-1.243781,36.81987,semi_permanent,RP250,250,0.004,4115000.0,0.1,ml_model,0.0,0.6841737799076824,0.13682661078424196,0.2875211040671405,0.2875211040671405,1.150084416268562,0.9,0.49403038985668235,2032935.0542602479,0.0,77.3,high,low,True
NBO-0016,-1.306308,36.797577,semi_permanent,RP250,250,0.004,5030000.0,0.04,ml_model,0.0,0.5241462284584545,0.12208441775590834,0.22027021017867318,0.22027021017867318,0.8810808407146927,0.9,0.39718910265728935,1997861.1863661655,0.0,52.5,medium,low,True
NBO-0266,-1.245469,36.827153,semi_permanent,RP250,250,0.004,3960000.0,0.1,ml_model,0.0,0.7006037086566981,0.11647653732321561,0.29442571133563133,0.29442571133563133,1.1777028453425253,0.9,0.5039730243233091,1995733.1763203042,0.0,80.7,high,low,True
NBO-0216,-1.217864,36.946273,semi_permanent,RP250,250,0.004,4005000.0,0.1,proxy,0.2864344120025635,0.5982878437659452,0.16267607404281384,0.2864344120025635,0.2864344120025635,1.145737648010254,0.9,0.4924655532836914,1972324.540901184,1972324.540901184,76.5,high,high,True
NBO-0179,-1.337228,36.908714,semi_permanent,RP250,250,0.004,4500000.0,0.04,ml_model,0.1453894227743148,0.5886480392689482,0.15590688999855037,0.24737682022892296,0.24737682022892296,0.9895072809156918,0.9,0.43622262112964905,1963001.7950834208,1274931.6902160638,63.2,medium,low,True
NBO-0034,-1.306502,36.792338,semi_permanent,RP250,250,0.004,5695000.0,0.04,known_hotspot,0.12514628469944,0.42043533208894657,0.12092692529973016,0.17916178715968842,0.17916178715968842,0.7166471486387537,0.9,0.33519250507728143,1908921.3164151178,1436419.6283340454,44.3,low,medium,True
NBO-0008,-1.255438,36.943294,semi_permanent,RP250,250,0.004,4620000.0,0.04,ml_model,0.2259266525506973,0.5441601387106764,0.22345214629542992,0.22868097034138501,0.22868097034138501,0.9147238813655401,0.9,0.4093005972915944,1890968.759487166,1872644.8340892787,55.3,medium,low,True
NBO-0183,-1.218746,36.909908,semi_permanent,RP250,250,0.004,4535000.0,0.04,ml_model,0.1909132599830627,0.5556518370769921,0.1545168704852614,0.2335103074176107,0.2335103074176107,0.9340412296704428,0.9,0.41625484268135937,1887715.7115599648,1601955.9498596187,57.5,medium,low,True
NBO-0135,-1.328732,36.927373,semi_permanent,RP250,250,0.004,4760000.0,0.04,ml_model,0.1276225000619888,0.5191583324889157,0.12245524532467172,0.2181740682360116,0.2181740682360116,0.8726962729440464,0.9,0.39417065825985664,1876252.3333169175,1218694.0420532224,51.7,medium,low,True
NBO-0003,-1.194103,36.84782,semi_permanent,RP250,250,0.004,7945000.0,0.01,proxy,0.1139633804559707,0.40495941600144536,0.16879223941119292,0.1139633804559707,0.1139633804559707,0.4558535218238828,0.9,0.23504775238037098,1867454.3926620474,1867454.3926620474,42.5,low,medium,True
NBO-0087,-1.210741,36.884764,semi_permanent,RP250,250,0.004,3110000.0,0.2,ml_model,0.0,0.8915681522094728,0.06396254348885758,0.3746777017806168,0.3746777017806168,1.4987108071224673,0.9,0.5956596530803314,1852501.5210798308,0.0,94.2,very_high,low,True
NBO-0073,-1.265598,36.886731,semi_permanent,RP250,250,0.004,3550000.0,0.1,proxy,0.3062759339809418,0.47609456891987767,0.12034812353621414,0.3062759339809418,0.3062759339809418,1.225103735923767,0.9,0.5210373449325562,1849682.5745105743,1849682.5745105743,83.7,high,medium,True
NBO-0334,-1.300269,36.932332,semi_permanent,RP250,250,0.004,3980000.0,0.04,ml_model,0.1508359909057617,0.6336273101957075,0.14009417822115447,0.26627916641170407,0.26627916641170407,1.0651166656468163,0.9,0.4634419996328538,1844499.1585387583,1160902.6464843748,69.5,medium,low,True
NBO-0293,-1.204167,36.891005,semi_permanent,RP250,250,0.004,2185000.0,0.2,proxy,0.6318746209144592,0.11213308921218412,0.11933244339150105,0.6318746209144592,0.6318746209144592,2.527498483657837,0.9,0.8226398544311523,1797468.0819320676,1797468.0819320676,99.8,very_high,medium,True
NBO-0399,-1.208904,36.854328,semi_permanent,RP250,250,0.004,3425000.0,0.1,ml_model,0.0,0.7322712905269607,0.11380939495773831,0.3077338771406744,0.3077338771406744,1.2309355085626976,0.9,0.5231367830825712,1791743.4820578063,0.0,84.0,high,low,True
NBO-0389,-1.270773,36.910552,semi_permanent,RP250,250,0.004,3325000.0,0.1,known_hotspot,0.0520594380795955,0.7387726467973631,0.10240182668590385,0.316509131045759,0.316509131045759,1.266036524183036,0.9,0.5342336423843216,1776326.8609278693,365582.19797015144,88.0,high,high,True
NBO-0164,-1.318571,36.780133,semi_permanent,RP250,250,0.004,4000000.0,0.04,ml_model,0.0,0.572817804508535,0.179096325415964,0.2407242317936132,0.2407242317936132,0.9628969271744529,0.9,0.42664289378280307,1706571.5751312124,0.0,60.8,medium,low,True
NBO-0145,-1.25898,36.789057,semi_permanent,RP250,250,0.004,3425000.0,0.1,ml_model,0.0,0.679411626970693,0.11591815739320153,0.2855198296681647,0.2855198296681647,1.1420793186726588,0.9,0.4911485547221572,1682183.7999233883,0.0,75.8,high,low,True
NBO-0074,-1.246897,36.789663,semi_permanent,RP250,250,0.004,3200000.0,0.1,known_hotspot,0.0,0.5410123463528012,0.17957853535820584,0.3047326061625772,0.3047326061625772,1.2189304246503088,0.9,0.5188149528741112,1660207.8491971558,0.0,83.3,high,high,True
NBO-0398,-1.212112,36.947855,semi_permanent,RP250,250,0.004,3605000.0,0.04,proxy,0.2611806988716125,0.5324633964566834,0.15226777183458778,0.2611806988716125,0.2611806988716125,1.04472279548645,0.9,0.45610020637512205,1644241.243982315,1644241.243982315,67.8,medium,high,True
NBO-0137,-1.229656,36.944629,semi_permanent,RP250,250,0.004,3300000.0,0.1,proxy,0.290000319480896,0.45135313570259117,0.16893141148578422,0.290000319480896,0.290000319480896,1.160001277923584,0.9,0.49760046005249026,1642081.5181732178,1642081.5181732178,78.2,high,medium,True
NBO-0380,-1.256632,36.748659,permanent_masonry,RP250,250,0.004,75325000.0,0.004,known_hotspot,0.0,0.02428417284240902,0.01443235499615238,0.012353817522104973,0.012353817522104973,0.049415270088419894,0.85,0.021742718838904752,1637770.2965405004,0.0,35.3,low,medium,True
NBO-0028,-1.194738,36.942461,semi_permanent,RP250,250,0.004,3275000.0,0.1,proxy,0.2913669347763061,0.539292996733186,0.1282935175883969,0.2913669347763061,0.2913669347763061,1.1654677391052244,0.9,0.4995683860778808,1636086.4644050596,1636086.4644050596,78.5,high,high,True
NBO-0042,-1.216402,36.823009,semi_permanent,RP250,250,0.004,3535000.0,0.04,ml_model,0.0,0.6325488913137273,0.1610409732655462,0.2658259654900966,0.2658259654900966,1.0633038619603865,0.9,0.4627893903057392,1635960.494730788,0.0,69.3,medium,low,True
NBO-0312,-1.27629,36.836385,semi_permanent,RP250,250,0.004,3975000.0,0.04,ml_model,0.0,0.5460219392337371,0.10830786453012879,0.2294633840462999,0.2294633840462999,0.9178535361851996,0.9,0.4104272730266718,1631448.4102810204,0.0,56.2,medium,low,True
NBO-0220,-1.200512,36.883541,semi_permanent,RP250,250,0.004,3360000.0,0.04,ml_model,0.2107815593481063,0.6381896048809055,0.21123777086309226,0.2681964512353709,0.2681964512353709,1.0727858049414836,0.9,0.4662028897789341,1566441.7096572185,1288645.4967498775,69.8,medium,low,True
NBO-0199,-1.344312,36.819906,permanent_masonry,RP250,250,0.004,32725000.0,0.004,proxy,0.0267174895852804,0.4580335349493864,0.13501424722657654,0.0267174895852804,0.0267174895852804,0.1068699583411216,0.85,0.04702278167009351,1538820.53015381,1538820.53015381,36.2,low,medium,True
NBO-0090,-1.272165,36.867382,semi_permanent,RP250,250,0.004,3080000.0,0.1,ml_model,0.0762653052806854,0.6933777186924187,0.10375486477348116,0.29138901996638883,0.29138901996638883,1.1655560798655553,0.9,0.49960018875159995,1538768.5813549277,496102.7602386473,78.8,high,low,True
NBO-0169,-1.274509,36.755653,semi_permanent,RP250,250,0.004,3735000.0,0.04,ml_model,0.0,0.5447928983874328,0.1226075705199948,0.22894688488855566,0.22894688488855566,0.9157875395542227,0.9,0.4096835142395201,1530167.9256846076,0.0,55.5,medium,low,True
NBO-0359,-1.274801,36.721075,semi_permanent,RP250,250,0.004,3600000.0,0.04,ml_model,0.0,0.5633840178619006,0.13408315787372668,0.236759723313706,0.236759723313706,0.947038893254824,0.9,0.42093400157173666,1515362.405658252,0.0,59.0,medium,low,True
NBO-0536,-1.225209,36.858199,informal_iron_sheet,RP250,250,0.004,2490000.0,0.1,ml_model,0.0,0.7262082439717508,0.11164493707853114,0.3051859077639473,0.3051859077639473,1.220743631055789,0.95,0.6028453982484104,1501085.041638542,0.0,89.0,high,low,True
NBO-0212,-1.317846,36.837696,semi_permanent,RP250,250,0.004,3325000.0,0.04,ml_model,0.0227607246488332,0.6123367988135268,0.07859706056765381,0.25733192008550804,0.25733192008550804,1.0293276803420321,0.9,0.45055796492313155,1498105.2333694124,159834.91277396627,66.5,medium,low,True
NBO-0043,-1.272502,36.757256,semi_permanent,RP250,250,0.004,3605000.0,0.04,ml_model,0.0,0.5509816559179808,0.12249949681691857,0.23154768376486903,0.23154768376486903,0.9261907350594761,0.9,0.4134286646214114,1490410.3359601882,0.0,56.7,medium,low,True
NBO-0436,-1.316654,36.932326,permanent_masonry,RP250,250,0.004,37945000.0,0.004,proxy,0.0221096333116292,0.1796155508989133,0.11951921554510976,0.0221096333116292,0.0221096333116292,0.0884385332465168,0.85,0.038912954628467396,1476552.0633771953,1476552.0633771953,35.7,low,medium,True
NBO-0593,-1.243736,36.854758,semi_permanent,RP250,250,0.004,2520000.0,0.1,ml_model,0.0,0.8605550002902551,0.09741332730467923,0.3616445573628073,0.3616445573628073,1.4465782294512293,0.9,0.5818966525751246,1466379.5644893139,0.0,93.2,very_high,low,True
NBO-0122,-1.207446,36.790624,semi_permanent,RP250,250,0.004,3745000.0,0.04,ml_model,0.0,0.5118601121643865,0.18792074206676646,0.21510702236688017,0.21510702236688017,0.8604280894675207,0.9,0.38975411220830747,1459629.1502201115,0.0,50.8,medium,low,True
NBO-0211,-1.261427,36.828096,semi_permanent,RP250,250,0.004,2760000.0,0.1,ml_model,0.0,0.7345468911941749,0.1265607097585658,0.3086901885859064,0.3086901885859064,1.2347607543436256,0.9,0.5245138715637052,1447658.2855158264,0.0,84.7,high,low,True
NBO-0095,-1.224116,36.795335,semi_permanent,RP250,250,0.004,4705000.0,0.01,proxy,0.158087283372879,0.34923770041897795,0.14898335310583044,0.158087283372879,0.158087283372879,0.632349133491516,0.9,0.3028220672607421,1424777.8264617918,1424777.8264617918,44.0,low,medium,True
NBO-0005,-1.202301,36.930681,informal_iron_sheet,RP250,250,0.004,1570000.0,0.2,proxy,0.6697713136672974,0.08751901638409292,0.11201319309629518,0.6697713136672974,0.6697713136672974,2.6790852546691895,0.95,0.901117672920227,1414754.7464847565,1414754.7464847565,100.0,very_high,medium,True
NBO-0223,-1.310199,36.777964,semi_permanent,RP250,250,0.004,2850000.0,0.1,ml_model,0.0,0.677966564607797,0.0887654045365092,0.2849125483922266,0.2849125483922266,1.1396501935689063,0.9,0.4902740696848063,1397281.098601698,0.0,75.2,high,low,True
NBO-0290,-1.266469,36.795974,semi_permanent,RP250,250,0.004,3005000.0,0.04,ml_model,0.0,0.6289227574925419,0.16480999890648218,0.2643020982645752,0.2643020982645752,1.0572083930583007,0.9,0.4605950215009883,1384088.03961047,0.0,68.8,medium,low,True
NBO-0406,-1.210983,36.840534,semi_permanent,RP250,250,0.004,3390000.0,0.04,ml_model,0.0,0.5421068523447434,0.1673028801766075,0.22781808553019173,0.22781808553019173,0.9112723421207669,0.9,0.4080580431634761,1383316.766324184,0.0,54.8,medium,low,True
NBO-0529,-1.27367,36.719198,semi_permanent,RP250,250,0.004,3100000.0,0.04,ml_model,0.0023091877810657,0.5989950672084312,0.13760072169474222,0.2517251144552453,0.2517251144552453,1.0069004578209813,0.9,0.44248416481555325,1371700.9109282151,15118.714240193349,64.5,medium,low,True
NBO-0147,-1.186506,36.892392,informal_iron_sheet,RP250,250,0.004,2210000.0,0.1,ml_model,0.1754363030195236,0.7026063100673197,0.14139466183625635,0.2952672960111885,0.2952672960111885,1.181069184044754,0.95,0.5897528307347688,1303353.755923839,874685.6134116647,86.0,high,low,True
NBO-0508,-1.319233,36.80786,semi_permanent,RP250,250,0.004,4750000.0,0.01,proxy,0.1353619396686554,0.31815746724375454,0.11047765661799522,0.1353619396686554,0.1353619396686554,0.5414477586746216,0.9,0.2679159393310547,1272600.7118225098,1272600.7118225098,43.3,low,medium,True
NBO-0553,-1.323114,36.787484,semi_permanent,RP250,250,0.004,3040000.0,0.04,known_hotspot,0.0,0.42327931681921216,0.12015076880318708,0.23509053646517192,0.23509053646517192,0.9403621458606877,0.9,0.41853037250984754,1272332.3324299366,0.0,58.3,medium,medium,True
NBO-0507,-1.286124,36.862558,semi_permanent,RP250,250,0.004,2575000.0,0.1,known_hotspot,0.1114458739757537,0.6350868733233291,0.1246172299223489,0.28620159154581637,0.28620159154581637,1.1448063661832655,0.9,0.49213029182597556,1267235.5014518872,595290.7207489011,76.3,high,high,True
NBO-0127,-1.290697,36.873831,semi_permanent,RP250,250,0.004,3180000.0,0.04,ml_model,0.0345160253345966,0.5121227462114275,0.1355522567346533,0.21521739320158395,0.21521739320158395,0.8608695728063358,0.9,0.3899130462102809,1239923.4869486932,231815.1487112043,51.0,medium,low,True
NBO-0582,-1.260893,36.864061,informal_iron_sheet,RP250,250,0.004,2070000.0,0.1,ml_model,0.1008272171020507,0.7117774821953751,0.10854961629987926,0.29912144186314454,0.29912144186314454,1.1964857674525782,0.95,0.5948403032593509,1231319.4277468564,524927.6916503903,88.2,high,low,True
NBO-0205,-1.289884,36.819049,semi_permanent,RP250,250,0.004,3240000.0,0.04,proxy,0.2068036645650863,0.3420086425137934,0.15516382066896756,0.2068036645650863,0.2068036645650863,0.8272146582603452,0.9,0.3776504287719726,1223587.3892211912,1223587.3892211912,49.0,low,medium,True
NBO-0377,-1.240753,36.808486,semi_permanent,RP250,250,0.004,6520000.0,0.01,proxy,0.0881503224372863,0.11283308823616067,0.05575113928489143,0.0881503224372863,0.0881503224372863,0.3526012897491452,0.9,0.18617348098754866,1213851.0960388172,1213851.0960388172,41.2,low,medium,True
NBO-0249,-1.201491,36.870552,semi_permanent,RP250,250,0.004,2705000.0,0.04,proxy,0.2466067969799041,0.5858659695534922,0.2279749686188499,0.2466067969799041,0.2466067969799041,0.9864271879196164,0.9,0.43511378765106185,1176982.7955961223,1176982.7955961223,62.5,medium,medium,True
NBO-0547,-1.200929,36.924815,informal_iron_sheet,RP250,250,0.004,1475000.0,0.2,proxy,0.4697235226631164,0.25271074131250937,0.16886768819872303,0.4697235226631164,0.4697235226631164,1.8788940906524656,0.95,0.7873014044761657,1161269.5716023445,1161269.5716023445,97.7,very_high,medium,True
NBO-0342,-1.200346,36.858594,informal_iron_sheet,RP250,250,0.004,1900000.0,0.1,ml_model,0.0885274410247802,0.7306152368057609,0.13467270431052591,0.30703792764904364,0.30703792764904364,1.2281517105961746,0.95,0.6052900644967376,1150051.1225438016,436948.10485839815,89.3,high,low,True
NBO-0208,-1.266865,36.76677,informal_iron_sheet,RP250,250,0.004,1980000.0,0.1,ml_model,0.0,0.6839019245233713,0.17081496623948594,0.28740685800489846,0.28740685800489846,1.1496274320195938,0.95,0.579377052566466,1147166.5640816027,0.0,82.8,high,low,True
NBO-0575,-1.330035,36.785141,permanent_masonry,RP250,250,0.004,56840000.0,0.004,known_hotspot,0.0,0.015168339072277118,0.011969434936740624,0.011338309079435532,0.011338309079435532,0.04535323631774213,0.85,0.019955423979806538,1134266.2990122037,0.0,35.2,low,medium,True
NBO-0246,-1.271319,36.783572,semi_permanent,RP250,250,0.004,2350000.0,0.04,ml_model,0.0033656794112175,0.5923670816040104,0.12491272806545874,0.2489397318599326,0.2489397318599326,0.9957589274397304,0.9,0.4384732138783029,1030412.0526140118,16704.540053754696,64.0,medium,low,True
NBO-0247,-1.186897,36.934355,informal_iron_sheet,RP250,250,0.004,1930000.0,0.04,proxy,0.2489110231399536,0.422626544163259,0.14667635275836904,0.2489110231399536,0.2489110231399536,0.9956440925598145,0.95,0.5280398416519165,1019116.8943881989,1019116.8943881989,71.5,medium,medium,True
NBO-0064,-1.192382,36.925331,informal_iron_sheet,RP250,250,0.004,1520000.0,0.1,ml_model,0.0937099829316139,0.8418245372765837,0.08137167404117278,0.3537731604114272,0.3537731604114272,1.4150926416457088,0.95,0.6620750132443414,1006354.0201313989,364683.21418762195,94.5,very_high,low,True
NBO-0494,-1.291975,36.831562,informal_iron_sheet,RP250,250,0.004,2070000.0,0.04,ml_model,0.0,0.5309891154928686,0.12006874110069396,0.2231459041805786,0.2231459041805786,0.8925836167223145,0.95,0.4816626275250416,997041.6389768361,0.0,61.5,medium,low,True
NBO-0010,-1.275674,36.901374,semi_permanent,RP250,250,0.004,3960000.0,0.01,known_hotspot,0.0,0.3317637066189998,0.13269581742486816,0.1233221926313701,0.1233221926313701,0.4932887705254804,0.9,0.2494228878817845,987714.6360118666,0.0,43.2,low,medium,True
NBO-0033,-1.237085,36.896404,informal_iron_sheet,RP250,250,0.004,1165000.0,0.2,proxy,0.5524764060974121,0.17296050054528472,0.13766260244100043,0.5524764060974121,0.5524764060974121,2.2099056243896484,0.95,0.8451886749267578,984644.8062896727,984644.8062896727,99.5,very_high,medium,True
NBO-0265,-1.20795,36.939186,informal_iron_sheet,RP250,250,0.004,1650000.0,0.1,ml_model,0.2328504621982574,0.6949461344969768,0.13520840917652538,0.29204813999847157,0.29204813999847157,1.1681925599938863,0.95,0.5855035447979825,966080.8489166711,823565.8727288245,84.3,high,low,True
NBO-0129,-1.316017,36.795227,informal_iron_sheet,RP250,250,0.004,1550000.0,0.1,ml_model,0.0,0.7615380348545128,0.1304778601147249,0.3200331012393295,0.3200331012393295,1.280132404957318,0.95,0.6224436936359149,964787.7251356681,0.0,92.5,very_high,low,True
NBO-0370,-1.259124,36.882024,informal_iron_sheet,RP250,250,0.004,1300000.0,0.2,known_hotspot,0.1853253692388534,0.5935998608149397,0.12481857194905963,0.42010949982592083,0.42010949982592083,1.6804379993036833,0.95,0.7337182598119945,953833.7377555928,537661.3640189169,96.3,very_high,high,True
NBO-0011,-1.198387,36.870224,informal_iron_sheet,RP250,250,0.004,1405000.0,0.1,ml_model,0.0079745389521121,0.8694181957809899,0.09684336983613413,0.3653692773504731,0.3653692773504731,1.4614771094018923,0.95,0.674598819538511,947811.3414516079,29579.159881174204,95.5,very_high,low,True
NBO-0298,-1.323806,36.853642,semi_permanent,RP250,250,0.004,2400000.0,0.04,ml_model,0.0,0.5134986849160135,0.10132630163697139,0.21579562555583268,0.21579562555583268,0.8631825022233307,0.9,0.39074570080039905,937789.6819209578,0.0,51.2,medium,low,True
NBO-0443,-1.218721,36.942704,informal_iron_sheet,RP250,250,0.004,1445000.0,0.1,proxy,0.3351253569126129,0.44260612580847447,0.15360566745055412,0.3351253569126129,0.3351253569126129,1.3405014276504517,0.95,0.641935385465622,927596.6319978238,927596.6319978238,93.3,very_high,medium,True
NBO-0304,-1.32852,36.797975,permanent_masonry,RP250,250,0.004,58110000.0,0.004,known_hotspot,0.0,0.3486850186171976,0.11311143265994995,0.009007544343668489,0.009007544343668489,0.036030177374673955,0.85,0.01585327804485654,921233.9871866136,0.0,35.0,low,medium,True
NBO-0102,-1.222723,36.795885,semi_permanent,RP250,250,0.004,2150000.0,0.04,ml_model,0.0230146870017051,0.5726595922715308,0.1343995413657963,0.24065774377785423,0.24065774377785423,0.9626309751114169,0.9,0.4265471510401101,917076.3747362368,104505.09073734253,60.7,medium,low,True
NBO-0081,-1.223301,36.827346,informal_iron_sheet,RP250,250,0.004,1670000.0,0.04,ml_model,0.0,0.6233596263451259,0.1768605404724369,0.26196421619930343,0.26196421619930343,1.0478568647972137,0.95,0.5457927653830805,911473.9181897445,0.0,75.7,high,low,True
NBO-0356,-1.203566,36.90393,informal_iron_sheet,RP250,250,0.004,1125000.0,0.2,proxy,0.4824559688568115,0.23632336718608085,0.1410298914628268,0.4824559688568115,0.4824559688568115,1.929823875427246,0.95,0.8010524463653564,901184.002161026,901184.002161026,98.0,very_high,medium,True
NBO-0019,-1.215378,36.786757,semi_permanent,RP250,250,0.004,2160000.0,0.04,ml_model,0.0,0.553601922227134,0.18692653375042353,0.23264883947162432,0.23264883947162432,0.9305953578864973,0.9,0.415014328839139,896430.9502925402,0.0,57.0,medium,low,True
NBO-0530,-1.243356,36.83222,informal_iron_sheet,RP250,250,0.004,1710000.0,0.04,ml_model,0.0,0.5802798805166504,0.13009109461650814,0.24386013731278663,0.24386013731278663,0.9754405492511465,0.95,0.518948247163016,887401.5026487574,0.0,70.7,medium,low,True
NBO-0346,-1.306948,36.801566,informal_iron_sheet,RP250,250,0.004,1700000.0,0.04,ml_model,0.0,0.5731518000396923,0.10944899300402065,0.24086459198672788,0.24086459198672788,0.9634583679469115,0.95,0.5135562655761102,873045.6514793874,0.0,69.2,medium,low,True
NBO-0039,-1.265985,36.799534,informal_iron_sheet,RP250,250,0.004,1500000.0,0.04,ml_model,0.0,0.6562749118255679,0.09652636112291851,0.27579672410876876,0.27579672410876876,1.103186896435075,0.95,0.5640516758235747,846077.5137353621,0.0,79.3,high,low,True
NBO-0136,-1.308288,36.930201,informal_iron_sheet,RP250,250,0.004,1520000.0,0.04,ml_model,0.0894166082143783,0.6223578368329097,0.12090486402426125,0.261543218442514,0.261543218442514,1.046172873770056,0.95,0.5452370483441186,828760.3134830602,352153.4294128416,75.5,high,low,True
NBO-0245,-1.236395,36.870383,informal_iron_sheet,RP250,250,0.004,1470000.0,0.04,ml_model,0.1757399886846542,0.6336910393552218,0.2172427934153384,0.2663059483183525,0.2663059483183525,1.06522379327341,0.95,0.5515238517802253,810740.0621169312,582608.010059595,77.2,high,low,True
NBO-0333,-1.271368,36.72167,informal_iron_sheet,RP250,250,0.004,1585000.0,0.04,ml_model,0.0,0.5697070648206606,0.12442794755112307,0.23941695674772676,0.23941695674772676,0.957667826990907,0.95,0.5109505221459082,809856.5776012645,0.0,68.7,medium,low,True
NBO-0117,-1.258956,36.863648,informal_iron_sheet,RP250,250,0.004,1470000.0,0.04,ml_model,0.1767629981040954,0.6287367304193461,0.18288853531518726,0.26422392118290033,0.26422392118290033,1.0568956847316013,0.95,0.5487755759614285,806700.0966632998,585314.8929834365,76.7,high,low,True
NBO-0532,-1.184216,36.946388,informal_iron_sheet,RP250,250,0.004,1245000.0,0.1,ml_model,0.1474845260381698,0.759574087185805,0.10238957099122535,0.3192077606334484,0.3192077606334484,1.2768310425337936,0.95,0.6213542440361519,773586.0338250091,427247.0110416411,92.3,very_high,low,True
NBO-0463,-1.263233,36.740277,permanent_masonry,RP250,250,0.004,64740000.0,0.004,known_hotspot,0.0,0.11418965196428549,0.06290221911334437,0.006728525998369781,0.006728525998369781,0.026914103993479124,0.85,0.011842205757130814,766664.4007166489,0.0,34.3,low,medium,True
NBO-0120,-1.255807,36.939727,informal_iron_sheet,RP250,250,0.004,1230000.0,0.1,ml_model,0.1707080602645874,0.7588322469962361,0.12741444700006602,0.3188960054674217,0.3188960054674217,1.2755840218696868,0.95,0.6209427272169966,763759.5544769058,476347.6454257965,92.0,very_high,low,True
NBO-0378,-1.232748,36.807252,semi_permanent,RP250,250,0.004,1970000.0,0.04,ml_model,0.0,0.5025843521594617,0.14819872046860866,0.21120892390710339,0.21120892390710339,0.8448356956284135,0.9,0.38414085042622886,756757.4753396709,0.0,49.7,low,low,True
NBO-0349,-1.343824,36.902898,informal_iron_sheet,RP250,250,0.004,1540000.0,0.04,ml_model,0.0437379330396652,0.5339973821814095,0.12724596797819546,0.22441011538688116,0.22441011538688116,0.8976404615475246,0.95,0.4839382076963861,745264.8398524346,177820.94056606287,61.8,medium,low,True
NBO-0537,-1.22413,36.847103,informal_iron_sheet,RP250,250,0.004,1275000.0,0.1,ml_model,0.0,0.6892671113990844,0.07250217890460978,0.2896615548368052,0.2896615548368052,1.158646219347221,0.95,0.5823532523845829,742500.3967903432,0.0,83.5,high,low,True
NBO-0101,-1.30844,36.895244,informal_iron_sheet,RP250,250,0.004,1235000.0,0.1,known_hotspot,0.1572722345590591,0.6088399236938693,0.15569011864430402,0.3030995925958275,0.3030995925958275,1.21239837038331,0.95,0.6000914622264923,741112.9558497181,447023.9225864409,88.7,high,high,True
NBO-0521,-1.311918,36.827583,informal_iron_sheet,RP250,250,0.004,1680000.0,0.04,known_hotspot,0.1949077397584915,0.44778196596626435,0.1464805738442055,0.19791530445435046,0.19791530445435046,0.7916612178174018,0.95,0.43624754801783083,732895.8806699557,723801.0050296782,50.0,medium,medium,True
NBO-0213,-1.287925,36.788302,informal_iron_sheet,RP250,250,0.004,1440000.0,0.04,ml_model,0.0,0.5619710634874646,0.10907763122290828,0.2361659352825582,0.2361659352825582,0.9446637411302328,0.95,0.5050986835086048,727342.1042523909,0.0,67.7,medium,low,True
NBO-0367,-1.279863,36.946799,informal_iron_sheet,RP250,250,0.004,1430000.0,0.04,ml_model,0.2002120167016983,0.5652234671628138,0.11184567427656375,0.23753274401313335,0.23753274401313335,0.9501309760525334,0.95,0.50755893922364,725809.2830898053,629745.7309901714,68.0,medium,low,True
NBO-0201,-1.270885,36.789166,informal_iron_sheet,RP250,250,0.004,1175000.0,0.1,ml_model,0.0,0.7522408803016827,0.12825092154632706,0.31612601181232275,0.31612601181232275,1.264504047249291,0.95,0.617286335592266,725311.4443209125,0.0,91.0,very_high,low,True
NBO-0563,-1.25133,36.949922,informal_iron_sheet,RP250,250,0.004,1345000.0,0.04,ml_model,0.2357229739427566,0.6024323843371878,0.20866642581317446,0.2531696322735434,0.2531696322735434,1.0126785290941736,0.95,0.5341839146010773,718477.3651384489,678285.3199154137,72.5,medium,low,True
NBO-0499,-1.269108,36.923782,informal_iron_sheet,RP250,250,0.004,1175000.0,0.1,proxy,0.311448335647583,0.5072540516813685,0.19345483431221938,0.311448335647583,0.311448335647583,1.245793342590332,0.95,0.6111118030548096,718056.3685894012,718056.3685894012,90.2,very_high,high,True
NBO-0277,-1.316557,36.932,semi_permanent,RP250,250,0.004,3990000.0,0.004,proxy,0.0851205959916114,0.12527774716369924,0.09048380417427432,0.0851205959916114,0.0851205959916114,0.3404823839664456,0.9,0.17977469873428328,717301.0479497903,717301.0479497903,41.0,low,medium,True
NBO-0360,-1.306434,36.778519,informal_iron_sheet,RP250,250,0.004,1340000.0,0.04,ml_model,0.0,0.6036711244421494,0.09696527573528134,0.25369020750324434,0.25369020750324434,1.0147608300129773,0.95,0.5348710739042826,716727.2390317386,0.0,72.8,medium,low,True
NBO-0268,-1.277204,36.92012,informal_iron_sheet,RP250,250,0.004,875000.0,0.2,proxy,0.4987740814685821,0.36026909959042375,0.1868187540405755,0.4987740814685821,0.4987740814685821,1.9950963258743284,0.95,0.8186760079860687,716341.50698781,716341.50698781,98.3,very_high,medium,True
NBO-0244,-1.227495,36.945525,informal_iron_sheet,RP250,250,0.004,865000.0,0.2,proxy,0.5118399262428284,0.17969813129865692,0.16958692040077547,0.5118399262428284,0.5118399262428284,2.0473597049713135,0.95,0.8256831645965576,714215.9373760223,714215.9373760223,98.5,very_high,medium,True
NBO-0453,-1.329951,36.944419,informal_iron_sheet,RP250,250,0.004,935000.0,0.2,proxy,0.447554349899292,0.23540981508797532,0.13813862798182103,0.447554349899292,0.447554349899292,1.790217399597168,0.95,0.7633586978912353,713740.382528305,713740.382528305,97.3,very_high,medium,True
NBO-0474,-1.265397,36.874234,informal_iron_sheet,RP250,250,0.004,1190000.0,0.1,ml_model,0.1201084479689598,0.6998243013648885,0.10540422065655401,0.29409816875560246,0.29409816875560246,1.1763926750224099,0.95,0.5882095827573953,699969.4034813005,345823.7819194793,85.3,high,low,True
NBO-0481,-1.206344,36.782704,informal_iron_sheet,RP250,250,0.004,1170000.0,0.1,ml_model,0.0,0.7073929070139571,0.07426368165115424,0.2972788429006459,0.2972788429006459,1.1891153716025835,0.95,0.5924080726288525,693117.4449757575,0.0,87.5,high,low,True
NBO-0066,-1.272078,36.865447,informal_iron_sheet,RP250,250,0.004,1120000.0,0.1,ml_model,0.0418705083429813,0.7323376823200486,0.09533735616005297,0.3077617780076913,0.3077617780076913,1.2310471120307651,0.95,0.6062455469701524,678995.0126065707,123802.7190685271,89.5,high,low,True
NBO-0386,-1.290194,36.745156,permanent_masonry,RP250,250,0.004,76960000.0,0.004,known_hotspot,0.0,0.27532531466042115,0.09756811284910609,0.004941889996280462,0.004941889996280462,0.01976755998512185,0.85,0.008697726393453615,669377.0232401902,0.0,34.0,low,medium,True
NBO-0292,-1.248732,36.879753,informal_iron_sheet,RP250,250,0.004,865000.0,0.2,proxy,0.4501494169235229,0.3126046933372746,0.15188779601254568,0.4501494169235229,0.4501494169235229,1.8005976676940916,0.95,0.7661613702774046,662729.585289955,662729.585289955,97.5,very_high,medium,True
NBO-0098,-1.29751,36.948272,semi_permanent,RP250,250,0.004,5545000.0,0.004,proxy,0.0561462230980396,0.30788207618137436,0.1403779612965136,0.0561462230980396,0.0561462230980396,0.2245848923921584,0.9,0.11858082318305964,657530.6645500656,657530.6645500656,39.0,low,medium,True
NBO-0446,-1.29806,36.939987,informal_iron_sheet,RP250,250,0.004,1330000.0,0.04,ml_model,0.1593229323625564,0.5409067172584198,0.11441942481773858,0.22731373389441864,0.22731373389441864,0.9092549355776746,0.95,0.48916472100995356,650589.0789432382,486647.040081024,63.8,medium,low,True
NBO-0191,-1.267964,36.843265,informal_iron_sheet,RP250,250,0.004,1045000.0,0.1,ml_model,0.0263926498591899,0.7595698689559885,0.12042523023842233,0.3192059879404139,0.3192059879404139,1.2768239517616555,0.95,0.6213519040813463,649312.7397650069,72812.0424315331,92.2,very_high,low,True
NBO-0067,-1.290213,36.862364,informal_iron_sheet,RP250,250,0.004,1155000.0,0.04,ml_model,0.0,0.6236234989098738,0.1414121282766606,0.26207510751577506,0.26207510751577506,1.0483004300631003,0.95,0.5459391419208232,630559.7089185508,0.0,76.0,high,low,True
NBO-0579,-1.284944,36.872587,informal_iron_sheet,RP250,250,0.004,1100000.0,0.04,ml_model,0.0394090451300144,0.6582342925243975,0.12054128046745081,0.27662014546509633,0.27662014546509633,1.1064805818603853,0.95,0.5651385920139272,621652.4512153199,114443.86705756182,79.5,high,low,True
NBO-0568,-1.215505,36.766714,informal_iron_sheet,RP250,250,0.004,1325000.0,0.04,ml_model,0.0,0.5138844512861297,0.15654028816797375,0.21595774222254088,0.21595774222254088,0.8638309688901635,0.95,0.4687239360005736,621059.21520076,0.0,58.0,medium,low,True
NBO-0525,-1.339053,36.852392,informal_iron_sheet,RP250,250,0.004,1140000.0,0.04,ml_model,0.0304293073713779,0.6054840999813459,0.1362479477089062,0.2544521027175667,0.2544521027175667,1.0178084108702667,0.95,0.535876775587188,610899.5241693944,91580.04346489892,73.5,medium,low,True
NBO-0123,-1.275351,36.872473,informal_iron_sheet,RP250,250,0.004,720000.0,0.2,proxy,0.5531253814697266,0.13097093312056093,0.11412955888525213,0.5531253814697266,0.5531253814697266,2.2125015258789062,0.95,0.8455001831054687,608760.1318359375,608760.1318359375,99.7,very_high,medium,True
NBO-0082,-1.245203,36.83545,informal_iron_sheet,RP250,250,0.004,1090000.0,0.04,ml_model,0.0,0.6353995907166355,0.11679088656218498,0.26702395971869497,0.26702395971869497,1.0680958388747799,0.95,0.5524716268286773,602194.0732432583,0.0,77.5,high,low,True
NBO-0189,-1.241874,36.861843,informal_iron_sheet,RP250,250,0.004,900000.0,0.1,ml_model,0.0271627884358167,0.8437708358369794,0.10095106154868834,0.35459108405504414,0.35459108405504414,1.4183643362201765,0.95,0.6629583707794476,596662.5337015028,64538.78532350048,94.7,very_high,low,True
NBO-0296,-1.278423,36.873103,informal_iron_sheet,RP250,250,0.004,1230000.0,0.04,proxy,0.2212733775377273,0.5036118292387786,0.14677932592522264,0.2212733775377273,0.2212733775377273,0.8850935101509092,0.95,0.47829207956790915,588299.2578685282,588299.2578685282,61.0,medium,high,True
NBO-0327,-1.285088,36.818006,informal_iron_sheet,RP250,250,0.004,1080000.0,0.04,ml_model,0.0,0.6150068884186478,0.09411202117524432,0.2584540138192466,0.2584540138192466,1.0338160552769864,0.95,0.5411592982414055,584452.042100718,0.0,74.5,medium,low,True
NBO-0161,-1.264529,36.758589,informal_iron_sheet,RP250,250,0.004,1240000.0,0.04,ml_model,0.0,0.5146561676750533,0.11639516325332852,0.2162820527335341,0.2162820527335341,0.8651282109341364,0.95,0.4693076949203614,581941.5417012481,0.0,58.2,medium,low,True
NBO-0594,-1.325088,36.940654,informal_iron_sheet,RP250,250,0.004,1090000.0,0.04,ml_model,0.133851945400238,0.5862328905104066,0.13304817809553832,0.2463618642953063,0.2463618642953063,0.9854474571812252,0.95,0.5234513557315514,570561.9777473911,345525.3513336181,70.8,medium,low,True
NBO-0465,-1.291747,36.740285,semi_permanent,RP250,250,0.004,3200000.0,0.004,proxy,0.084365077316761,0.06934114732349582,0.03706378115816829,0.084365077316761,0.084365077316761,0.337460309267044,0.9,0.17817904329299922,570172.9385375975,570172.9385375975,40.8,low,medium,True
NBO-0347,-1.274636,36.749664,informal_iron_sheet,RP250,250,0.004,960000.0,0.1,proxy,0.2982476651668548,0.15633380661208682,0.11530390700355155,0.2982476651668548,0.2982476651668548,1.1929906606674192,0.95,0.5936869180202483,569939.4412994384,569939.4412994384,87.8,high,high,True
NBO-0341,-1.346872,36.949269,semi_permanent,RP250,250,0.004,6365000.0,0.004,proxy,0.0418274588882923,0.09967832406275254,0.0976433808933743,0.0418274588882923,0.0418274588882923,0.1673098355531692,0.9,0.08833959317207334,562281.5105402467,562281.5105402467,38.3,low,medium,True
NBO-0396,-1.202279,36.766078,informal_iron_sheet,RP250,250,0.004,1185000.0,0.04,ml_model,0.0,0.5165274808934521,0.15331013514287736,0.21706846410796893,0.21706846410796893,0.8682738564318757,0.95,0.4707232353943441,557807.0339422977,0.0,58.5,medium,low,True
NBO-0427,-1.344614,36.914871,informal_iron_sheet,RP250,250,0.004,1150000.0,0.04,ml_model,0.0384162925183773,0.5060145944551989,0.12600510503766096,0.21265046855709163,0.21265046855709163,0.8506018742283665,0.95,0.462770843402765,532186.4699131798,116631.86408579347,56.3,medium,low,True
NBO-0050,-1.251175,36.850655,informal_iron_sheet,RP250,250,0.004,795000.0,0.1,ml_model,0.0,0.8477311024978804,0.06592686480126493,0.35625536917701445,0.35625536917701445,1.4250214767080578,0.95,0.6647557987111756,528480.8599753847,0.0,95.0,very_high,low,True
NBO-0395,-1.288387,36.922284,informal_iron_sheet,RP250,250,0.004,925000.0,0.1,ml_model,0.1207952201366424,0.6678164425877734,0.10402572676157154,0.28064700303618095,0.28064700303618095,1.1225880121447238,0.95,0.5704540440077589,527669.990707177,270032.31096267694,80.3,high,low,True
NBO-0126,-1.210898,36.776869,informal_iron_sheet,RP250,250,0.004,925000.0,0.04,proxy,0.2796441912651062,0.16142656294927132,0.10741335780035154,0.2796441912651062,0.2796441912651062,1.1185767650604248,0.95,0.5691303324699402,526445.5575346947,526445.5575346947,80.2,high,medium,True
NBO-0307,-1.335209,36.897649,informal_iron_sheet,RP250,250,0.004,960000.0,0.04,ml_model,0.1050631180405616,0.6060713107272682,0.12559913278513354,0.2546988755214155,0.2546988755214155,1.018795502085662,0.95,0.5362025156882685,514754.41506073775,251252.33917236316,73.7,medium,low,True
NBO-0076,-1.305358,36.913093,informal_iron_sheet,RP250,250,0.004,995000.0,0.04,ml_model,0.0,0.5722435164396048,0.10197296932506375,0.24048288968948628,0.24048288968948628,0.9619315587579451,0.95,0.5128692014410754,510304.85543387,0.0,69.0,medium,low,True
NBO-0428,-1.211801,36.839118,informal_iron_sheet,RP250,250,0.004,1070000.0,0.04,ml_model,0.0,0.5168804931339585,0.17941824207741824,0.21721681599183282,0.21721681599183282,0.8688672639673313,0.95,0.4709902687852991,503959.58760027005,0.0,58.7,medium,low,True
NBO-0023,-1.255021,36.762602,informal_iron_sheet,RP250,250,0.004,885000.0,0.04,ml_model,0.0,0.6389301341899891,0.1776390761019914,0.26850765550948164,0.26850765550948164,1.0740306220379265,0.95,0.5544301052725158,490670.64316617645,0.0,78.0,high,low,True
NBO-0424,-1.290479,36.84768,informal_iron_sheet,RP250,250,0.004,900000.0,0.04,ml_model,0.0708576738834381,0.6117557204452496,0.14839303983958962,0.2570877243871299,0.2570877243871299,1.0283508975485196,0.95,0.5393557961910115,485420.2165719103,168357.8331470489,74.0,medium,low,True
NBO-0332,-1.210051,36.840545,informal_iron_sheet,RP250,250,0.004,975000.0,0.04,ml_model,0.0,0.5513890082656715,0.1757210225443503,0.23171887184630674,0.23171887184630674,0.926875487385227,0.95,0.49709396932335215,484666.6200902683,0.0,65.3,medium,low,True
NBO-0037,-1.331936,36.925473,informal_iron_sheet,RP250,250,0.004,780000.0,0.1,ml_model,0.0,0.7539539589099131,0.11310413926497825,0.316845925768772,0.316845925768772,1.267383703075088,0.95,0.618236622014779,482224.5651715276,0.0,91.3,very_high,low,True
NBO-0053,-1.288657,36.893632,informal_iron_sheet,RP250,250,0.004,805000.0,0.1,ml_model,0.0,0.7189170376160721,0.1413716574398448,0.30212180948521905,0.30212180948521905,1.2084872379408762,0.95,0.5988007885204891,482034.63475899375,0.0,88.5,high,low,True
NBO-0181,-1.195501,36.89562,informal_iron_sheet,RP250,250,0.004,865000.0,0.04,ml_model,0.1580795347690582,0.6373139219914957,0.14907683699054086,0.2678284492473237,0.2678284492473237,1.0713137969892947,0.95,0.5535335530064672,478806.52335059416,314438.49134445185,77.7,high,low,True
NBO-0596,-1.268638,36.924316,informal_iron_sheet,RP250,250,0.004,640000.0,0.2,proxy,0.3933278918266296,0.37780763719730254,0.191158398078818,0.3933278918266296,0.3933278918266296,1.5733115673065183,0.95,0.7047941231727599,451068.23883056635,451068.23883056635,96.2,very_high,medium,True
NBO-0462,-1.315129,36.829882,informal_iron_sheet,RP250,250,0.004,910000.0,0.04,ml_model,0.0019488359102979,0.5269666466015581,0.08717279409518014,0.2214554788373838,0.2214554788373838,0.8858219153495352,0.95,0.4786198619072909,435544.0743356347,4681.883390899676,61.2,medium,low,True
NBO-0119,-1.321806,36.758701,semi_permanent,RP250,250,0.004,3215000.0,0.004,proxy,0.0631742551922798,0.3532737803797209,0.10188290591151827,0.0631742551922798,0.0631742551922798,0.2526970207691192,0.9,0.13342402696609496,428958.2466959953,428958.2466959953,39.7,low,medium,True
NBO-0263,-1.240543,36.762234,semi_permanent,RP250,250,0.004,3240000.0,0.004,known_hotspot,0.0,0.4447416472379719,0.12316378161832016,0.062042808614037756,0.062042808614037756,0.24817123445615102,0.9,0.13103441179284775,424551.4942088267,0.0,39.5,low,medium,True
NBO-0517,-1.34537,36.948643,semi_permanent,RP250,250,0.004,3700000.0,0.004,proxy,0.0525328740477561,0.1435582132186327,0.11242157691860039,0.0525328740477561,0.0525328740477561,0.2101314961910244,0.9,0.11094942998886088,410512.89095878525,410512.89095878525,38.8,low,medium,True
NBO-0392,-1.199582,36.834712,informal_iron_sheet,RP250,250,0.004,730000.0,0.04,ml_model,0.0,0.6471327578818311,0.12327777264160317,0.271954773024631,0.271954773024631,1.087819092098524,0.95,0.5589803003925129,408055.61928653443,0.0,78.3,high,low,True
NBO-0018,-1.274224,36.862993,informal_iron_sheet,RP250,250,0.004,715000.0,0.04,ml_model,0.0046982602216303,0.6536639572790751,0.12739856543627157,0.2746994816304352,0.2746994816304352,1.098797926521741,0.95,0.5626033157521745,402261.37076280476,8868.435994349355,78.7,high,low,True
NBO-0573,-1.209108,36.843527,informal_iron_sheet,RP250,250,0.004,705000.0,0.04,ml_model,0.0461423248052597,0.607757113648056,0.17612737250848137,0.25540732698690416,0.25540732698690416,1.0216293079476166,0.95,0.5371376716227135,378682.05849401304,85880.09492754935,73.8,medium,low,True
NBO-0524,-1.285827,36.901408,informal_iron_sheet,RP250,250,0.004,655000.0,0.1,ml_model,0.0,0.6784664909864861,0.11294613296979601,0.28512264031415374,0.28512264031415374,1.140490561256615,0.95,0.5763618852146829,377517.0348156173,0.0,81.8,high,low,True
NBO-0197,-1.343618,36.947469,informal_iron_sheet,RP250,250,0.004,2575000.0,0.004,proxy,0.0544748902320861,0.22254085685713798,0.12598699208050107,0.0544748902320861,0.0544748902320861,0.2178995609283444,0.95,0.1438137102127073,370320.30379772134,370320.30379772134,40.0,low,medium,True
NBO-0451,-1.286896,36.782238,informal_iron_sheet,RP250,250,0.004,850000.0,0.04,proxy,0.1974048018455505,0.21724574565923557,0.10248054132809443,0.1974048018455505,0.1974048018455505,0.789619207382202,0.95,0.4353286433219909,370029.34682369226,370029.34682369226,49.8,low,medium,True
NBO-0434,-1.317629,36.800261,informal_iron_sheet,RP250,250,0.004,910000.0,0.04,proxy,0.1806525737047195,0.46573991267749176,0.1546621025173607,0.1806525737047195,0.1806525737047195,0.722610294818878,0.95,0.40517463266849507,368708.9157283305,368708.9157283305,45.0,low,medium,True
NBO-0235,-1.290382,36.928578,informal_iron_sheet,RP250,250,0.004,675000.0,0.04,ml_model,0.1120080575346946,0.6142666907313645,0.11608022803612972,0.25814294890777867,0.25814294890777867,1.0325717956311147,0.95,0.5407486925582679,365005.3674768308,185662.44256496418,74.3,medium,low,True
NBO-0150,-1.315498,36.888282,informal_iron_sheet,RP250,250,0.004,635000.0,0.1,ml_model,0.0480966456234455,0.6729927924058854,0.12417252473523656,0.2828223419024879,0.2828223419024879,1.1312893676099516,0.95,0.5733254913112841,364061.6869826654,80629.21672314403,81.0,high,low,True
NBO-0094,-1.271576,36.791682,informal_iron_sheet,RP250,250,0.004,695000.0,0.04,ml_model,0.1444067060947418,0.5578829556422151,0.13760614391056727,0.2344479254497782,0.2344479254497782,0.9377917017991128,0.95,0.5020062658096007,348894.3547376725,234396.30861282343,66.7,medium,low,True
NBO-0055,-1.338598,36.861152,informal_iron_sheet,RP250,250,0.004,695000.0,0.04,ml_model,0.1093970388174057,0.5552198745464051,0.1254464622816848,0.23332877701209478,0.23332877701209478,0.9333151080483791,0.95,0.4999917986217707,347494.30004213064,187679.40859794617,66.3,medium,low,True
NBO-0166,-1.273681,36.816244,informal_iron_sheet,RP250,250,0.004,630000.0,0.04,ml_model,0.0,0.6322840540579293,0.13155964879245166,0.2657146687663382,0.2657146687663382,1.0628586750653528,0.95,0.5507433627715664,346968.31854608684,0.0,77.0,high,low,True
NBO-0291,-1.309713,36.71976,permanent_masonry,RP250,250,0.004,25425000.0,0.004,proxy,0.0076628164388239,0.2156193552544424,0.07829409606660076,0.0076628164388239,0.0076628164388239,0.0306512657552956,0.85,0.013486556932330064,342895.7100044919,342895.7100044919,34.7,low,medium,True
NBO-0006,-1.297331,36.917333,informal_iron_sheet,RP250,250,0.004,625000.0,0.04,ml_model,0.1324349194765091,0.6200445198002321,0.13136275586042223,0.26057105685604903,0.26057105685604903,1.0422842274241961,0.95,0.5439537950499848,339971.12190624047,196421.9033718109,75.0,high,low,True
NBO-0464,-1.29875,36.943049,informal_iron_sheet,RP250,250,0.004,610000.0,0.04,ml_model,0.0811929255723953,0.6384705128932093,0.11123798945429282,0.2683145016257992,0.2683145016257992,1.0732580065031967,0.95,0.5541751421460549,338046.8367090935,130753.08734178539,77.8,high,low,True
NBO-0001,-1.219963,36.789855,informal_iron_sheet,RP250,250,0.004,625000.0,0.04,ml_model,0.0,0.6119282766904172,0.16590945537249976,0.257160240410955,0.257160240410955,1.02864096164382,0.95,0.5394515173424606,337157.19833903783,0.0,74.2,medium,low,True
NBO-0486,-1.309357,36.726474,informal_iron_sheet,RP250,250,0.004,945000.0,0.01,proxy,0.1514707058668136,0.18288635387955784,0.08459627556546806,0.1514707058668136,0.1514707058668136,0.6058828234672544,0.95,0.3508237552642821,331528.4487247466,331528.4487247466,44.2,low,medium,True
NBO-0294,-1.28955,36.779763,informal_iron_sheet,RP250,250,0.004,715000.0,0.04,proxy,0.2126947343349456,0.19232612272601066,0.10840315918746397,0.2126947343349456,0.2126947343349456,0.8507789373397824,0.95,0.4628505218029021,330938.123089075,330938.123089075,56.5,medium,medium,True
NBO-0229,-1.184356,36.908604,informal_iron_sheet,RP250,250,0.004,570000.0,0.04,ml_model,0.2379405349493026,0.6559134429200268,0.11444856902606322,0.2756448183476022,0.2756448183476022,1.1025792733904087,0.95,0.563851160218835,321395.1613247359,289726.9888579845,79.2,high,low,True
NBO-0232,-1.284456,36.786377,informal_iron_sheet,RP250,250,0.004,680000.0,0.04,proxy,0.2111669778823852,0.2225041142381822,0.12000528787137638,0.2111669778823852,0.2111669778823852,0.8446679115295408,0.95,0.4601005601882934,312868.3809280395,312868.3809280395,55.2,medium,medium,True
NBO-0431,-1.339077,36.900695,informal_iron_sheet,RP250,250,0.004,560000.0,0.04,proxy,0.2480089515447616,0.4507793127488741,0.1678279170499463,0.2480089515447616,0.2480089515447616,0.9920358061790464,0.95,0.5264161127805709,294793.0231571197,294793.0231571197,71.3,medium,medium,True
NBO-0437,-1.323597,36.803865,informal_iron_sheet,RP250,250,0.004,600000.0,0.04,ml_model,0.0,0.5291607743280812,0.12089943377866755,0.2223775516278368,0.2223775516278368,0.8895102065113472,0.95,0.48027959293010625,288167.75575806375,0.0,61.3,medium,low,True
NBO-0262,-1.313656,36.769023,informal_iron_sheet,RP250,250,0.004,495000.0,0.1,ml_model,0.0,0.6745313176105198,0.15992453573368037,0.2834689005378266,0.2834689005378266,1.1338756021513063,0.95,0.5741789487099311,284218.5796114159,0.0,81.3,high,low,True
NBO-0539,-1.312574,36.820574,informal_iron_sheet,RP250,250,0.004,490000.0,0.04,known_hotspot,0.0576923601329326,0.5687398459365968,0.13462308195820855,0.2478307596837513,0.2478307596837513,0.9913230387350052,0.95,0.5260953674307524,257786.73004106866,74630.8370679616,71.2,medium,high,True
NBO-0000,-1.314897,36.935883,semi_permanent,RP250,250,0.004,5170000.0,0.004,proxy,0.0232857968658208,0.18181914144990097,0.13915352873937112,0.0232857968658208,0.0232857968658208,0.0931431874632832,0.9,0.04917960298061353,254258.54740977194,254258.54740977194,36.3,low,medium,True
NBO-0361,-1.260813,36.895214,informal_iron_sheet,RP250,250,0.004,485000.0,0.04,ml_model,0.1997514367103576,0.5787423615977165,0.1504502409035648,0.24321400156470868,0.24321400156470868,0.9728560062588347,0.95,0.5177852028164757,251125.82336599068,213183.00424814218,70.2,medium,low,True
NBO-0382,-1.287241,36.888335,informal_iron_sheet,RP250,250,0.004,1785000.0,0.004,proxy,0.0494835041463375,0.38491428102093234,0.0883671467298374,0.0494835041463375,0.0494835041463375,0.19793401658535,0.95,0.130636450946331,233186.06493920085,233186.06493920085,39.3,low,medium,True
NBO-0522,-1.288577,36.715379,informal_iron_sheet,RP250,250,0.004,1080000.0,0.004,proxy,0.0773663446307182,0.11522146392583173,0.06320904517477625,0.0773663446307182,0.0773663446307182,0.3094653785228728,0.95,0.20424714982509606,220586.92181110376,220586.92181110376,41.5,low,medium,True
NBO-0543,-1.315547,36.926666,informal_iron_sheet,RP250,250,0.004,925000.0,0.01,proxy,0.086611233651638,0.2323372453272929,0.10572280203278143,0.086611233651638,0.086611233651638,0.346444934606552,0.95,0.22629356861114494,209321.55096530906,209321.55096530906,41.7,low,medium,True
NBO-0167,-1.194379,36.756692,informal_iron_sheet,RP250,250,0.004,1245000.0,0.004,proxy,0.0631651803851127,0.4029223920217416,0.13348905897229668,0.0631651803851127,0.0631651803851127,0.2526607215404508,0.95,0.1667560762166975,207611.3148897884,207611.3148897884,40.5,low,medium,True
NBO-0165,-1.315888,36.912665,informal_iron_sheet,RP250,250,0.004,1320000.0,0.004,proxy,0.0557259246706962,0.12186875446355144,0.08189222081001894,0.0557259246706962,0.0557259246706962,0.2229036986827848,0.95,0.147116441130638,194193.70229244215,194193.70229244215,40.3,low,medium,True
NBO-0106,-1.296068,36.800864,semi_permanent,RP250,250,0.004,3435000.0,0.004,proxy,0.0255433842539787,0.21329058272590232,0.0869102887299219,0.0255433842539787,0.0255433842539787,0.1021735370159148,0.9,0.053947627544403014,185310.10061502436,185310.10061502436,36.8,low,medium,True
NBO-0548,-1.316532,36.819529,informal_iron_sheet,RP250,250,0.004,945000.0,0.004,known_hotspot,0.0,0.4760761614772859,0.10009748246970054,0.06736317750801639,0.06736317750801639,0.26945271003206556,0.95,0.17783878862116326,168057.6552469993,0.0,40.7,low,medium,True
NBO-0077,-1.298235,36.947971,informal_iron_sheet,RP250,250,0.004,510000.0,0.01,proxy,0.1006443053483963,0.25085333303413715,0.12517883791586792,0.1006443053483963,0.1006443053483963,0.4025772213935852,0.95,0.2532370662689209,129150.90379714966,129150.90379714966,42.2,low,medium,True
NBO-0475,-1.321852,36.912497,informal_iron_sheet,RP250,250,0.004,580000.0,0.004,proxy,0.047514084726572,0.173842814624597,0.10310801636616684,0.047514084726572,0.047514084726572,0.190056338906288,0.95,0.12543718367815007,72753.56653332704,72753.56653332704,39.2,low,medium,True
NBO-0030,-1.281853,36.761267,informal_iron_sheet,RP250,250,0.004,755000.0,0.004,known_hotspot,0.0,0.27254447097286083,0.07818485403983684,0.03205382797798736,0.03205382797798736,0.12821531191194943,0.95,0.08462210586188662,63889.6899257244,0.0,38.2,low,medium,True
NBO-0032,-1.315429,36.938988,informal_iron_sheet,RP250,250,0.004,670000.0,0.004,proxy,0.035210084170103,0.1917471835398378,0.1264473942699909,0.035210084170103,0.035210084170103,0.140840336680412,0.95,0.09295462220907191,62279.596880078185,62279.596880078185,38.5,low,medium,True
NBO-0470,-1.317417,36.911355,semi_permanent,RP250,250,0.004,3905000.0,0.004,known_hotspot,0.0,0.09197398357332973,0.05767672610520227,0.0065404147422579145,0.0065404147422579145,0.026161658969031658,0.9,0.013813355935648716,53941.15492870824,0.0,34.8,low,medium,True
NBO-0366,-1.294328,36.79296,informal_iron_sheet,RP250,250,0.004,805000.0,0.004,proxy,0.0217334646731615,0.11814540484772969,0.0777920847524783,0.0217334646731615,0.0217334646731615,0.086933858692646,0.95,0.05737634673714635,46187.95912340281,46187.95912340281,37.0,low,medium,True
NBO-0583,-1.318733,36.827757,informal_iron_sheet,RP250,250,0.004,815000.0,0.004,known_hotspot,0.0,0.41010183511685916,0.1030921965703379,0.02041197009359884,0.02041197009359884,0.08164788037439535,0.95,0.053887601047100935,43918.39485338726,0.0,36.7,low,medium,True
NBO-0479,-1.319025,36.818722,informal_iron_sheet,RP250,250,0.004,790000.0,0.004,known_hotspot,0.0,0.3816184244697248,0.11466633467742036,0.018775858905014667,0.018775858905014667,0.07510343562005867,0.95,0.04956826750923872,39158.93133229859,0.0,36.5,low,medium,True
NBO-0497,-1.285034,36.742151,informal_iron_sheet,RP250,250,0.004,855000.0,0.004,known_hotspot,0.0,0.2899247241822438,0.09722128811769651,0.015584117670217765,0.015584117670217765,0.06233647068087106,0.95,0.0411420706493749,35176.470405215536,0.0,35.8,low,medium,True
NBO-0299,-1.298429,36.785526,semi_permanent,RP250,250,0.004,2280000.0,0.004,known_hotspot,0.0,0.14164180466676352,0.05147505839614439,0.00507722671968464,0.00507722671968464,0.02030890687873856,0.9,0.010723102831973958,24448.674456900626,0.0,34.2,low,medium,True
NBO-0447,-1.232566,36.780822,informal_iron_sheet,RP250,250,0.004,885000.0,0.004,known_hotspot,0.0,0.16793611047753876,0.06251505726694069,0.008684066167539741,0.008684066167539741,0.034736264670158966,0.95,0.022925934682304916,20289.45219383985,0.0,35.5,low,medium,True
NBO-0007,-1.29008,36.791035,informal_iron_sheet,RP250,250,0.004,660000.0,0.0,none,0.0,0.35967362787844587,0.10142248284144587,0.0,0.0,0.0,0.95,0.0,0.0,0.0,0.0,negligible,medium,True
NBO-0009,-1.337945,36.756131,permanent_masonry,RP250,250,0.004,42965000.0,0.0,none,0.0,0.004585902317345632,0.005777141276468233,0.0,0.0,0.0,0.85,0.0,0.0,0.0,0.0,negligible,medium,True
NBO-0013,-1.191036,36.707701,informal_iron_sheet,RP250,250,0.004,520000.0,0.0,none,0.0,5.0283658534140535e-05,0.00031461529509869344,0.0,0.0,0.0,0.95,0.0,0.0,0.0,0.0,negligible,medium,True
NBO-0015,-1.332391,36.843408,permanent_masonry,RP250,250,0.004,35180000.0,0.0,none,0.0,0.09594539696443412,0.05466151923658058,0.0,0.0,0.0,0.85,0.0,0.0,0.0,0.0,negligible,medium,True
NBO-0017,-1.224443,36.78867,semi_permanent,RP250,250,0.004,5185000.0,0.0,none,0.0,0.4524325582194302,0.1282952535716271,0.0,0.0,0.0,0.9,0.0,0.0,0.0,0.0,negligible,medium,True
NBO-0022,-1.30153,36.713801,permanent_masonry,RP250,250,0.004,48815000.0,0.0,none,0.0,0.3169372552235441,0.14085439481965328,0.0,0.0,0.0,0.85,0.0,0.0,0.0,0.0,negligible,medium,True
NBO-0025,-1.346206,36.904539,semi_permanent,RP250,250,0.004,3935000.0,0.0,none,0.0,0.490576147353565,0.10201066538119516,0.0,0.0,0.0,0.9,0.0,0.0,0.0,0.0,negligible,medium,True
NBO-0041,-1.347614,36.723077,concrete_rcc,RP250,250,0.004,263095000.0,0.0,none,0.0,0.0025454067751920478,0.004293682533524385,0.0,0.0,0.0,0.8,0.0,0.0,0.0,0.0,negligible,medium,True
NBO-0044,-1.266109,36.723283,semi_permanent,RP250,250,0.004,3690000.0,0.0,none,0.0,0.3984844184127737,0.12377941928816577,0.0,0.0,0.0,0.9,0.0,0.0,0.0,0.0,negligible,medium,True
NBO-0048,-1.255831,36.744796,permanent_masonry,RP250,250,0.004,43405000.0,0.0,none,0.0,0.0103431321892681,0.007635682392707464,0.0,0.0,0.0,0.85,0.0,0.0,0.0,0.0,negligible,medium,True
NBO-0054,-1.345737,36.708724,informal_iron_sheet,RP250,250,0.004,1860000.0,0.0,none,0.0,0.24099148354047226,0.09214568639853536,0.0,0.0,0.0,0.95,0.0,0.0,0.0,0.0,negligible,medium,True
NBO-0059,-1.242227,36.738945,permanent_masonry,RP250,250,0.004,31905000.0,0.0,none,0.0,0.035400316581336515,0.024173730134887727,0.0,0.0,0.0,0.85,0.0,0.0,0.0,0.0,negligible,medium,True
NBO-0061,-1.290067,36.706319,semi_permanent,RP250,250,0.004,5495000.0,0.0,none,0.0,0.2565585809112713,0.08912564019567883,0.0,0.0,0.0,0.9,0.0,0.0,0.0,0.0,negligible,medium,True
NBO-0062,-1.278869,36.715366,semi_permanent,RP250,250,0.004,6215000.0,0.0,none,0.0,0.49855263288562857,0.1436385104497038,0.0,0.0,0.0,0.9,0.0,0.0,0.0,0.0,negligible,medium,True
NBO-0063,-1.194166,36.733674,semi_permanent,RP250,250,0.004,2720000.0,0.0,none,0.0,0.008495456467683241,0.006937121015518223,0.0,0.0,0.0,0.9,0.0,0.0,0.0,0.0,negligible,medium,True
NBO-0068,-1.339728,36.77344,informal_iron_sheet,RP250,250,0.004,1240000.0,0.0,none,0.0,0.014201682609880808,0.009034632111365805,0.0,0.0,0.0,0.95,0.0,0.0,0.0,0.0,negligible,medium,True
NBO-0072,-1.203775,36.813551,concrete_rcc,RP250,250,0.004,1196260000.0,0.0,none,0.0,0.0173132863698468,0.009913806303497297,0.0,0.0,0.0,0.8,0.0,0.0,0.0,0.0,negligible,medium,True
NBO-0078,-1.297084,36.756761,permanent_masonry,RP250,250,0.004,71955000.0,0.0,none,0.0,0.4697302190238303,0.1383671398476014,0.0,0.0,0.0,0.85,0.0,0.0,0.0,0.0,negligible,medium,True
NBO-0083,-1.334989,36.72296,semi_permanent,RP250,250,0.004,3375000.0,0.0,none,0.0,0.0005018599749097458,0.0014286389621417043,0.0,0.0,0.0,0.9,0.0,0.0,0.0,0.0,negligible,medium,True
NBO-0085,-1.273428,36.851099,concrete_rcc,RP250,250,0.004,491280000.0,0.0,none,0.0,0.3522773218369387,0.12769587727207685,0.0,0.0,0.0,0.8,0.0,0.0,0.0,0.0,negligible,medium,True
NBO-0086,-1.232924,36.726327,informal_iron_sheet,RP250,250,0.004,1010000.0,0.0,none,0.0,0.0031434477913934184,0.005324723436082269,0.0,0.0,0.0,0.95,0.0,0.0,0.0,0.0,negligible,medium,True
NBO-0092,-1.333203,36.716242,semi_permanent,RP250,250,0.004,4880000.0,0.0,none,0.0,0.0015810350579657116,0.0034420101443953157,0.0,0.0,0.0,0.9,0.0,0.0,0.0,0.0,negligible,medium,True
NBO-0093,-1.299334,36.855565,informal_iron_sheet,RP250,250,0.004,1040000.0,0.0,none,0.0,0.3798144607683111,0.11685335955788033,0.0,0.0,0.0,0.95,0.0,0.0,0.0,0.0,negligible,medium,True
NBO-0096,-1.201989,36.740738,informal_iron_sheet,RP250,250,0.004,1010000.0,0.0,none,0.0,0.03584491169132114,0.01811857217914306,0.0,0.0,0.0,0.95,0.0,0.0,0.0,0.0,negligible,medium,True
NBO-0103,-1.306432,36.73854,semi_permanent,RP250,250,0.004,2925000.0,0.0,none,0.0,0.3121650312146827,0.12512646744492775,0.0,0.0,0.0,0.9,0.0,0.0,0.0,0.0,negligible,medium,True
NBO-0105,-1.23934,36.801209,permanent_masonry,RP250,250,0.004,43850000.0,0.0,none,0.0,0.06843059957986865,0.03518859396880359,0.0,0.0,0.0,0.85,0.0,0.0,0.0,0.0,negligible,medium,True
NBO-0107,-1.213736,36.721958,permanent_masonry,RP250,250,0.004,55225000.0,0.0,none,0.0,0.0007406019269593149,0.0015528481815348615,0.0,0.0,0.0,0.85,0.0,0.0,0.0,0.0,negligible,medium,True
NBO-0108,-1.295765,36.805226,semi_permanent,RP250,250,0.004,4520000.0,0.0,none,0.0,0.3112908491768503,0.1005339305757571,0.0,0.0,0.0,0.9,0.0,0.0,0.0,0.0,negligible,medium,True
NBO-0109,-1.207673,36.712984,informal_iron_sheet,RP250,250,0.004,1090000.0,0.0,none,0.0,0.00022599209496522568,0.0010401236136964075,0.0,0.0,0.0,0.95,0.0,0.0,0.0,0.0,negligible,medium,True
NBO-0111,-1.334044,36.793712,informal_iron_sheet,RP250,250,0.004,1090000.0,0.0,none,0.0,0.07322167344910052,0.03948665925300725,0.0,0.0,0.0,0.95,0.0,0.0,0.0,0.0,negligible,medium,True
NBO-0115,-1.340624,36.784613,semi_permanent,RP250,250,0.004,5820000.0,0.0,none,0.0,0.013482710689090332,0.012100662237530467,0.0,0.0,0.0,0.9,0.0,0.0,0.0,0.0,negligible,medium,True
NBO-0116,-1.335686,36.707985,informal_iron_sheet,RP250,250,0.004,970000.0,0.0,none,0.0,0.13225317808584813,0.06100983455369176,0.0,0.0,0.0,0.95,0.0,0.0,0.0,0.0,negligible,medium,True
NBO-0118,-1.228914,36.724864,semi_permanent,RP250,250,0.004,6680000.0,0.0,none,0.0,0.001275776044950714,0.0020891923829455643,0.0,0.0,0.0,0.9,0.0,0.0,0.0,0.0,negligible,medium,True
NBO-0124,-1.181446,36.767437,informal_iron_sheet,RP250,250,0.004,930000.0,0.0,none,0.0,0.3659644793000544,0.116879148057461,0.0,0.0,0.0,0.95,0.0,0.0,0.0,0.0,negligible,medium,True
NBO-0125,-1.183533,36.792047,informal_iron_sheet,RP250,250,0.004,900000.0,0.0,none,0.0,0.09965233876925406,0.0433316202785814,0.0,0.0,0.0,0.95,0.0,0.0,0.0,0.0,negligible,medium,True
NBO-0128,-1.321205,36.719321,informal_iron_sheet,RP250,250,0.004,910000.0,0.0,none,0.0,0.0056082231108103495,0.006464267554504395,0.0,0.0,0.0,0.95,0.0,0.0,0.0,0.0,negligible,medium,True
NBO-0134,-1.313321,36.705669,permanent_masonry,RP250,250,0.004,53635000.0,0.0,none,0.0,0.17310490334105394,0.07512182491884763,0.0,0.0,0.0,0.85,0.0,0.0,0.0,0.0,negligible,medium,True
NBO-0139,-1.33467,36.848323,permanent_masonry,RP250,250,0.004,67680000.0,0.0,none,0.0,0.298874780525084,0.10257596869950052,0.0,0.0,0.0,0.85,0.0,0.0,0.0,0.0,negligible,medium,True
NBO-0140,-1.324226,36.772249,permanent_masonry,RP250,250,0.004,49900000.0,0.0,none,0.0,0.4220355100846752,0.144427106562328,0.0,0.0,0.0,0.85,0.0,0.0,0.0,0.0,negligible,medium,True
NBO-0143,-1.227186,36.774168,informal_iron_sheet,RP250,250,0.004,1100000.0,0.0,none,0.0,0.05486072842800128,0.030677625853041526,0.0,0.0,0.0,0.95,0.0,0.0,0.0,0.0,negligible,medium,True
NBO-0148,-1.221177,36.725933,informal_iron_sheet,RP250,250,0.004,925000.0,0.0,none,0.0,0.0012179164291206798,0.002315837538437121,0.0,0.0,0.0,0.95,0.0,0.0,0.0,0.0,negligible,medium,True
NBO-0152,-1.184332,36.749384,informal_iron_sheet,RP250,250,0.004,1110000.0,0.0,none,0.0,0.06769860311807684,0.029326944734584498,0.0,0.0,0.0,0.95,0.0,0.0,0.0,0.0,negligible,medium,True
NBO-0153,-1.245369,36.735718,permanent_masonry,RP250,250,0.004,64995000.0,0.0,none,0.0,0.01967377381252584,0.01694105708214196,0.0,0.0,0.0,0.85,0.0,0.0,0.0,0.0,negligible,medium,True
NBO-0154,-1.324387,36.883553,permanent_masonry,RP250,250,0.004,40495000.0,0.0,none,0.0,0.14055168201168927,0.06845388830172706,0.0,0.0,0.0,0.85,0.0,0.0,0.0,0.0,negligible,medium,True
NBO-0157,-1.209491,36.725,permanent_masonry,RP250,250,0.004,36455000.0,0.0,none,0.0,0.0024004458362474656,0.0039672414619155655,0.0,0.0,0.0,0.85,0.0,0.0,0.0,0.0,negligible,medium,True
NBO-0162,-1.207852,36.738724,permanent_masonry,RP250,250,0.004,33235000.0,0.0,none,0.0,0.02199034432340677,0.012769741574912162,0.0,0.0,0.0,0.85,0.0,0.0,0.0,0.0,negligible,medium,True
NBO-0163,-1.342246,36.823872,informal_iron_sheet,RP250,250,0.004,900000.0,0.0,none,0.0,0.480609051232946,0.11519089636820308,0.0,0.0,0.0,0.95,0.0,0.0,0.0,0.0,negligible,medium,True
NBO-0170,-1.292702,36.875973,informal_iron_sheet,RP250,250,0.004,1245000.0,0.0,none,0.0,0.16502890780061485,0.07052291332936769,0.0,0.0,0.0,0.95,0.0,0.0,0.0,0.0,negligible,medium,True
NBO-0173,-1.230335,36.759392,permanent_masonry,RP250,250,0.004,53255000.0,0.0,none,0.0,0.0677255229652451,0.036716949605533455,0.0,0.0,0.0,0.85,0.0,0.0,0.0,0.0,negligible,medium,True
NBO-0175,-1.341161,36.791211,concrete_rcc,RP250,250,0.004,457070000.0,0.0,none,0.0,0.02867627594885297,0.013941420678822043,0.0,0.0,0.0,0.8,0.0,0.0,0.0,0.0,negligible,medium,True
NBO-0176,-1.212321,36.722038,informal_iron_sheet,RP250,250,0.004,1370000.0,0.0,none,0.0,0.0008555970267328925,0.0016483718125827,0.0,0.0,0.0,0.95,0.0,0.0,0.0,0.0,negligible,medium,True
NBO-0177,-1.182082,36.738428,permanent_masonry,RP250,250,0.004,102100000.0,0.0,none,0.0,0.0072427297668969486,0.004808858571331609,0.0,0.0,0.0,0.85,0.0,0.0,0.0,0.0,negligible,medium,True
NBO-0180,-1.333631,36.756666,semi_permanent,RP250,250,0.004,5520000.0,0.0,none,0.0,0.021053732443264424,0.0181794308961476,0.0,0.0,0.0,0.9,0.0,0.0,0.0,0.0,negligible,medium,True
NBO-0182,-1.319569,36.720591,informal_iron_sheet,RP250,250,0.004,1360000.0,0.0,none,0.0,0.01061667907409155,0.010529957509291065,0.0,0.0,0.0,0.95,0.0,0.0,0.0,0.0,negligible,medium,True
NBO-0184,-1.221434,36.878747,permanent_masonry,RP250,250,0.004,36975000.0,0.0,none,0.0,0.49444602744499133,0.08853499985791297,0.0,0.0,0.0,0.85,0.0,0.0,0.0,0.0,negligible,medium,True
NBO-0185,-1.28124,36.722067,semi_permanent,RP250,250,0.004,4485000.0,0.0,none,0.0,0.3643583542729904,0.12299037836908715,0.0,0.0,0.0,0.9,0.0,0.0,0.0,0.0,negligible,medium,True
NBO-0186,-1.311268,36.710595,concrete_rcc,RP250,250,0.004,993560000.0,0.0,none,0.0,0.2150178730701556,0.10226860762366476,0.0,0.0,0.0,0.8,0.0,0.0,0.0,0.0,negligible,medium,True
NBO-0187,-1.330025,36.762867,informal_iron_sheet,RP250,250,0.004,805000.0,0.0,none,0.0,0.1030311378664077,0.045908687641358914,0.0,0.0,0.0,0.95,0.0,0.0,0.0,0.0,negligible,medium,True
NBO-0188,-1.301215,36.744807,semi_permanent,RP250,250,0.004,3595000.0,0.0,none,0.0,0.15066547140164446,0.058171322041086757,0.0,0.0,0.0,0.9,0.0,0.0,0.0,0.0,negligible,medium,True
NBO-0190,-1.20887,36.81776,concrete_rcc,RP250,250,0.004,464040000.0,0.0,none,0.0,0.04990270928856754,0.025523811285984434,0.0,0.0,0.0,0.8,0.0,0.0,0.0,0.0,negligible,medium,True
NBO-0192,-1.329844,36.771296,semi_permanent,RP250,250,0.004,4215000.0,0.0,none,0.0,0.013378364051541976,0.012136900940015485,0.0,0.0,0.0,0.9,0.0,0.0,0.0,0.0,negligible,medium,True
NBO-0194,-1.264517,36.725531,concrete_rcc,RP250,250,0.004,395825000.0,0.0,none,0.0,0.33495746199760396,0.11271389347069087,0.0,0.0,0.0,0.8,0.0,0.0,0.0,0.0,negligible,medium,True
NBO-0202,-1.318579,36.742962,permanent_masonry,RP250,250,0.004,31350000.0,0.0,none,0.0,0.45584283717566537,0.15079867419304754,0.0,0.0,0.0,0.85,0.0,0.0,0.0,0.0,negligible,medium,True
NBO-0207,-1.319881,36.761287,permanent_masonry,RP250,250,0.004,32605000.0,0.0,none,0.0,0.47662014531309027,0.1549125614411903,0.0,0.0,0.0,0.85,0.0,0.0,0.0,0.0,negligible,medium,True
NBO-0214,-1.285278,36.707129,informal_iron_sheet,RP250,250,0.004,695000.0,0.0,none,0.0,0.4504846349966073,0.14474416902573414,0.0,0.0,0.0,0.95,0.0,0.0,0.0,0.0,negligible,medium,True
NBO-0215,-1.235394,36.793707,informal_iron_sheet,RP250,250,0.004,925000.0,0.0,none,0.0,0.0762338301618669,0.034798202562116375,0.0,0.0,0.0,0.95,0.0,0.0,0.0,0.0,negligible,medium,True
NBO-0219,-1.307356,36.740224,informal_iron_sheet,RP250,250,0.004,1245000.0,0.0,none,0.0,0.301174551808621,0.14454004016667543,0.0,0.0,0.0,0.95,0.0,0.0,0.0,0.0,negligible,medium,True
NBO-0225,-1.285168,36.767894,permanent_masonry,RP250,250,0.004,49225000.0,0.0,none,0.0,0.45738170567386016,0.14357408765990423,0.0,0.0,0.0,0.85,0.0,0.0,0.0,0.0,negligible,medium,True
NBO-0227,-1.26086,36.717133,permanent_masonry,RP250,250,0.004,68610000.0,0.0,none,0.0,0.1804022672412847,0.08017343395446418,0.0,0.0,0.0,0.85,0.0,0.0,0.0,0.0,negligible,medium,True
NBO-0230,-1.332177,36.762032,informal_iron_sheet,RP250,250,0.004,1055000.0,0.0,none,0.0,0.0709773930933144,0.03688879247432663,0.0,0.0,0.0,0.95,0.0,0.0,0.0,0.0,negligible,medium,True
NBO-0231,-1.33616,36.789645,concrete_rcc,RP250,250,0.004,1455240000.0,0.0,none,0.0,0.015428666639303864,0.009082194855735996,0.0,0.0,0.0,0.8,0.0,0.0,0.0,0.0,negligible,medium,True
NBO-0234,-1.226429,36.738966,semi_permanent,RP250,250,0.004,7695000.0,0.0,none,0.0,0.010387317327482812,0.010112877086188155,0.0,0.0,0.0,0.9,0.0,0.0,0.0,0.0,negligible,medium,True
NBO-0236,-1.187621,36.72315,semi_permanent,RP250,250,0.004,9120000.0,0.0,none,0.0,0.0008578802541732187,0.0014984996505824856,0.0,0.0,0.0,0.9,0.0,0.0,0.0,0.0,negligible,medium,True
NBO-0237,-1.199153,36.70927,concrete_rcc,RP250,250,0.004,697740000.0,0.0,none,0.0,5.0776675592966177e-05,0.00027589544901381345,0.0,0.0,0.0,0.8,0.0,0.0,0.0,0.0,negligible,medium,True
NBO-0239,-1.188579,36.716339,permanent_masonry,RP250,250,0.004,37440000.0,0.0,none,0.0,0.00027306329644746747,0.0008364756625144935,0.0,0.0,0.0,0.85,0.0,0.0,0.0,0.0,negligible,medium,True
NBO-0248,-1.303397,36.719771,permanent_masonry,RP250,250,0.004,67115000.0,0.0,none,0.0,0.21042446092216618,0.07508592648937867,0.0,0.0,0.0,0.85,0.0,0.0,0.0,0.0,negligible,medium,True
NBO-0251,-1.310908,36.74482,semi_permanent,RP250,250,0.004,3695000.0,0.0,none,0.0,0.40447102112807026,0.1198555549729505,0.0,0.0,0.0,0.9,0.0,0.0,0.0,0.0,negligible,medium,True
NBO-0253,-1.197507,36.82492,semi_permanent,RP250,250,0.004,5710000.0,0.0,none,0.0,0.25426395010958236,0.09254737784857112,0.0,0.0,0.0,0.9,0.0,0.0,0.0,0.0,negligible,medium,True
NBO-0254,-1.225363,36.713396,informal_iron_sheet,RP250,250,0.004,1930000.0,0.0,none,0.0,0.00016058025613904914,0.0005109026620798728,0.0,0.0,0.0,0.95,0.0,0.0,0.0,0.0,negligible,medium,True
NBO-0256,-1.32265,36.834249,semi_permanent,RP250,250,0.004,3650000.0,0.0,none,0.0,0.4335756627058733,0.08522006274194528,0.0,0.0,0.0,0.9,0.0,0.0,0.0,0.0,negligible,medium,True
NBO-0260,-1.328899,36.747618,semi_permanent,RP250,250,0.004,10010000.0,0.0,none,0.0,0.2491301410371159,0.09063634981672344,0.0,0.0,0.0,0.9,0.0,0.0,0.0,0.0,negligible,medium,True
NBO-0264,-1.194188,36.709318,concrete_rcc,RP250,250,0.004,850565000.0,0.0,none,0.0,7.80923621236049e-05,0.00042889813445541993,0.0,0.0,0.0,0.8,0.0,0.0,0.0,0.0,negligible,medium,True
NBO-0269,-1.230379,36.705483,semi_permanent,RP250,250,0.004,3310000.0,0.0,none,0.0,0.00010870786741375232,0.00045352339753067694,0.0,0.0,0.0,0.9,0.0,0.0,0.0,0.0,negligible,medium,True
NBO-0270,-1.22036,36.726497,permanent_masonry,RP250,250,0.004,106590000.0,0.0,none,0.0,0.0016421689926224689,0.003035039910609108,0.0,0.0,0.0,0.85,0.0,0.0,0.0,0.0,negligible,medium,True
NBO-0271,-1.238975,36.704695,semi_permanent,RP250,250,0.004,3125000.0,0.0,none,0.0,0.00021471587650150035,0.001179809967496735,0.0,0.0,0.0,0.9,0.0,0.0,0.0,0.0,negligible,medium,True
NBO-0272,-1.268976,36.707647,permanent_masonry,RP250,250,0.004,84745000.0,0.0,none,0.0,0.4707893373873312,0.14738214441419528,0.0,0.0,0.0,0.85,0.0,0.0,0.0,0.0,negligible,medium,True
NBO-0273,-1.224272,36.70066,semi_permanent,RP250,250,0.004,3775000.0,0.0,none,0.0,0.00011327947904536049,0.00038594374363430976,0.0,0.0,0.0,0.9,0.0,0.0,0.0,0.0,negligible,medium,True
NBO-0276,-1.341675,36.788527,informal_iron_sheet,RP250,250,0.004,2025000.0,0.0,none,0.0,0.020212347492843095,0.01197255736834949,0.0,0.0,0.0,0.95,0.0,0.0,0.0,0.0,negligible,medium,True
NBO-0281,-1.187574,36.830611,permanent_masonry,RP250,250,0.004,24840000.0,0.0,none,0.0,0.4772815425542254,0.11908375073010831,0.0,0.0,0.0,0.85,0.0,0.0,0.0,0.0,negligible,medium,True
NBO-0282,-1.338431,36.714023,permanent_masonry,RP250,250,0.004,46565000.0,0.0,none,0.0,0.006766070228547596,0.008487178101008503,0.0,0.0,0.0,0.85,0.0,0.0,0.0,0.0,negligible,medium,True
NBO-0283,-1.295195,36.729934,informal_iron_sheet,RP250,250,0.004,850000.0,0.0,none,0.0,0.08981159828164322,0.04428903257379217,0.0,0.0,0.0,0.95,0.0,0.0,0.0,0.0,negligible,medium,True
NBO-0285,-1.308304,36.733992,semi_permanent,RP250,250,0.004,3770000.0,0.0,none,0.0,0.44114557116505754,0.13246398456994718,0.0,0.0,0.0,0.9,0.0,0.0,0.0,0.0,negligible,medium,True
NBO-0287,-1.305027,36.717376,informal_iron_sheet,RP250,250,0.004,700000.0,0.0,none,0.0,0.3870183120691367,0.10811995088634213,0.0,0.0,0.0,0.95,0.0,0.0,0.0,0.0,negligible,medium,True
NBO-0289,-1.185153,36.790811,semi_permanent,RP250,250,0.004,3625000.0,0.0,none,0.0,0.09342398361695198,0.03812956783540545,0.0,0.0,0.0,0.9,0.0,0.0,0.0,0.0,negligible,medium,True
NBO-0295,-1.33716,36.794091,permanent_masonry,RP250,250,0.004,62920000.0,0.0,none,0.0,0.0719400735146425,0.03497459307860244,0.0,0.0,0.0,0.85,0.0,0.0,0.0,0.0,negligible,medium,True
NBO-0297,-1.213308,36.732977,semi_permanent,RP250,250,0.004,4370000.0,0.0,none,0.0,0.007666855868836697,0.0074434719862643715,0.0,0.0,0.0,0.9,0.0,0.0,0.0,0.0,negligible,medium,True
NBO-0303,-1.326648,36.769993,concrete_rcc,RP250,250,0.004,305250000.0,0.0,none,0.0,0.22154995096778105,0.09753771948495372,0.0,0.0,0.0,0.8,0.0,0.0,0.0,0.0,negligible,medium,True
NBO-0309,-1.230274,36.759232,semi_permanent,RP250,250,0.004,6120000.0,0.0,none,0.0,0.06601281312567112,0.03672925279034786,0.0,0.0,0.0,0.9,0.0,0.0,0.0,0.0,negligible,medium,True
NBO-0310,-1.193935,36.823109,permanent_masonry,RP250,250,0.004,37675000.0,0.0,none,0.0,0.26666942576507735,0.09593060307668429,0.0,0.0,0.0,0.85,0.0,0.0,0.0,0.0,negligible,medium,True
NBO-0313,-1.204866,36.703881,permanent_masonry,RP250,250,0.004,49505000.0,0.0,none,0.0,3.247220421114138e-05,0.0002893830537231651,0.0,0.0,0.0,0.85,0.0,0.0,0.0,0.0,negligible,medium,True
NBO-0314,-1.182174,36.721902,permanent_masonry,RP250,250,0.004,114670000.0,0.0,none,0.0,0.0007521009422793809,0.0017626179622125954,0.0,0.0,0.0,0.85,0.0,0.0,0.0,0.0,negligible,medium,True
NBO-0315,-1.181293,36.796118,semi_permanent,RP250,250,0.004,3770000.0,0.0,none,0.0,0.04058719510998407,0.01790148067377903,0.0,0.0,0.0,0.9,0.0,0.0,0.0,0.0,negligible,medium,True
NBO-0317,-1.245344,36.806905,informal_iron_sheet,RP250,250,0.004,2150000.0,0.0,none,0.0,0.19798764541028555,0.07978070648038373,0.0,0.0,0.0,0.95,0.0,0.0,0.0,0.0,negligible,medium,True
NBO-0318,-1.332425,36.855886,informal_iron_sheet,RP250,250,0.004,1335000.0,0.0,none,0.0,0.34915150684232826,0.09790030265497719,0.0,0.0,0.0,0.95,0.0,0.0,0.0,0.0,negligible,medium,True
NBO-0320,-1.348242,36.720226,semi_permanent,RP250,250,0.004,4105000.0,0.0,none,0.0,0.005331665589691122,0.006874267845502807,0.0,0.0,0.0,0.9,0.0,0.0,0.0,0.0,negligible,medium,True
NBO-0321,-1.214463,36.819394,semi_permanent,RP250,250,0.004,3110000.0,0.0,none,0.0,0.452163794504986,0.13910278620116046,0.0,0.0,0.0,0.9,0.0,0.0,0.0,0.0,negligible,medium,True
NBO-0328,-1.341179,36.819429,semi_permanent,RP250,250,0.004,5435000.0,0.0,none,0.0,0.44379228322016095,0.11270571751012913,0.0,0.0,0.0,0.9,0.0,0.0,0.0,0.0,negligible,medium,True
NBO-0331,-1.299253,36.714793,semi_permanent,RP250,250,0.004,3410000.0,0.0,none,0.0,0.23436208079432003,0.08396105554824591,0.0,0.0,0.0,0.9,0.0,0.0,0.0,0.0,negligible,medium,True
NBO-0337,-1.182634,36.829649,semi_permanent,RP250,250,0.004,7645000.0,0.0,none,0.0,0.1804706296180766,0.08201049095854394,0.0,0.0,0.0,0.9,0.0,0.0,0.0,0.0,negligible,medium,True
NBO-0351,-1.241881,36.815722,informal_iron_sheet,RP250,250,0.004,1350000.0,0.0,none,0.0,0.49721165796228145,0.10732852366883018,0.0,0.0,0.0,0.95,0.0,0.0,0.0,0.0,negligible,medium,True
NBO-0353,-1.331766,36.81104,concrete_rcc,RP250,250,0.004,393455000.0,0.0,none,0.0,0.4037851359489272,0.11507122507883584,0.0,0.0,0.0,0.8,0.0,0.0,0.0,0.0,negligible,medium,True
NBO-0355,-1.347451,36.709257,informal_iron_sheet,RP250,250,0.004,1065000.0,0.0,none,0.0,0.19130836288621064,0.07941089832177431,0.0,0.0,0.0,0.95,0.0,0.0,0.0,0.0,negligible,medium,True
NBO-0357,-1.347865,36.718488,permanent_masonry,RP250,250,0.004,48595000.0,0.0,none,0.0,0.006516281752070474,0.008030585810075472,0.0,0.0,0.0,0.85,0.0,0.0,0.0,0.0,negligible,medium,True
NBO-0369,-1.304822,36.734471,semi_permanent,RP250,250,0.004,5615000.0,0.0,none,0.0,0.28221531386312687,0.10449505226346954,0.0,0.0,0.0,0.9,0.0,0.0,0.0,0.0,negligible,medium,True
NBO-0373,-1.333748,36.718557,permanent_masonry,RP250,250,0.004,104225000.0,0.0,none,0.0,0.0009103183899530682,0.0025224037723611675,0.0,0.0,0.0,0.85,0.0,0.0,0.0,0.0,negligible,medium,True
NBO-0374,-1.306874,36.704134,informal_iron_sheet,RP250,250,0.004,1175000.0,0.0,none,0.0,0.44282443307108443,0.14471324309348108,0.0,0.0,0.0,0.95,0.0,0.0,0.0,0.0,negligible,medium,True
NBO-0381,-1.305364,36.729212,permanent_masonry,RP250,250,0.004,49750000.0,0.0,none,0.0,0.4596865633889593,0.12065397056419913,0.0,0.0,0.0,0.85,0.0,0.0,0.0,0.0,negligible,medium,True
NBO-0383,-1.306754,36.710739,concrete_rcc,RP250,250,0.004,941095000.0,0.0,none,0.0,0.38218768572768785,0.1300415853128758,0.0,0.0,0.0,0.8,0.0,0.0,0.0,0.0,negligible,medium,True
NBO-0385,-1.20217,36.825202,informal_iron_sheet,RP250,250,0.004,590000.0,0.0,none,0.0,0.09065018131454915,0.03975208295586523,0.0,0.0,0.0,0.95,0.0,0.0,0.0,0.0,negligible,medium,True
NBO-0387,-1.229012,36.757269,semi_permanent,RP250,250,0.004,2525000.0,0.0,none,0.0,0.060417472151971276,0.03557291853558759,0.0,0.0,0.0,0.9,0.0,0.0,0.0,0.0,negligible,medium,True
NBO-0393,-1.333316,36.714996,semi_permanent,RP250,250,0.004,3390000.0,0.0,none,0.0,0.002400409360212549,0.004364652548387999,0.0,0.0,0.0,0.9,0.0,0.0,0.0,0.0,negligible,medium,True
NBO-0394,-1.223109,36.877667,informal_iron_sheet,RP250,250,0.004,1385000.0,0.0,none,0.0,0.3765775058558609,0.08752637402671211,0.0,0.0,0.0,0.95,0.0,0.0,0.0,0.0,negligible,medium,True
NBO-0397,-1.334262,36.797507,concrete_rcc,RP250,250,0.004,950380000.0,0.0,none,0.0,0.26094290322257446,0.09548328900335051,0.0,0.0,0.0,0.8,0.0,0.0,0.0,0.0,negligible,medium,True
NBO-0400,-1.183815,36.732616,permanent_masonry,RP250,250,0.004,59920000.0,0.0,none,0.0,0.0024969058580201764,0.002425855683922287,0.0,0.0,0.0,0.85,0.0,0.0,0.0,0.0,negligible,medium,True
NBO-0401,-1.225953,36.743443,informal_iron_sheet,RP250,250,0.004,885000.0,0.0,none,0.0,0.01773107185580475,0.015717877162236837,0.0,0.0,0.0,0.95,0.0,0.0,0.0,0.0,negligible,medium,True
NBO-0405,-1.182548,36.704197,permanent_masonry,RP250,250,0.004,86580000.0,0.0,none,0.0,6.826736196339851e-06,8.14116929982666e-05,0.0,0.0,0.0,0.85,0.0,0.0,0.0,0.0,negligible,medium,True
NBO-0407,-1.253995,36.750024,semi_permanent,RP250,250,0.004,3505000.0,0.0,none,0.0,0.08963986212373644,0.03736266865930244,0.0,0.0,0.0,0.9,0.0,0.0,0.0,0.0,negligible,medium,True
NBO-0408,-1.334527,36.762454,semi_permanent,RP250,250,0.004,3650000.0,0.0,none,0.0,0.00785951300010887,0.00856124322062354,0.0,0.0,0.0,0.9,0.0,0.0,0.0,0.0,negligible,medium,True
NBO-0410,-1.247716,36.748189,permanent_masonry,RP250,250,0.004,67745000.0,0.0,none,0.0,0.32915302711850597,0.09392763081549495,0.0,0.0,0.0,0.85,0.0,0.0,0.0,0.0,negligible,medium,True
NBO-0412,-1.323981,36.709497,permanent_masonry,RP250,250,0.004,64635000.0,0.0,none,0.0,0.0019774856628977638,0.004028577590006373,0.0,0.0,0.0,0.85,0.0,0.0,0.0,0.0,negligible,medium,True
NBO-0413,-1.29912,36.707958,semi_permanent,RP250,250,0.004,6125000.0,0.0,none,0.0,0.185766552266066,0.10572024776101183,0.0,0.0,0.0,0.9,0.0,0.0,0.0,0.0,negligible,medium,True
NBO-0414,-1.222829,36.772325,concrete_rcc,RP250,250,0.004,268000000.0,0.0,none,0.0,0.09209417991261988,0.03826426377058693,0.0,0.0,0.0,0.8,0.0,0.0,0.0,0.0,negligible,medium,True
NBO-0415,-1.182905,36.723088,informal_iron_sheet,RP250,250,0.004,635000.0,0.0,none,0.0,0.0010528354147961718,0.002220302840663129,0.0,0.0,0.0,0.95,0.0,0.0,0.0,0.0,negligible,medium,True
NBO-0419,-1.322424,36.883627,concrete_rcc,RP250,250,0.004,452325000.0,0.0,none,0.0,0.2913591693836706,0.09620313705639028,0.0,0.0,0.0,0.8,0.0,0.0,0.0,0.0,negligible,medium,True
NBO-0420,-1.339096,36.702452,informal_iron_sheet,RP250,250,0.004,1360000.0,0.0,none,0.0,0.47251555285724534,0.15390682488649135,0.0,0.0,0.0,0.95,0.0,0.0,0.0,0.0,negligible,medium,True
NBO-0425,-1.348616,36.782807,permanent_masonry,RP250,250,0.004,81015000.0,0.0,none,0.0,0.02711732838004344,0.021095772792744796,0.0,0.0,0.0,0.85,0.0,0.0,0.0,0.0,negligible,medium,True
NBO-0430,-1.323625,36.725838,permanent_masonry,RP250,250,0.004,45600000.0,0.0,none,0.0,0.00687682475154261,0.006564341243702674,0.0,0.0,0.0,0.85,0.0,0.0,0.0,0.0,negligible,medium,True
NBO-0432,-1.211213,36.717387,permanent_masonry,RP250,250,0.004,45590000.0,0.0,none,0.0,0.0003912804727969433,0.0010798824923572944,0.0,0.0,0.0,0.85,0.0,0.0,0.0,0.0,negligible,medium,True
NBO-0435,-1.314949,36.71617,semi_permanent,RP250,250,0.004,5220000.0,0.0,none,0.0,0.1561645107104151,0.058931620684205765,0.0,0.0,0.0,0.9,0.0,0.0,0.0,0.0,negligible,medium,True
NBO-0438,-1.276598,36.716169,semi_permanent,RP250,250,0.004,6225000.0,0.0,none,0.0,0.49995784407157234,0.14192103070850365,0.0,0.0,0.0,0.9,0.0,0.0,0.0,0.0,negligible,medium,True
NBO-0440,-1.18851,36.783672,semi_permanent,RP250,250,0.004,3105000.0,0.0,none,0.0,0.31433670269560976,0.09360279709468376,0.0,0.0,0.0,0.9,0.0,0.0,0.0,0.0,negligible,medium,True
NBO-0441,-1.185484,36.849843,informal_iron_sheet,RP250,250,0.004,740000.0,0.0,none,0.0,0.3603813770097094,0.0930983081465567,0.0,0.0,0.0,0.95,0.0,0.0,0.0,0.0,negligible,medium,True
NBO-0442,-1.33239,36.866631,informal_iron_sheet,RP250,250,0.004,1470000.0,0.0,none,0.0,0.2617699930280528,0.09827184815694379,0.0,0.0,0.0,0.95,0.0,0.0,0.0,0.0,negligible,medium,True
NBO-0448,-1.294373,36.783096,semi_permanent,RP250,250,0.004,3375000.0,0.0,none,0.0,0.2840686369992242,0.11004668563927993,0.0,0.0,0.0,0.9,0.0,0.0,0.0,0.0,negligible,medium,True
NBO-0455,-1.33227,36.874249,concrete_rcc,RP250,250,0.004,381775000.0,0.0,none,0.0,0.17203177140628823,0.07777130104609184,0.0,0.0,0.0,0.8,0.0,0.0,0.0,0.0,negligible,medium,True
NBO-0460,-1.33452,36.837781,semi_permanent,RP250,250,0.004,3150000.0,0.0,none,0.0,0.04713733382085628,0.02826658081863774,0.0,0.0,0.0,0.9,0.0,0.0,0.0,0.0,negligible,medium,True
NBO-0461,-1.332897,36.781192,informal_iron_sheet,RP250,250,0.004,1080000.0,0.0,none,0.0,0.016155953243916624,0.009774115349071294,0.0,0.0,0.0,0.95,0.0,0.0,0.0,0.0,negligible,medium,True
NBO-0467,-1.198678,36.731266,concrete_rcc,RP250,250,0.004,1592010000.0,0.0,none,0.0,0.0036440862585974503,0.003289560089250885,0.0,0.0,0.0,0.8,0.0,0.0,0.0,0.0,negligible,medium,True
NBO-0469,-1.32826,36.885924,semi_permanent,RP250,250,0.004,8010000.0,0.0,none,0.0,0.0825229583562562,0.041678598893262774,0.0,0.0,0.0,0.9,0.0,0.0,0.0,0.0,negligible,medium,True
NBO-0472,-1.280935,36.89564,semi_permanent,RP250,250,0.004,5280000.0,0.0,none,0.0,0.2937539214363988,0.1208956011740409,0.0,0.0,0.0,0.9,0.0,0.0,0.0,0.0,negligible,medium,True
NBO-0476,-1.239714,36.739798,informal_iron_sheet,RP250,250,0.004,560000.0,0.0,none,0.0,0.04381949475963709,0.023900545489274026,0.0,0.0,0.0,0.95,0.0,0.0,0.0,0.0,negligible,medium,True
NBO-0480,-1.313874,36.93348,semi_permanent,RP250,250,0.004,5855000.0,0.0,none,0.0,0.33226482859065265,0.14854130545843888,0.0,0.0,0.0,0.9,0.0,0.0,0.0,0.0,negligible,medium,True
NBO-0482,-1.211464,36.717203,permanent_masonry,RP250,250,0.004,35925000.0,0.0,none,0.0,0.000346216853920827,0.000978518542602373,0.0,0.0,0.0,0.85,0.0,0.0,0.0,0.0,negligible,medium,True
NBO-0485,-1.233919,36.806192,informal_iron_sheet,RP250,250,0.004,715000.0,0.0,none,0.0,0.48594246832523885,0.1300361366009943,0.0,0.0,0.0,0.95,0.0,0.0,0.0,0.0,negligible,medium,True
NBO-0488,-1.289708,36.796945,semi_permanent,RP250,250,0.004,5085000.0,0.0,none,0.0,0.3201353959957779,0.09557812052662246,0.0,0.0,0.0,0.9,0.0,0.0,0.0,0.0,negligible,medium,True
NBO-0489,-1.244082,36.757179,permanent_masonry,RP250,250,0.004,33945000.0,0.0,none,0.0,0.4580309952088512,0.1602298200036618,0.0,0.0,0.0,0.85,0.0,0.0,0.0,0.0,negligible,medium,True
NBO-0490,-1.317731,36.92187,permanent_masonry,RP250,250,0.004,72865000.0,0.0,none,0.0,0.1733407314910968,0.14084428801868304,0.0,0.0,0.0,0.85,0.0,0.0,0.0,0.0,negligible,medium,True
NBO-0493,-1.28459,36.726722,concrete_rcc,RP250,250,0.004,935855000.0,0.0,none,0.0,0.40991037722472595,0.10098446916669865,0.0,0.0,0.0,0.8,0.0,0.0,0.0,0.0,negligible,medium,True
NBO-0495,-1.328919,36.874954,semi_permanent,RP250,250,0.004,6580000.0,0.0,none,0.0,0.05128822997995146,0.0330827692409406,0.0,0.0,0.0,0.9,0.0,0.0,0.0,0.0,negligible,medium,True
NBO-0496,-1.212958,36.816976,informal_iron_sheet,RP250,250,0.004,1650000.0,0.0,none,0.0,0.45098902778789496,0.14552651314919637,0.0,0.0,0.0,0.95,0.0,0.0,0.0,0.0,negligible,medium,True
NBO-0498,-1.185994,36.786739,informal_iron_sheet,RP250,250,0.004,935000.0,0.0,none,0.0,0.2358654013360375,0.07834844967807038,0.0,0.0,0.0,0.95,0.0,0.0,0.0,0.0,negligible,medium,True
NBO-0500,-1.25312,36.710253,informal_iron_sheet,RP250,250,0.004,1275000.0,0.0,none,0.0,0.007734550592205869,0.007958927487002653,0.0,0.0,0.0,0.95,0.0,0.0,0.0,0.0,negligible,medium,True
NBO-0501,-1.295026,36.712918,concrete_rcc,RP250,250,0.004,476605000.0,0.0,none,0.0,0.20636175397254644,0.06437929279578938,0.0,0.0,0.0,0.8,0.0,0.0,0.0,0.0,negligible,medium,True
NBO-0504,-1.305311,36.854259,concrete_rcc,RP250,250,0.004,871025000.0,0.0,none,0.0,0.4537528775002508,0.13037196375680554,0.0,0.0,0.0,0.8,0.0,0.0,0.0,0.0,negligible,medium,True
NBO-0506,-1.182312,36.828437,informal_iron_sheet,RP250,250,0.004,720000.0,0.0,none,0.0,0.1710540187470108,0.07264844269334031,0.0,0.0,0.0,0.95,0.0,0.0,0.0,0.0,negligible,medium,True
NBO-0510,-1.336823,36.70879,informal_iron_sheet,RP250,250,0.004,890000.0,0.0,none,0.0,0.11963970621885936,0.058543700699426944,0.0,0.0,0.0,0.95,0.0,0.0,0.0,0.0,negligible,medium,True
NBO-0511,-1.184776,36.797872,informal_iron_sheet,RP250,250,0.004,720000.0,0.0,none,0.0,0.02542866195738499,0.013713099651399854,0.0,0.0,0.0,0.95,0.0,0.0,0.0,0.0,negligible,medium,True
NBO-0512,-1.188377,36.790529,informal_iron_sheet,RP250,250,0.004,1020000.0,0.0,none,0.0,0.05852479114287201,0.026316423624892057,0.0,0.0,0.0,0.95,0.0,0.0,0.0,0.0,negligible,medium,True
NBO-0513,-1.290784,36.727271,concrete_rcc,RP250,250,0.004,451570000.0,0.0,none,0.0,0.07161174096450423,0.039991797711333085,0.0,0.0,0.0,0.8,0.0,0.0,0.0,0.0,negligible,medium,True
NBO-0515,-1.325057,36.886173,informal_iron_sheet,RP250,250,0.004,625000.0,0.0,none,0.0,0.07813494524833625,0.05540596858361857,0.0,0.0,0.0,0.95,0.0,0.0,0.0,0.0,negligible,medium,True
NBO-0516,-1.249747,36.737112,permanent_masonry,RP250,250,0.004,43265000.0,0.0,none,0.0,0.01724475739839995,0.011930461416292483,0.0,0.0,0.0,0.85,0.0,0.0,0.0,0.0,negligible,medium,True
NBO-0518,-1.207065,36.750001,permanent_masonry,RP250,250,0.004,58300000.0,0.0,none,0.0,0.44821262503921566,0.12867972986923906,0.0,0.0,0.0,0.85,0.0,0.0,0.0,0.0,negligible,medium,True
NBO-0520,-1.193567,36.704825,informal_iron_sheet,RP250,250,0.004,610000.0,0.0,none,0.0,1.9398523979845498e-05,0.00016653992538929658,0.0,0.0,0.0,0.95,0.0,0.0,0.0,0.0,negligible,medium,True
NBO-0523,-1.345307,36.773551,informal_iron_sheet,RP250,250,0.004,1165000.0,0.0,none,0.0,0.0524034060212618,0.022606434722806608,0.0,0.0,0.0,0.95,0.0,0.0,0.0,0.0,negligible,medium,True
NBO-0527,-1.210956,36.822111,informal_iron_sheet,RP250,250,0.004,1120000.0,0.0,none,0.0,0.06828860650720799,0.03444503144920202,0.0,0.0,0.0,0.95,0.0,0.0,0.0,0.0,negligible,medium,True
NBO-0528,-1.183892,36.727219,informal_iron_sheet,RP250,250,0.004,1655000.0,0.0,none,0.0,0.0014994242919184769,0.0020876309287457522,0.0,0.0,0.0,0.95,0.0,0.0,0.0,0.0,negligible,medium,True
NBO-0534,-1.214277,36.717458,concrete_rcc,RP250,250,0.004,1036940000.0,0.0,none,0.0,0.00044830210294492524,0.0014431472373654288,0.0,0.0,0.0,0.8,0.0,0.0,0.0,0.0,negligible,medium,True
NBO-0535,-1.295993,36.743629,semi_permanent,RP250,250,0.004,2675000.0,0.0,none,0.0,0.24815099181780761,0.08230778079450304,0.0,0.0,0.0,0.9,0.0,0.0,0.0,0.0,negligible,medium,True
NBO-0540,-1.324529,36.76911,semi_permanent,RP250,250,0.004,7295000.0,0.0,none,0.0,0.4617222634624869,0.15121657969857025,0.0,0.0,0.0,0.9,0.0,0.0,0.0,0.0,negligible,medium,True
NBO-0541,-1.212603,36.730007,informal_iron_sheet,RP250,250,0.004,980000.0,0.0,none,0.0,0.0049060994099602295,0.007270188485305133,0.0,0.0,0.0,0.95,0.0,0.0,0.0,0.0,negligible,medium,True
NBO-0545,-1.242225,36.740313,permanent_masonry,RP250,250,0.004,39810000.0,0.0,none,0.0,0.04769195726943263,0.026496284098176396,0.0,0.0,0.0,0.85,0.0,0.0,0.0,0.0,negligible,medium,True
NBO-0546,-1.330179,36.854297,informal_iron_sheet,RP250,250,0.004,925000.0,0.0,none,0.0,0.18119497488295813,0.09116177738506648,0.0,0.0,0.0,0.95,0.0,0.0,0.0,0.0,negligible,medium,True
NBO-0549,-1.237462,36.709771,semi_permanent,RP250,250,0.004,5080000.0,0.0,none,0.0,0.00027368274222887865,0.0007975795994094569,0.0,0.0,0.0,0.9,0.0,0.0,0.0,0.0,negligible,medium,True
NBO-0552,-1.250584,36.731432,informal_iron_sheet,RP250,250,0.004,1455000.0,0.0,none,0.0,0.020770768919983435,0.0125845479247679,0.0,0.0,0.0,0.95,0.0,0.0,0.0,0.0,negligible,medium,True
NBO-0555,-1.234729,36.732582,permanent_masonry,RP250,250,0.004,28945000.0,0.0,none,0.0,0.010072650319974367,0.011668504119173724,0.0,0.0,0.0,0.85,0.0,0.0,0.0,0.0,negligible,medium,True
NBO-0556,-1.196393,36.809098,concrete_rcc,RP250,250,0.004,521240000.0,0.0,none,0.0,0.007739057985822021,0.005481445155460438,0.0,0.0,0.0,0.8,0.0,0.0,0.0,0.0,negligible,medium,True
NBO-0560,-1.255496,36.743072,semi_permanent,RP250,250,0.004,5635000.0,0.0,none,0.0,0.008570595934002927,0.006953448232418022,0.0,0.0,0.0,0.9,0.0,0.0,0.0,0.0,negligible,medium,True
NBO-0562,-1.315337,36.709384,informal_iron_sheet,RP250,250,0.004,520000.0,0.0,none,0.0,0.07097103586384518,0.041950910232168945,0.0,0.0,0.0,0.95,0.0,0.0,0.0,0.0,negligible,medium,True
NBO-0565,-1.343686,36.759716,informal_iron_sheet,RP250,250,0.004,410000.0,0.0,none,0.0,0.08335428970164446,0.036332309853557246,0.0,0.0,0.0,0.95,0.0,0.0,0.0,0.0,negligible,medium,True
NBO-0566,-1.263318,36.733818,semi_permanent,RP250,250,0.004,5305000.0,0.0,none,0.0,0.3172705591411652,0.11273384036062704,0.0,0.0,0.0,0.9,0.0,0.0,0.0,0.0,negligible,medium,True
NBO-0567,-1.182158,36.710157,informal_iron_sheet,RP250,250,0.004,2375000.0,0.0,none,0.0,4.8003633586931294e-05,0.00027895982326351434,0.0,0.0,0.0,0.95,0.0,0.0,0.0,0.0,negligible,medium,True
NBO-0570,-1.301884,36.762107,permanent_masonry,RP250,250,0.004,59055000.0,0.0,none,0.0,0.3750124849815691,0.11575195911464398,0.0,0.0,0.0,0.85,0.0,0.0,0.0,0.0,negligible,medium,True
NBO-0574,-1.328134,36.729186,semi_permanent,RP250,250,0.004,6125000.0,0.0,none,0.0,0.01258714505793947,0.007835491684287625,0.0,0.0,0.0,0.9,0.0,0.0,0.0,0.0,negligible,medium,True
NBO-0580,-1.184273,36.742328,informal_iron_sheet,RP250,250,0.004,1260000.0,0.0,none,0.0,0.023917093602986737,0.013431174167875681,0.0,0.0,0.0,0.95,0.0,0.0,0.0,0.0,negligible,medium,True
NBO-0581,-1.223779,36.773558,informal_iron_sheet,RP250,250,0.004,855000.0,0.0,none,0.0,0.10000794851846011,0.04331487098116012,0.0,0.0,0.0,0.95,0.0,0.0,0.0,0.0,negligible,medium,True
NBO-0584,-1.337643,36.82649,informal_iron_sheet,RP250,250,0.004,1585000.0,0.0,none,0.0,0.044992825539371076,0.024557172308783362,0.0,0.0,0.0,0.95,0.0,0.0,0.0,0.0,negligible,medium,True
NBO-0585,-1.267538,36.730176,permanent_masonry,RP250,250,0.004,57585000.0,0.0,none,0.0,0.49019770807232627,0.127940676055766,0.0,0.0,0.0,0.85,0.0,0.0,0.0,0.0,negligible,medium,True
NBO-0587,-1.230529,36.707301,semi_permanent,RP250,250,0.004,3810000.0,0.0,none,0.0,0.0001100361633477345,0.0004360318567783023,0.0,0.0,0.0,0.9,0.0,0.0,0.0,0.0,negligible,medium,True
NBO-0589,-1.303936,36.77295,concrete_rcc,RP250,250,0.004,767380000.0,0.0,none,0.0,0.4739099354693274,0.1495250063973521,0.0,0.0,0.0,0.8,0.0,0.0,0.0,0.0,negligible,medium,True
NBO-0590,-1.284527,36.892554,permanent_masonry,RP250,250,0.004,50695000.0,0.0,none,0.0,0.39692008479305313,0.11397505378809582,0.0,0.0,0.0,0.85,0.0,0.0,0.0,0.0,negligible,medium,True
NBO-0597,-1.296252,36.788082,informal_iron_sheet,RP250,250,0.004,780000.0,0.0,none,0.0,0.1440085926258712,0.05825246378222324,0.0,0.0,0.0,0.95,0.0,0.0,0.0,0.0,negligible,medium,True
NBO-0599,-1.298736,36.871765,concrete_rcc,RP250,250,0.004,704215000.0,0.0,none,0.0,0.11263786116090264,0.059325563835589804,0.0,0.0,0.0,0.8,0.0,0.0,0.0,0.0,negligible,medium,True
